as_at,contract_month,implied_yield
2025-01-02,2025-01-01,4.33
2025-01-02,2025-02-01,4.28
2025-01-02,2025-03-01,4.17
2025-01-02,2025-04-01,4.0
2025-01-02,2025-05-01,3.94
2025-01-02,2025-06-01,3.83
2025-01-02,2025-07-01,3.79
2025-01-02,2025-08-01,3.73
2025-01-02,2025-09-01,3.69
2025-01-02,2025-10-01,3.62
2025-01-02,2025-11-01,3.59
2025-01-02,2025-12-01,3.56
2025-01-02,2026-01-01,3.55
2025-01-02,2026-02-01,3.53
2025-01-02,2026-03-01,3.53
2025-01-02,2026-04-01,3.53
2025-01-02,2026-05-01,3.53
2025-01-02,2026-06-01,3.53
2025-01-03,2025-01-01,4.33
2025-01-03,2025-02-01,4.28
2025-01-03,2025-03-01,4.16
2025-01-03,2025-04-01,4.0
2025-01-03,2025-05-01,3.93
2025-01-03,2025-06-01,3.83
2025-01-03,2025-07-01,3.78
2025-01-03,2025-08-01,3.72
2025-01-03,2025-09-01,3.67
2025-01-03,2025-10-01,3.61
2025-01-03,2025-11-01,3.56
2025-01-03,2025-12-01,3.53
2025-01-03,2026-01-01,3.52
2025-01-03,2026-02-01,3.5
2025-01-03,2026-03-01,3.5
2025-01-03,2026-04-01,3.49
2025-01-03,2026-05-01,3.49
2025-01-03,2026-06-01,3.5
2025-01-06,2025-01-01,4.33
2025-01-06,2025-02-01,4.28
2025-01-06,2025-03-01,4.17
2025-01-06,2025-04-01,4.04
2025-01-06,2025-05-01,3.98
2025-01-06,2025-06-01,3.87
2025-01-06,2025-07-01,3.83
2025-01-06,2025-08-01,3.77
2025-01-06,2025-09-01,3.73
2025-01-06,2025-10-01,3.67
2025-01-06,2025-11-01,3.63
2025-01-06,2025-12-01,3.59
2025-01-06,2026-01-01,3.58
2025-01-06,2026-02-01,3.57
2025-01-06,2026-03-01,3.56
2025-01-06,2026-04-01,3.56
2025-01-06,2026-05-01,3.57
2025-01-06,2026-06-01,3.58
2025-01-07,2025-01-01,4.33
2025-01-07,2025-02-01,4.28
2025-01-07,2025-03-01,4.17
2025-01-07,2025-04-01,4.05
2025-01-07,2025-05-01,3.98
2025-01-07,2025-06-01,3.89
2025-01-07,2025-07-01,3.85
2025-01-07,2025-08-01,3.78
2025-01-07,2025-09-01,3.75
2025-01-07,2025-10-01,3.7
2025-01-07,2025-11-01,3.66
2025-01-07,2025-12-01,3.63
2025-01-07,2026-01-01,3.62
2025-01-07,2026-02-01,3.61
2025-01-07,2026-03-01,3.61
2025-01-07,2026-04-01,3.61
2025-01-07,2026-05-01,3.61
2025-01-07,2026-06-01,3.62
2025-01-08,2025-01-01,4.33
2025-01-08,2025-02-01,4.27
2025-01-08,2025-03-01,4.14
2025-01-08,2025-04-01,4.03
2025-01-08,2025-05-01,3.95
2025-01-08,2025-06-01,3.86
2025-01-08,2025-07-01,3.82
2025-01-08,2025-08-01,3.75
2025-01-08,2025-09-01,3.72
2025-01-08,2025-10-01,3.67
2025-01-08,2025-11-01,3.64
2025-01-08,2025-12-01,3.61
2025-01-08,2026-01-01,3.59
2025-01-08,2026-02-01,3.58
2025-01-08,2026-03-01,3.58
2025-01-08,2026-04-01,3.58
2025-01-08,2026-05-01,3.59
2025-01-08,2026-06-01,3.59
2025-01-09,2025-01-01,4.33
2025-01-09,2025-02-01,4.27
2025-01-09,2025-03-01,4.14
2025-01-09,2025-04-01,4.03
2025-01-09,2025-05-01,3.97
2025-01-09,2025-06-01,3.85
2025-01-09,2025-07-01,3.81
2025-01-09,2025-08-01,3.73
2025-01-09,2025-09-01,3.7
2025-01-09,2025-10-01,3.65
2025-01-09,2025-11-01,3.61
2025-01-09,2025-12-01,3.58
2025-01-09,2026-01-01,3.58
2025-01-09,2026-02-01,3.56
2025-01-09,2026-03-01,3.55
2025-01-09,2026-04-01,3.55
2025-01-09,2026-05-01,3.55
2025-01-09,2026-06-01,3.56
2025-01-10,2025-01-01,4.33
2025-01-10,2025-02-01,4.27
2025-01-10,2025-03-01,4.14
2025-01-10,2025-04-01,4.04
2025-01-10,2025-05-01,3.97
2025-01-10,2025-06-01,3.87
2025-01-10,2025-07-01,3.83
2025-01-10,2025-08-01,3.76
2025-01-10,2025-09-01,3.72
2025-01-10,2025-10-01,3.67
2025-01-10,2025-11-01,3.64
2025-01-10,2025-12-01,3.61
2025-01-10,2026-01-01,3.59
2025-01-10,2026-02-01,3.58
2025-01-10,2026-03-01,3.58
2025-01-10,2026-04-01,3.57
2025-01-10,2026-05-01,3.58
2025-01-10,2026-06-01,3.59
2025-01-13,2025-01-01,4.33
2025-01-13,2025-02-01,4.28
2025-01-13,2025-03-01,4.17
2025-01-13,2025-04-01,4.08
2025-01-13,2025-05-01,4.03
2025-01-13,2025-06-01,3.95
2025-01-13,2025-07-01,3.92
2025-01-13,2025-08-01,3.86
2025-01-13,2025-09-01,3.82
2025-01-13,2025-10-01,3.78
2025-01-13,2025-11-01,3.75
2025-01-13,2025-12-01,3.73
2025-01-13,2026-01-01,3.72
2025-01-13,2026-02-01,3.7
2025-01-13,2026-03-01,3.7
2025-01-13,2026-04-01,3.7
2025-01-13,2026-05-01,3.71
2025-01-13,2026-06-01,3.72
2025-01-14,2025-01-01,4.33
2025-01-14,2025-02-01,4.28
2025-01-14,2025-03-01,4.17
2025-01-14,2025-04-01,4.08
2025-01-14,2025-05-01,4.03
2025-01-14,2025-06-01,3.94
2025-01-14,2025-07-01,3.92
2025-01-14,2025-08-01,3.85
2025-01-14,2025-09-01,3.81
2025-01-14,2025-10-01,3.77
2025-01-14,2025-11-01,3.75
2025-01-14,2025-12-01,3.72
2025-01-14,2026-01-01,3.72
2025-01-14,2026-02-01,3.7
2025-01-14,2026-03-01,3.7
2025-01-14,2026-04-01,3.7
2025-01-14,2026-05-01,3.71
2025-01-14,2026-06-01,3.72
2025-01-15,2025-01-01,4.33
2025-01-15,2025-02-01,4.28
2025-01-15,2025-03-01,4.16
2025-01-15,2025-04-01,4.08
2025-01-15,2025-05-01,4.03
2025-01-15,2025-06-01,3.94
2025-01-15,2025-07-01,3.92
2025-01-15,2025-08-01,3.85
2025-01-15,2025-09-01,3.81
2025-01-15,2025-10-01,3.78
2025-01-15,2025-11-01,3.75
2025-01-15,2025-12-01,3.72
2025-01-15,2026-01-01,3.72
2025-01-15,2026-02-01,3.7
2025-01-15,2026-03-01,3.7
2025-01-15,2026-04-01,3.7
2025-01-15,2026-05-01,3.72
2025-01-15,2026-06-01,3.72
2025-01-16,2025-01-01,4.33
2025-01-16,2025-02-01,4.28
2025-01-16,2025-03-01,4.16
2025-01-16,2025-04-01,4.06
2025-01-16,2025-05-01,4.0
2025-01-16,2025-06-01,3.91
2025-01-16,2025-07-01,3.86
2025-01-16,2025-08-01,3.78
2025-01-16,2025-09-01,3.75
2025-01-16,2025-10-01,3.7
2025-01-16,2025-11-01,3.67
2025-01-16,2025-12-01,3.64
2025-01-16,2026-01-01,3.64
2025-01-16,2026-02-01,3.62
2025-01-16,2026-03-01,3.62
2025-01-16,2026-04-01,3.61
2025-01-16,2026-05-01,3.62
2025-01-16,2026-06-01,3.62
2025-01-17,2025-01-01,4.33
2025-01-17,2025-02-01,4.28
2025-01-17,2025-03-01,4.17
2025-01-17,2025-04-01,4.07
2025-01-17,2025-05-01,4.02
2025-01-17,2025-06-01,3.92
2025-01-17,2025-07-01,3.88
2025-01-17,2025-08-01,3.8
2025-01-17,2025-09-01,3.75
2025-01-17,2025-10-01,3.72
2025-01-17,2025-11-01,3.69
2025-01-17,2025-12-01,3.67
2025-01-17,2026-01-01,3.67
2025-01-17,2026-02-01,3.66
2025-01-17,2026-03-01,3.65
2025-01-17,2026-04-01,3.64
2025-01-17,2026-05-01,3.64
2025-01-17,2026-06-01,3.65
2025-01-20,2025-01-01,4.33
2025-01-20,2025-02-01,4.28
2025-01-20,2025-03-01,4.17
2025-01-20,2025-04-01,4.07
2025-01-20,2025-05-01,4.02
2025-01-20,2025-06-01,3.91
2025-01-20,2025-07-01,3.86
2025-01-20,2025-08-01,3.79
2025-01-20,2025-09-01,3.75
2025-01-20,2025-10-01,3.7
2025-01-20,2025-11-01,3.67
2025-01-20,2025-12-01,3.65
2025-01-20,2026-01-01,3.64
2025-01-20,2026-02-01,3.62
2025-01-20,2026-03-01,3.62
2025-01-20,2026-04-01,3.61
2025-01-20,2026-05-01,3.62
2025-01-20,2026-06-01,3.62
2025-01-21,2025-01-01,4.33
2025-01-21,2025-02-01,4.27
2025-01-21,2025-03-01,4.16
2025-01-21,2025-04-01,4.06
2025-01-21,2025-05-01,4.0
2025-01-21,2025-06-01,3.89
2025-01-21,2025-07-01,3.84
2025-01-21,2025-08-01,3.76
2025-01-21,2025-09-01,3.72
2025-01-21,2025-10-01,3.66
2025-01-21,2025-11-01,3.64
2025-01-21,2025-12-01,3.61
2025-01-21,2026-01-01,3.6
2025-01-21,2026-02-01,3.58
2025-01-21,2026-03-01,3.58
2025-01-21,2026-04-01,3.58
2025-01-21,2026-05-01,3.58
2025-01-21,2026-06-01,3.58
2025-01-22,2025-01-01,4.33
2025-01-22,2025-02-01,4.27
2025-01-22,2025-03-01,4.16
2025-01-22,2025-04-01,4.06
2025-01-22,2025-05-01,4.0
2025-01-22,2025-06-01,3.89
2025-01-22,2025-07-01,3.86
2025-01-22,2025-08-01,3.78
2025-01-22,2025-09-01,3.73
2025-01-22,2025-10-01,3.69
2025-01-22,2025-11-01,3.67
2025-01-22,2025-12-01,3.64
2025-01-22,2026-01-01,3.63
2025-01-22,2026-02-01,3.61
2025-01-22,2026-03-01,3.61
2025-01-22,2026-04-01,3.61
2025-01-22,2026-05-01,3.61
2025-01-22,2026-06-01,3.62
2025-01-23,2025-01-01,4.33
2025-01-23,2025-02-01,4.27
2025-01-23,2025-03-01,4.15
2025-01-23,2025-04-01,4.06
2025-01-23,2025-05-01,4.0
2025-01-23,2025-06-01,3.89
2025-01-23,2025-07-01,3.85
2025-01-23,2025-08-01,3.78
2025-01-23,2025-09-01,3.73
2025-01-23,2025-10-01,3.69
2025-01-23,2025-11-01,3.66
2025-01-23,2025-12-01,3.63
2025-01-23,2026-01-01,3.62
2025-01-23,2026-02-01,3.61
2025-01-23,2026-03-01,3.6
2025-01-23,2026-04-01,3.6
2025-01-23,2026-05-01,3.61
2025-01-23,2026-06-01,3.61
2025-01-24,2025-01-01,4.33
2025-01-24,2025-02-01,4.27
2025-01-24,2025-03-01,4.14
2025-01-24,2025-04-01,4.05
2025-01-24,2025-05-01,3.99
2025-01-24,2025-06-01,3.88
2025-01-24,2025-07-01,3.83
2025-01-24,2025-08-01,3.75
2025-01-24,2025-09-01,3.71
2025-01-24,2025-10-01,3.67
2025-01-24,2025-11-01,3.64
2025-01-24,2025-12-01,3.61
2025-01-24,2026-01-01,3.61
2025-01-24,2026-02-01,3.59
2025-01-24,2026-03-01,3.58
2025-01-24,2026-04-01,3.58
2025-01-24,2026-05-01,3.58
2025-01-24,2026-06-01,3.59
2025-01-27,2025-01-01,4.33
2025-01-27,2025-02-01,4.27
2025-01-27,2025-03-01,4.14
2025-01-27,2025-04-01,4.06
2025-01-27,2025-05-01,4.0
2025-01-27,2025-06-01,3.88
2025-01-27,2025-07-01,3.83
2025-01-27,2025-08-01,3.75
2025-01-27,2025-09-01,3.7
2025-01-27,2025-10-01,3.66
2025-01-27,2025-11-01,3.64
2025-01-27,2025-12-01,3.61
2025-01-27,2026-01-01,3.6
2025-01-27,2026-02-01,3.58
2025-01-27,2026-03-01,3.58
2025-01-27,2026-04-01,3.58
2025-01-27,2026-05-01,3.58
2025-01-27,2026-06-01,3.58
2025-01-28,2025-01-01,4.33
2025-01-28,2025-02-01,4.27
2025-01-28,2025-03-01,4.14
2025-01-28,2025-04-01,4.04
2025-01-28,2025-05-01,3.97
2025-01-28,2025-06-01,3.84
2025-01-28,2025-07-01,3.79
2025-01-28,2025-08-01,3.7
2025-01-28,2025-09-01,3.66
2025-01-28,2025-10-01,3.62
2025-01-28,2025-11-01,3.58
2025-01-28,2025-12-01,3.56
2025-01-28,2026-01-01,3.55
2025-01-28,2026-02-01,3.53
2025-01-28,2026-03-01,3.53
2025-01-28,2026-04-01,3.53
2025-01-28,2026-05-01,3.53
2025-01-28,2026-06-01,3.53
2025-01-29,2025-01-01,4.33
2025-01-29,2025-02-01,4.25
2025-01-29,2025-03-01,4.11
2025-01-29,2025-04-01,4.0
2025-01-29,2025-05-01,3.92
2025-01-29,2025-06-01,3.79
2025-01-29,2025-07-01,3.73
2025-01-29,2025-08-01,3.64
2025-01-29,2025-09-01,3.6
2025-01-29,2025-10-01,3.55
2025-01-29,2025-11-01,3.51
2025-01-29,2025-12-01,3.49
2025-01-29,2026-01-01,3.48
2025-01-29,2026-02-01,3.47
2025-01-29,2026-03-01,3.47
2025-01-29,2026-04-01,3.47
2025-01-29,2026-05-01,3.47
2025-01-29,2026-06-01,3.48
2025-01-30,2025-01-01,4.33
2025-01-30,2025-02-01,4.25
2025-01-30,2025-04-01,4.0
2025-01-30,2025-05-01,3.92
2025-01-30,2025-06-01,3.79
2025-01-30,2025-07-01,3.74
2025-01-30,2025-08-01,3.64
2025-01-30,2025-09-01,3.58
2025-01-30,2025-10-01,3.55
2025-01-30,2025-11-01,3.51
2025-01-30,2025-12-01,3.49
2025-01-30,2026-01-01,3.48
2025-01-30,2026-02-01,3.47
2025-01-30,2026-03-01,3.47
2025-01-30,2026-04-01,3.47
2025-01-30,2026-05-01,3.47
2025-01-31,2025-01-01,4.33
2025-01-31,2025-02-01,4.25
2025-01-31,2025-03-01,4.1
2025-01-31,2025-04-01,4.0
2025-01-31,2025-05-01,3.92
2025-01-31,2025-06-01,3.81
2025-01-31,2025-07-01,3.75
2025-01-31,2025-08-01,3.64
2025-01-31,2025-09-01,3.59
2025-01-31,2025-10-01,3.56
2025-01-31,2025-11-01,3.53
2025-01-31,2025-12-01,3.5
2025-01-31,2026-01-01,3.5
2025-01-31,2026-02-01,3.48
2025-01-31,2026-03-01,3.48
2025-01-31,2026-04-01,3.47
2025-01-31,2026-05-01,3.47
2025-01-31,2026-06-01,3.48
2025-02-03,2025-02-01,4.25
2025-02-03,2025-03-01,4.1
2025-02-03,2025-04-01,3.97
2025-02-03,2025-05-01,3.89
2025-02-03,2025-06-01,3.75
2025-02-03,2025-07-01,3.72
2025-02-03,2025-08-01,3.61
2025-02-03,2025-09-01,3.55
2025-02-03,2025-10-01,3.5
2025-02-03,2025-11-01,3.47
2025-02-03,2025-12-01,3.44
2025-02-03,2026-01-01,3.44
2025-02-03,2026-02-01,3.42
2025-02-03,2026-03-01,3.42
2025-02-03,2026-04-01,3.42
2025-02-03,2026-05-01,3.42
2025-02-03,2026-06-01,3.42
2025-02-03,2026-07-01,3.43
2025-02-04,2025-02-01,4.25
2025-02-04,2025-03-01,4.11
2025-02-04,2025-04-01,3.99
2025-02-04,2025-05-01,3.92
2025-02-04,2025-06-01,3.78
2025-02-04,2025-07-01,3.72
2025-02-04,2025-08-01,3.61
2025-02-04,2025-09-01,3.56
2025-02-04,2025-10-01,3.52
2025-02-04,2025-11-01,3.49
2025-02-04,2025-12-01,3.47
2025-02-04,2026-01-01,3.46
2025-02-04,2026-02-01,3.45
2025-02-04,2026-03-01,3.44
2025-02-04,2026-04-01,3.44
2025-02-04,2026-05-01,3.44
2025-02-04,2026-06-01,3.44
2025-02-04,2026-07-01,3.45
2025-02-05,2025-02-01,4.25
2025-02-05,2025-03-01,4.11
2025-02-05,2025-04-01,4.0
2025-02-05,2025-05-01,3.92
2025-02-05,2025-06-01,3.78
2025-02-05,2025-07-01,3.72
2025-02-05,2025-08-01,3.61
2025-02-05,2025-09-01,3.56
2025-02-05,2025-10-01,3.52
2025-02-05,2025-11-01,3.48
2025-02-05,2025-12-01,3.45
2025-02-05,2026-01-01,3.45
2025-02-05,2026-02-01,3.44
2025-02-05,2026-03-01,3.43
2025-02-05,2026-04-01,3.42
2025-02-05,2026-05-01,3.42
2025-02-05,2026-06-01,3.43
2025-02-05,2026-07-01,3.44
2025-02-06,2025-02-01,4.25
2025-02-06,2025-03-01,4.1
2025-02-06,2025-04-01,4.0
2025-02-06,2025-05-01,3.92
2025-02-06,2025-06-01,3.78
2025-02-06,2025-07-01,3.72
2025-02-06,2025-08-01,3.6
2025-02-06,2025-09-01,3.55
2025-02-06,2025-10-01,3.51
2025-02-06,2025-11-01,3.47
2025-02-06,2025-12-01,3.44
2025-02-06,2026-01-01,3.44
2025-02-06,2026-02-01,3.42
2025-02-06,2026-03-01,3.42
2025-02-06,2026-04-01,3.41
2025-02-06,2026-05-01,3.41
2025-02-06,2026-06-01,3.41
2025-02-06,2026-07-01,3.42
2025-02-07,2025-02-01,4.25
2025-02-07,2025-03-01,4.11
2025-02-07,2025-04-01,4.01
2025-02-07,2025-05-01,3.93
2025-02-07,2025-06-01,3.8
2025-02-07,2025-07-01,3.75
2025-02-07,2025-08-01,3.64
2025-02-07,2025-09-01,3.58
2025-02-07,2025-10-01,3.55
2025-02-07,2025-11-01,3.5
2025-02-07,2025-12-01,3.48
2025-02-07,2026-01-01,3.47
2025-02-07,2026-02-01,3.46
2025-02-07,2026-03-01,3.45
2025-02-07,2026-04-01,3.45
2025-02-07,2026-05-01,3.45
2025-02-07,2026-06-01,3.45
2025-02-07,2026-07-01,3.45
2025-02-10,2025-02-01,4.25
2025-02-10,2025-03-01,4.11
2025-02-10,2025-04-01,4.02
2025-02-10,2025-05-01,3.94
2025-02-10,2025-06-01,3.83
2025-02-10,2025-07-01,3.78
2025-02-10,2025-08-01,3.67
2025-02-10,2025-09-01,3.61
2025-02-10,2025-10-01,3.58
2025-02-10,2025-11-01,3.55
2025-02-10,2025-12-01,3.52
2025-02-10,2026-01-01,3.51
2025-02-10,2026-02-01,3.5
2025-02-10,2026-03-01,3.5
2025-02-10,2026-04-01,3.49
2025-02-10,2026-05-01,3.5
2025-02-10,2026-06-01,3.5
2025-02-10,2026-07-01,3.5
2025-02-11,2025-02-01,4.25
2025-02-11,2025-03-01,4.11
2025-02-11,2025-04-01,4.03
2025-02-11,2025-05-01,3.94
2025-02-11,2025-06-01,3.83
2025-02-11,2025-07-01,3.78
2025-02-11,2025-08-01,3.67
2025-02-11,2025-09-01,3.61
2025-02-11,2025-10-01,3.58
2025-02-11,2025-11-01,3.55
2025-02-11,2025-12-01,3.52
2025-02-11,2026-01-01,3.51
2025-02-11,2026-02-01,3.5
2025-02-11,2026-03-01,3.5
2025-02-11,2026-04-01,3.49
2025-02-11,2026-05-01,3.5
2025-02-11,2026-06-01,3.5
2025-02-11,2026-07-01,3.5
2025-02-12,2025-02-01,4.26
2025-02-12,2025-03-01,4.12
2025-02-12,2025-04-01,4.04
2025-02-12,2025-05-01,3.97
2025-02-12,2025-06-01,3.86
2025-02-12,2025-07-01,3.81
2025-02-12,2025-08-01,3.71
2025-02-12,2025-09-01,3.66
2025-02-12,2025-10-01,3.63
2025-02-12,2025-11-01,3.59
2025-02-12,2025-12-01,3.57
2025-02-12,2026-01-01,3.56
2025-02-12,2026-02-01,3.55
2025-02-12,2026-03-01,3.55
2025-02-12,2026-04-01,3.55
2025-02-12,2026-05-01,3.56
2025-02-12,2026-06-01,3.56
2025-02-12,2026-07-01,3.57
2025-02-13,2025-02-01,4.26
2025-02-13,2025-03-01,4.12
2025-02-13,2025-04-01,4.04
2025-02-13,2025-05-01,3.98
2025-02-13,2025-06-01,3.87
2025-02-13,2025-07-01,3.81
2025-02-13,2025-08-01,3.72
2025-02-13,2025-09-01,3.67
2025-02-13,2025-10-01,3.64
2025-02-13,2025-11-01,3.61
2025-02-13,2025-12-01,3.58
2025-02-13,2026-01-01,3.57
2025-02-13,2026-02-01,3.56
2025-02-13,2026-03-01,3.56
2025-02-13,2026-04-01,3.56
2025-02-13,2026-05-01,3.56
2025-02-13,2026-06-01,3.57
2025-02-13,2026-07-01,3.58
2025-02-14,2025-02-01,4.26
2025-02-14,2025-03-01,4.12
2025-02-14,2025-04-01,4.04
2025-02-14,2025-05-01,3.97
2025-02-14,2025-06-01,3.86
2025-02-14,2025-07-01,3.81
2025-02-14,2025-08-01,3.71
2025-02-14,2025-09-01,3.67
2025-02-14,2025-10-01,3.64
2025-02-14,2025-11-01,3.6
2025-02-14,2025-12-01,3.58
2025-02-14,2026-01-01,3.56
2025-02-14,2026-02-01,3.56
2025-02-14,2026-03-01,3.55
2025-02-14,2026-04-01,3.56
2025-02-14,2026-05-01,3.56
2025-02-14,2026-06-01,3.56
2025-02-14,2026-07-01,3.57
2025-02-17,2025-02-01,4.26
2025-02-17,2025-03-01,4.12
2025-02-17,2025-04-01,4.04
2025-02-17,2025-05-01,3.97
2025-02-17,2025-06-01,3.87
2025-02-17,2025-07-01,3.83
2025-02-17,2025-08-01,3.73
2025-02-17,2025-09-01,3.69
2025-02-17,2025-10-01,3.66
2025-02-17,2025-11-01,3.63
2025-02-17,2025-12-01,3.6
2025-02-17,2026-01-01,3.59
2025-02-17,2026-02-01,3.58
2025-02-17,2026-03-01,3.58
2025-02-17,2026-04-01,3.58
2025-02-17,2026-05-01,3.59
2025-02-17,2026-06-01,3.59
2025-02-17,2026-07-01,3.6
2025-02-18,2025-02-01,4.25
2025-02-18,2025-03-01,4.08
2025-02-18,2025-04-01,4.04
2025-02-18,2025-05-01,3.98
2025-02-18,2025-06-01,3.89
2025-02-18,2025-07-01,3.88
2025-02-18,2025-08-01,3.78
2025-02-18,2025-09-01,3.73
2025-02-18,2025-10-01,3.72
2025-02-18,2025-11-01,3.69
2025-02-18,2025-12-01,3.66
2025-02-18,2026-01-01,3.65
2025-02-18,2026-02-01,3.64
2025-02-18,2026-03-01,3.64
2025-02-18,2026-04-01,3.64
2025-02-18,2026-05-01,3.64
2025-02-18,2026-06-01,3.65
2025-02-18,2026-07-01,3.66
2025-02-19,2025-02-01,4.25
2025-02-19,2025-03-01,4.08
2025-02-19,2025-04-01,4.05
2025-02-19,2025-05-01,3.98
2025-02-19,2025-06-01,3.89
2025-02-19,2025-07-01,3.86
2025-02-19,2025-08-01,3.78
2025-02-19,2025-09-01,3.72
2025-02-19,2025-10-01,3.7
2025-02-19,2025-11-01,3.68
2025-02-19,2025-12-01,3.65
2025-02-19,2026-01-01,3.64
2025-02-19,2026-02-01,3.64
2025-02-19,2026-03-01,3.64
2025-02-19,2026-04-01,3.64
2025-02-19,2026-05-01,3.65
2025-02-19,2026-06-01,3.66
2025-02-19,2026-07-01,3.66
2025-02-20,2025-02-01,4.25
2025-02-20,2025-03-01,4.08
2025-02-20,2025-04-01,4.05
2025-02-20,2025-05-01,4.0
2025-02-20,2025-06-01,3.91
2025-02-20,2025-07-01,3.88
2025-02-20,2025-08-01,3.8
2025-02-20,2025-09-01,3.75
2025-02-20,2025-10-01,3.72
2025-02-20,2025-11-01,3.69
2025-02-20,2025-12-01,3.67
2025-02-20,2026-01-01,3.66
2025-02-20,2026-02-01,3.66
2025-02-20,2026-03-01,3.66
2025-02-20,2026-04-01,3.67
2025-02-20,2026-05-01,3.67
2025-02-20,2026-06-01,3.67
2025-02-20,2026-07-01,3.67
2025-02-21,2025-02-01,4.25
2025-02-21,2025-03-01,4.08
2025-02-21,2025-04-01,4.05
2025-02-21,2025-05-01,4.0
2025-02-21,2025-06-01,3.9
2025-02-21,2025-07-01,3.88
2025-02-21,2025-08-01,3.8
2025-02-21,2025-09-01,3.75
2025-02-21,2025-10-01,3.71
2025-02-21,2025-11-01,3.69
2025-02-21,2025-12-01,3.65
2025-02-21,2026-01-01,3.64
2025-02-21,2026-02-01,3.64
2025-02-21,2026-03-01,3.64
2025-02-21,2026-04-01,3.64
2025-02-21,2026-05-01,3.65
2025-02-21,2026-06-01,3.65
2025-02-21,2026-07-01,3.66
2025-02-24,2025-02-01,4.25
2025-02-24,2025-03-01,4.08
2025-02-24,2025-04-01,4.05
2025-02-24,2025-05-01,3.99
2025-02-24,2025-06-01,3.89
2025-02-24,2025-07-01,3.86
2025-02-24,2025-08-01,3.75
2025-02-24,2025-09-01,3.7
2025-02-24,2025-10-01,3.67
2025-02-24,2025-11-01,3.62
2025-02-24,2025-12-01,3.59
2025-02-24,2026-01-01,3.58
2025-02-24,2026-02-01,3.59
2025-02-24,2026-03-01,3.58
2025-02-24,2026-04-01,3.58
2025-02-24,2026-05-01,3.58
2025-02-24,2026-06-01,3.58
2025-02-24,2026-07-01,3.59
2025-02-25,2025-02-01,4.25
2025-02-25,2025-03-01,4.08
2025-02-25,2025-04-01,4.05
2025-02-25,2025-05-01,3.98
2025-02-25,2025-06-01,3.88
2025-02-25,2025-07-01,3.84
2025-02-25,2025-08-01,3.73
2025-02-25,2025-09-01,3.67
2025-02-25,2025-10-01,3.64
2025-02-25,2025-11-01,3.59
2025-02-25,2025-12-01,3.56
2025-02-25,2026-01-01,3.55
2025-02-25,2026-02-01,3.54
2025-02-25,2026-03-01,3.54
2025-02-25,2026-04-01,3.53
2025-02-25,2026-05-01,3.53
2025-02-25,2026-06-01,3.53
2025-02-25,2026-07-01,3.53
2025-02-26,2025-02-01,4.25
2025-02-26,2025-03-01,4.08
2025-02-26,2025-04-01,4.05
2025-02-26,2025-05-01,4.0
2025-02-26,2025-06-01,3.89
2025-02-26,2025-07-01,3.83
2025-02-26,2025-08-01,3.72
2025-02-26,2025-09-01,3.67
2025-02-26,2025-10-01,3.63
2025-02-26,2025-11-01,3.58
2025-02-26,2025-12-01,3.55
2025-02-26,2026-01-01,3.53
2025-02-26,2026-02-01,3.53
2025-02-26,2026-03-01,3.52
2025-02-26,2026-04-01,3.52
2025-02-26,2026-05-01,3.51
2025-02-26,2026-06-01,3.51
2025-02-26,2026-07-01,3.52
2025-02-27,2025-02-01,4.25
2025-02-27,2025-03-01,4.08
2025-02-27,2025-04-01,4.06
2025-02-27,2025-05-01,4.0
2025-02-27,2025-06-01,3.9
2025-02-27,2025-07-01,3.84
2025-02-27,2025-08-01,3.72
2025-02-27,2025-09-01,3.67
2025-02-27,2025-10-01,3.63
2025-02-27,2025-11-01,3.58
2025-02-27,2025-12-01,3.55
2025-02-27,2026-01-01,3.53
2025-02-27,2026-02-01,3.53
2025-02-27,2026-03-01,3.52
2025-02-27,2026-04-01,3.52
2025-02-27,2026-05-01,3.51
2025-02-27,2026-06-01,3.51
2025-02-27,2026-07-01,3.52
2025-02-28,2025-02-01,4.25
2025-02-28,2025-03-01,4.08
2025-02-28,2025-04-01,4.06
2025-02-28,2025-05-01,4.0
2025-02-28,2025-06-01,3.89
2025-02-28,2025-07-01,3.82
2025-02-28,2025-08-01,3.7
2025-02-28,2025-09-01,3.63
2025-02-28,2025-10-01,3.59
2025-02-28,2025-11-01,3.54
2025-02-28,2025-12-01,3.5
2025-02-28,2026-01-01,3.49
2025-02-28,2026-02-01,3.47
2025-02-28,2026-03-01,3.47
2025-02-28,2026-04-01,3.45
2025-02-28,2026-05-01,3.45
2025-02-28,2026-06-01,3.44
2025-02-28,2026-07-01,3.44
2025-03-03,2025-03-01,4.08
2025-03-03,2025-04-01,4.06
2025-03-03,2025-05-01,4.0
2025-03-03,2025-06-01,3.91
2025-03-03,2025-07-01,3.83
2025-03-03,2025-08-01,3.7
2025-03-03,2025-09-01,3.64
2025-03-03,2025-10-01,3.61
2025-03-03,2025-11-01,3.55
2025-03-03,2025-12-01,3.52
2025-03-03,2026-01-01,3.5
2025-03-03,2026-02-01,3.49
2025-03-03,2026-03-01,3.48
2025-03-03,2026-04-01,3.47
2025-03-03,2026-05-01,3.47
2025-03-03,2026-06-01,3.47
2025-03-03,2026-07-01,3.47
2025-03-04,2025-03-01,4.08
2025-03-04,2025-04-01,4.04
2025-03-04,2025-05-01,3.97
2025-03-04,2025-06-01,3.87
2025-03-04,2025-07-01,3.78
2025-03-04,2025-08-01,3.64
2025-03-04,2025-09-01,3.58
2025-03-04,2025-10-01,3.55
2025-03-04,2025-11-01,3.5
2025-03-04,2025-12-01,3.46
2025-03-04,2026-01-01,3.44
2025-03-04,2026-02-01,3.42
2025-03-04,2026-03-01,3.42
2025-03-04,2026-04-01,3.42
2025-03-04,2026-05-01,3.41
2025-03-04,2026-06-01,3.41
2025-03-04,2026-07-01,3.41
2025-03-04,2026-08-01,3.42
2025-03-05,2025-03-01,4.08
2025-03-05,2025-04-01,4.06
2025-03-05,2025-05-01,3.99
2025-03-05,2025-06-01,3.89
2025-03-05,2025-07-01,3.8
2025-03-05,2025-08-01,3.67
2025-03-05,2025-09-01,3.61
2025-03-05,2025-10-01,3.56
2025-03-05,2025-11-01,3.5
2025-03-05,2025-12-01,3.47
2025-03-05,2026-01-01,3.47
2025-03-05,2026-02-01,3.45
2025-03-05,2026-03-01,3.44
2025-03-05,2026-04-01,3.44
2025-03-05,2026-05-01,3.44
2025-03-05,2026-06-01,3.44
2025-03-05,2026-07-01,3.44
2025-03-05,2026-08-01,3.44
2025-03-06,2025-03-01,4.08
2025-03-06,2025-04-01,4.06
2025-03-06,2025-05-01,4.0
2025-03-06,2025-06-01,3.91
2025-03-06,2025-07-01,3.83
2025-03-06,2025-08-01,3.7
2025-03-06,2025-09-01,3.64
2025-03-06,2025-10-01,3.61
2025-03-06,2025-11-01,3.55
2025-03-06,2025-12-01,3.52
2025-03-06,2026-01-01,3.52
2025-03-06,2026-02-01,3.5
2025-03-06,2026-03-01,3.5
2025-03-06,2026-04-01,3.5
2025-03-06,2026-05-01,3.5
2025-03-06,2026-06-01,3.5
2025-03-06,2026-07-01,3.51
2025-03-06,2026-08-01,3.52
2025-03-07,2025-03-01,4.08
2025-03-07,2025-04-01,4.06
2025-03-07,2025-05-01,4.0
2025-03-07,2025-06-01,3.89
2025-03-07,2025-07-01,3.81
2025-03-07,2025-08-01,3.67
2025-03-07,2025-09-01,3.6
2025-03-07,2025-10-01,3.55
2025-03-07,2025-11-01,3.48
2025-03-07,2025-12-01,3.45
2025-03-07,2026-01-01,3.45
2025-03-07,2026-02-01,3.44
2025-03-07,2026-03-01,3.42
2025-03-07,2026-04-01,3.42
2025-03-07,2026-05-01,3.42
2025-03-07,2026-06-01,3.42
2025-03-07,2026-07-01,3.42
2025-03-07,2026-08-01,3.42
2025-03-10,2025-03-01,4.08
2025-03-10,2025-04-01,4.06
2025-03-10,2025-05-01,4.0
2025-03-10,2025-06-01,3.89
2025-03-10,2025-07-01,3.82
2025-03-10,2025-08-01,3.69
2025-03-10,2025-09-01,3.61
2025-03-10,2025-10-01,3.56
2025-03-10,2025-11-01,3.5
2025-03-10,2025-12-01,3.47
2025-03-10,2026-01-01,3.47
2025-03-10,2026-02-01,3.45
2025-03-10,2026-03-01,3.45
2025-03-10,2026-04-01,3.44
2025-03-10,2026-05-01,3.44
2025-03-10,2026-06-01,3.44
2025-03-10,2026-07-01,3.44
2025-03-10,2026-08-01,3.45
2025-03-11,2025-03-01,4.08
2025-03-11,2025-04-01,4.06
2025-03-11,2025-05-01,3.98
2025-03-11,2025-06-01,3.88
2025-03-11,2025-07-01,3.8
2025-03-11,2025-08-01,3.66
2025-03-11,2025-09-01,3.58
2025-03-11,2025-10-01,3.53
2025-03-11,2025-11-01,3.44
2025-03-11,2025-12-01,3.42
2025-03-11,2026-01-01,3.41
2025-03-11,2026-02-01,3.39
2025-03-11,2026-03-01,3.38
2025-03-11,2026-04-01,3.36
2025-03-11,2026-05-01,3.36
2025-03-11,2026-06-01,3.36
2025-03-11,2026-07-01,3.36
2025-03-11,2026-08-01,3.37
2025-03-12,2025-03-01,4.08
2025-03-12,2025-04-01,4.06
2025-03-12,2025-05-01,3.99
2025-03-12,2025-06-01,3.89
2025-03-12,2025-07-01,3.81
2025-03-12,2025-08-01,3.67
2025-03-12,2025-09-01,3.61
2025-03-12,2025-10-01,3.53
2025-03-12,2025-11-01,3.46
2025-03-12,2025-12-01,3.43
2025-03-12,2026-01-01,3.42
2025-03-12,2026-02-01,3.4
2025-03-12,2026-03-01,3.39
2025-03-12,2026-04-01,3.38
2025-03-12,2026-05-01,3.38
2025-03-12,2026-06-01,3.38
2025-03-12,2026-07-01,3.39
2025-03-12,2026-08-01,3.39
2025-03-13,2025-03-01,4.08
2025-03-13,2025-04-01,4.06
2025-03-13,2025-05-01,4.0
2025-03-13,2025-06-01,3.89
2025-03-13,2025-07-01,3.83
2025-03-13,2025-08-01,3.69
2025-03-13,2025-09-01,3.62
2025-03-13,2025-10-01,3.56
2025-03-13,2025-11-01,3.47
2025-03-13,2025-12-01,3.44
2025-03-13,2026-01-01,3.44
2025-03-13,2026-02-01,3.42
2025-03-13,2026-03-01,3.41
2025-03-13,2026-04-01,3.41
2025-03-13,2026-05-01,3.41
2025-03-13,2026-06-01,3.41
2025-03-13,2026-07-01,3.41
2025-03-13,2026-08-01,3.42
2025-03-14,2025-03-01,4.08
2025-03-14,2025-04-01,4.06
2025-03-14,2025-05-01,4.0
2025-03-14,2025-06-01,3.9
2025-03-14,2025-07-01,3.81
2025-03-14,2025-08-01,3.69
2025-03-14,2025-09-01,3.61
2025-03-14,2025-10-01,3.54
2025-03-14,2025-11-01,3.45
2025-03-14,2025-12-01,3.42
2025-03-14,2026-01-01,3.42
2025-03-14,2026-02-01,3.4
2025-03-14,2026-03-01,3.39
2025-03-14,2026-04-01,3.38
2025-03-14,2026-05-01,3.38
2025-03-14,2026-06-01,3.39
2025-03-14,2026-07-01,3.39
2025-03-14,2026-08-01,3.39
2025-03-17,2025-03-01,4.08
2025-03-17,2025-04-01,4.06
2025-03-17,2025-05-01,4.0
2025-03-17,2025-06-01,3.9
2025-03-17,2025-07-01,3.83
2025-03-17,2025-08-01,3.69
2025-03-17,2025-09-01,3.64
2025-03-17,2025-10-01,3.56
2025-03-17,2025-11-01,3.47
2025-03-17,2025-12-01,3.44
2025-03-17,2026-01-01,3.44
2025-03-17,2026-02-01,3.42
2025-03-17,2026-03-01,3.41
2025-03-17,2026-04-01,3.4
2025-03-17,2026-05-01,3.39
2025-03-17,2026-06-01,3.4
2025-03-17,2026-07-01,3.4
2025-03-17,2026-08-01,3.41
2025-03-18,2025-03-01,4.08
2025-03-18,2025-04-01,4.06
2025-03-18,2025-05-01,4.01
2025-03-18,2025-06-01,3.91
2025-03-18,2025-07-01,3.84
2025-03-18,2025-08-01,3.72
2025-03-18,2025-09-01,3.65
2025-03-18,2025-10-01,3.58
2025-03-18,2025-11-01,3.49
2025-03-18,2025-12-01,3.46
2025-03-18,2026-01-01,3.45
2025-03-18,2026-02-01,3.44
2025-03-18,2026-03-01,3.42
2025-03-18,2026-04-01,3.41
2025-03-18,2026-05-01,3.41
2025-03-18,2026-06-01,3.41
2025-03-18,2026-07-01,3.41
2025-03-18,2026-08-01,3.42
2025-03-19,2025-03-01,4.08
2025-03-19,2025-04-01,4.07
2025-03-19,2025-05-01,4.01
2025-03-19,2025-06-01,3.92
2025-03-19,2025-07-01,3.86
2025-03-19,2025-08-01,3.73
2025-03-19,2025-09-01,3.66
2025-03-19,2025-10-01,3.58
2025-03-19,2025-11-01,3.5
2025-03-19,2025-12-01,3.47
2025-03-19,2026-01-01,3.47
2025-03-19,2026-02-01,3.44
2025-03-19,2026-03-01,3.43
2025-03-19,2026-04-01,3.42
2025-03-19,2026-05-01,3.42
2025-03-19,2026-06-01,3.42
2025-03-19,2026-07-01,3.42
2025-03-19,2026-08-01,3.43
2025-03-20,2025-03-01,4.08
2025-03-20,2025-04-01,4.06
2025-03-20,2025-05-01,4.0
2025-03-20,2025-06-01,3.9
2025-03-20,2025-07-01,3.84
2025-03-20,2025-08-01,3.7
2025-03-20,2025-09-01,3.63
2025-03-20,2025-10-01,3.55
2025-03-20,2025-11-01,3.47
2025-03-20,2025-12-01,3.43
2025-03-20,2026-01-01,3.42
2025-03-20,2026-02-01,3.4
2025-03-20,2026-03-01,3.39
2025-03-20,2026-04-01,3.37
2025-03-20,2026-05-01,3.36
2025-03-20,2026-06-01,3.36
2025-03-20,2026-07-01,3.37
2025-03-20,2026-08-01,3.38
2025-03-21,2025-03-01,4.08
2025-03-21,2025-04-01,4.06
2025-03-21,2025-05-01,4.0
2025-03-21,2025-06-01,3.89
2025-03-21,2025-07-01,3.83
2025-03-21,2025-08-01,3.7
2025-03-21,2025-09-01,3.63
2025-03-21,2025-10-01,3.55
2025-03-21,2025-11-01,3.45
2025-03-21,2025-12-01,3.42
2025-03-21,2026-01-01,3.42
2025-03-21,2026-02-01,3.39
2025-03-21,2026-03-01,3.39
2025-03-21,2026-04-01,3.38
2025-03-21,2026-05-01,3.36
2025-03-21,2026-06-01,3.36
2025-03-21,2026-07-01,3.37
2025-03-21,2026-08-01,3.38
2025-03-24,2025-03-01,4.08
2025-03-24,2025-04-01,4.07
2025-03-24,2025-05-01,4.0
2025-03-24,2025-06-01,3.89
2025-03-24,2025-07-01,3.83
2025-03-24,2025-08-01,3.69
2025-03-24,2025-09-01,3.62
2025-03-24,2025-10-01,3.53
2025-03-24,2025-11-01,3.44
2025-03-24,2025-12-01,3.41
2025-03-24,2026-01-01,3.4
2025-03-24,2026-02-01,3.38
2025-03-24,2026-03-01,3.36
2025-03-24,2026-04-01,3.35
2025-03-24,2026-05-01,3.34
2025-03-24,2026-06-01,3.33
2025-03-24,2026-07-01,3.34
2025-03-24,2026-08-01,3.34
2025-03-25,2025-03-01,4.08
2025-03-25,2025-04-01,4.07
2025-03-25,2025-05-01,4.02
2025-03-25,2025-06-01,3.91
2025-03-25,2025-07-01,3.84
2025-03-25,2025-08-01,3.7
2025-03-25,2025-09-01,3.64
2025-03-25,2025-10-01,3.55
2025-03-25,2025-11-01,3.45
2025-03-25,2025-12-01,3.43
2025-03-25,2026-01-01,3.42
2025-03-25,2026-02-01,3.4
2025-03-25,2026-03-01,3.39
2025-03-25,2026-04-01,3.36
2025-03-25,2026-05-01,3.36
2025-03-25,2026-06-01,3.36
2025-03-25,2026-07-01,3.36
2025-03-25,2026-08-01,3.36
2025-03-26,2025-03-01,4.08
2025-03-26,2025-04-01,4.07
2025-03-26,2025-05-01,4.01
2025-03-26,2025-06-01,3.92
2025-03-26,2025-07-01,3.86
2025-03-26,2025-08-01,3.73
2025-03-26,2025-09-01,3.67
2025-03-26,2025-10-01,3.58
2025-03-26,2025-11-01,3.49
2025-03-26,2025-12-01,3.47
2025-03-26,2026-01-01,3.47
2025-03-26,2026-02-01,3.44
2025-03-26,2026-03-01,3.42
2025-03-26,2026-04-01,3.41
2025-03-26,2026-05-01,3.4
2025-03-26,2026-06-01,3.4
2025-03-26,2026-07-01,3.4
2025-03-26,2026-08-01,3.41
2025-03-27,2025-03-01,4.08
2025-03-27,2025-04-01,4.07
2025-03-27,2025-05-01,4.01
2025-03-27,2025-06-01,3.92
2025-03-27,2025-07-01,3.86
2025-03-27,2025-08-01,3.74
2025-03-27,2025-09-01,3.67
2025-03-27,2025-10-01,3.61
2025-03-27,2025-11-01,3.51
2025-03-27,2025-12-01,3.48
2025-03-27,2026-01-01,3.48
2025-03-27,2026-02-01,3.45
2025-03-27,2026-03-01,3.44
2025-03-27,2026-04-01,3.42
2025-03-27,2026-05-01,3.41
2025-03-27,2026-06-01,3.41
2025-03-27,2026-07-01,3.41
2025-03-27,2026-08-01,3.42
2025-03-28,2025-03-01,4.08
2025-03-28,2025-04-01,4.07
2025-03-28,2025-05-01,4.0
2025-03-28,2025-06-01,3.91
2025-03-28,2025-07-01,3.86
2025-03-28,2025-08-01,3.73
2025-03-28,2025-09-01,3.67
2025-03-28,2025-10-01,3.58
2025-03-28,2025-11-01,3.48
2025-03-28,2025-12-01,3.45
2025-03-28,2026-01-01,3.45
2025-03-28,2026-02-01,3.42
2025-03-28,2026-03-01,3.41
2025-03-28,2026-04-01,3.39
2025-03-28,2026-05-01,3.38
2025-03-28,2026-06-01,3.38
2025-03-28,2026-07-01,3.38
2025-03-28,2026-08-01,3.38
2025-03-31,2025-03-01,4.08
2025-03-31,2025-04-01,4.06
2025-03-31,2025-05-01,4.0
2025-03-31,2025-06-01,3.88
2025-03-31,2025-07-01,3.82
2025-03-31,2025-08-01,3.69
2025-03-31,2025-09-01,3.62
2025-03-31,2025-10-01,3.53
2025-03-31,2025-11-01,3.42
2025-03-31,2025-12-01,3.39
2025-03-31,2026-01-01,3.39
2025-03-31,2026-02-01,3.35
2025-03-31,2026-03-01,3.33
2025-03-31,2026-04-01,3.32
2025-03-31,2026-05-01,3.31
2025-03-31,2026-06-01,3.31
2025-03-31,2026-07-01,3.31
2025-03-31,2026-08-01,3.31
2025-04-01,2025-04-01,4.08
2025-04-01,2025-05-01,4.02
2025-04-01,2025-06-01,3.89
2025-04-01,2025-07-01,3.83
2025-04-01,2025-08-01,3.69
2025-04-01,2025-09-01,3.62
2025-04-01,2025-10-01,3.54
2025-04-01,2025-11-01,3.42
2025-04-01,2025-12-01,3.39
2025-04-01,2026-01-01,3.39
2025-04-01,2026-02-01,3.35
2025-04-01,2026-03-01,3.33
2025-04-01,2026-04-01,3.32
2025-04-01,2026-05-01,3.31
2025-04-01,2026-06-01,3.31
2025-04-01,2026-07-01,3.31
2025-04-01,2026-08-01,3.31
2025-04-01,2026-09-01,3.32
2025-04-02,2025-04-01,4.09
2025-04-02,2025-05-01,4.02
2025-04-02,2025-06-01,3.89
2025-04-02,2025-07-01,3.83
2025-04-02,2025-08-01,3.69
2025-04-02,2025-09-01,3.62
2025-04-02,2025-10-01,3.53
2025-04-02,2025-11-01,3.41
2025-04-02,2025-12-01,3.38
2025-04-02,2026-01-01,3.37
2025-04-02,2026-02-01,3.34
2025-04-02,2026-03-01,3.33
2025-04-02,2026-04-01,3.31
2025-04-02,2026-05-01,3.3
2025-04-02,2026-06-01,3.3
2025-04-02,2026-07-01,3.3
2025-04-02,2026-08-01,3.3
2025-04-02,2026-09-01,3.3
2025-04-03,2025-04-01,4.08
2025-04-03,2025-05-01,4.0
2025-04-03,2025-06-01,3.85
2025-04-03,2025-07-01,3.76
2025-04-03,2025-08-01,3.59
2025-04-03,2025-09-01,3.5
2025-04-03,2025-10-01,3.42
2025-04-03,2025-11-01,3.29
2025-04-03,2025-12-01,3.25
2025-04-03,2026-01-01,3.23
2025-04-03,2026-02-01,3.19
2025-04-03,2026-03-01,3.17
2025-04-03,2026-04-01,3.15
2025-04-03,2026-05-01,3.14
2025-04-03,2026-06-01,3.14
2025-04-03,2026-07-01,3.14
2025-04-03,2026-08-01,3.14
2025-04-03,2026-09-01,3.14
2025-04-04,2025-04-01,4.08
2025-04-04,2025-05-01,3.97
2025-04-04,2025-06-01,3.78
2025-04-04,2025-07-01,3.66
2025-04-04,2025-08-01,3.47
2025-04-04,2025-09-01,3.33
2025-04-04,2025-10-01,3.23
2025-04-04,2025-11-01,3.12
2025-04-04,2025-12-01,3.08
2025-04-04,2026-01-01,3.06
2025-04-04,2026-02-01,3.02
2025-04-04,2026-03-01,3.0
2025-04-04,2026-04-01,2.98
2025-04-04,2026-05-01,2.97
2025-04-04,2026-06-01,2.97
2025-04-04,2026-07-01,2.97
2025-04-04,2026-08-01,2.97
2025-04-04,2026-09-01,2.97
2025-04-07,2025-04-01,4.06
2025-04-07,2025-05-01,3.92
2025-04-07,2025-06-01,3.67
2025-04-07,2025-07-01,3.48
2025-04-07,2025-08-01,3.25
2025-04-07,2025-09-01,3.16
2025-04-07,2025-10-01,3.02
2025-04-07,2025-11-01,2.91
2025-04-07,2025-12-01,2.88
2025-04-07,2026-01-01,2.88
2025-04-07,2026-02-01,2.86
2025-04-07,2026-03-01,2.86
2025-04-07,2026-04-01,2.84
2025-04-07,2026-05-01,2.83
2025-04-07,2026-06-01,2.83
2025-04-07,2026-07-01,2.83
2025-04-07,2026-08-01,2.83
2025-04-07,2026-09-01,2.83
2025-04-08,2025-04-01,4.07
2025-04-08,2025-05-01,3.94
2025-04-08,2025-06-01,3.72
2025-04-08,2025-07-01,3.55
2025-04-08,2025-08-01,3.33
2025-04-08,2025-09-01,3.22
2025-04-08,2025-10-01,3.09
2025-04-08,2025-11-01,2.98
2025-04-08,2025-12-01,2.95
2025-04-08,2026-01-01,2.95
2025-04-08,2026-02-01,2.93
2025-04-08,2026-03-01,2.92
2025-04-08,2026-04-01,2.91
2025-04-08,2026-05-01,2.89
2025-04-08,2026-06-01,2.89
2025-04-08,2026-07-01,2.89
2025-04-08,2026-08-01,2.91
2025-04-08,2026-09-01,2.92
2025-04-09,2025-04-01,4.05
2025-04-09,2025-05-01,3.89
2025-04-09,2025-06-01,3.61
2025-04-09,2025-07-01,3.39
2025-04-09,2025-08-01,3.14
2025-04-09,2025-09-01,3.02
2025-04-09,2025-10-01,2.83
2025-04-09,2025-11-01,2.73
2025-04-09,2025-12-01,2.73
2025-04-09,2026-01-01,2.73
2025-04-09,2026-02-01,2.72
2025-04-09,2026-03-01,2.72
2025-04-09,2026-04-01,2.7
2025-04-09,2026-05-01,2.7
2025-04-09,2026-06-01,2.72
2025-04-09,2026-07-01,2.73
2025-04-09,2026-08-01,2.75
2025-04-09,2026-09-01,2.77
2025-04-10,2025-04-01,4.08
2025-04-10,2025-05-01,3.96
2025-04-10,2025-06-01,3.75
2025-04-10,2025-07-01,3.56
2025-04-10,2025-08-01,3.33
2025-04-10,2025-09-01,3.22
2025-04-10,2025-10-01,3.05
2025-04-10,2025-11-01,2.92
2025-04-10,2025-12-01,2.92
2025-04-10,2026-01-01,2.9
2025-04-10,2026-02-01,2.88
2025-04-10,2026-03-01,2.86
2025-04-10,2026-04-01,2.85
2025-04-10,2026-05-01,2.85
2025-04-10,2026-06-01,2.86
2025-04-10,2026-07-01,2.88
2025-04-10,2026-08-01,2.89
2025-04-10,2026-09-01,2.91
2025-04-11,2025-04-01,4.08
2025-04-11,2025-05-01,3.95
2025-04-11,2025-06-01,3.72
2025-04-11,2025-07-01,3.52
2025-04-11,2025-08-01,3.28
2025-04-11,2025-09-01,3.15
2025-04-11,2025-10-01,3.0
2025-04-11,2025-11-01,2.87
2025-04-11,2025-12-01,2.84
2025-04-11,2026-01-01,2.84
2025-04-11,2026-02-01,2.82
2025-04-11,2026-03-01,2.81
2025-04-11,2026-04-01,2.8
2025-04-11,2026-05-01,2.81
2025-04-11,2026-06-01,2.81
2025-04-11,2026-07-01,2.83
2025-04-11,2026-08-01,2.84
2025-04-11,2026-09-01,2.86
2025-04-14,2025-04-01,4.08
2025-04-14,2025-05-01,3.95
2025-04-14,2025-06-01,3.73
2025-04-14,2025-07-01,3.53
2025-04-14,2025-08-01,3.29
2025-04-14,2025-09-01,3.19
2025-04-14,2025-10-01,3.04
2025-04-14,2025-11-01,2.91
2025-04-14,2025-12-01,2.9
2025-04-14,2026-01-01,2.89
2025-04-14,2026-02-01,2.87
2025-04-14,2026-03-01,2.86
2025-04-14,2026-04-01,2.86
2025-04-14,2026-05-01,2.87
2025-04-14,2026-06-01,2.88
2025-04-14,2026-07-01,2.89
2025-04-14,2026-08-01,2.91
2025-04-14,2026-09-01,2.92
2025-04-15,2025-04-01,4.08
2025-04-15,2025-05-01,3.97
2025-04-15,2025-06-01,3.75
2025-04-15,2025-07-01,3.54
2025-04-15,2025-08-01,3.29
2025-04-15,2025-09-01,3.18
2025-04-15,2025-10-01,3.03
2025-04-15,2025-11-01,2.91
2025-04-15,2025-12-01,2.89
2025-04-15,2026-01-01,2.89
2025-04-15,2026-02-01,2.88
2025-04-15,2026-03-01,2.86
2025-04-15,2026-04-01,2.85
2025-04-15,2026-05-01,2.85
2025-04-15,2026-06-01,2.86
2025-04-15,2026-07-01,2.86
2025-04-15,2026-08-01,2.88
2025-04-15,2026-09-01,2.89
2025-04-16,2025-04-01,4.08
2025-04-16,2025-05-01,3.97
2025-04-16,2025-06-01,3.77
2025-04-16,2025-07-01,3.58
2025-04-16,2025-08-01,3.33
2025-04-16,2025-09-01,3.22
2025-04-16,2025-10-01,3.08
2025-04-16,2025-11-01,2.95
2025-04-16,2025-12-01,2.94
2025-04-16,2026-01-01,2.92
2025-04-16,2026-02-01,2.92
2025-04-16,2026-03-01,2.9
2025-04-16,2026-04-01,2.88
2025-04-16,2026-05-01,2.88
2025-04-16,2026-06-01,2.88
2025-04-16,2026-07-01,2.89
2025-04-16,2026-08-01,2.89
2025-04-16,2026-09-01,2.89
2025-04-17,2025-04-01,4.08
2025-04-17,2025-05-01,3.98
2025-04-17,2025-06-01,3.78
2025-04-17,2025-07-01,3.59
2025-04-17,2025-08-01,3.36
2025-04-17,2025-09-01,3.27
2025-04-17,2025-10-01,3.11
2025-04-17,2025-11-01,2.96
2025-04-17,2025-12-01,2.92
2025-04-17,2026-01-01,2.92
2025-04-17,2026-02-01,2.92
2025-04-17,2026-03-01,2.89
2025-04-17,2026-04-01,2.88
2025-04-17,2026-05-01,2.86
2025-04-17,2026-06-01,2.87
2025-04-17,2026-07-01,2.88
2025-04-17,2026-08-01,2.89
2025-04-17,2026-09-01,2.89
2025-04-18,2025-04-01,4.08
2025-04-18,2025-05-01,3.98
2025-04-18,2025-06-01,3.78
2025-04-18,2025-07-01,3.59
2025-04-18,2025-08-01,3.36
2025-04-18,2025-09-01,3.27
2025-04-18,2025-10-01,3.11
2025-04-18,2025-11-01,2.96
2025-04-18,2025-12-01,2.92
2025-04-18,2026-01-01,2.92
2025-04-18,2026-02-01,2.92
2025-04-18,2026-03-01,2.89
2025-04-18,2026-04-01,2.88
2025-04-18,2026-05-01,2.86
2025-04-18,2026-06-01,2.87
2025-04-18,2026-07-01,2.88
2025-04-18,2026-08-01,2.89
2025-04-18,2026-09-01,2.89
2025-04-21,2025-04-01,4.08
2025-04-21,2025-05-01,3.98
2025-04-21,2025-06-01,3.78
2025-04-21,2025-07-01,3.59
2025-04-21,2025-08-01,3.36
2025-04-21,2025-09-01,3.27
2025-04-21,2025-10-01,3.11
2025-04-21,2025-11-01,2.96
2025-04-21,2025-12-01,2.92
2025-04-21,2026-01-01,2.92
2025-04-21,2026-02-01,2.92
2025-04-21,2026-03-01,2.89
2025-04-21,2026-04-01,2.88
2025-04-21,2026-05-01,2.86
2025-04-21,2026-06-01,2.87
2025-04-21,2026-07-01,2.88
2025-04-21,2026-08-01,2.89
2025-04-21,2026-09-01,2.89
2025-04-22,2025-04-01,4.08
2025-04-22,2025-05-01,3.98
2025-04-22,2025-06-01,3.78
2025-04-22,2025-07-01,3.59
2025-04-22,2025-08-01,3.36
2025-04-22,2025-09-01,3.25
2025-04-22,2025-10-01,3.06
2025-04-22,2025-11-01,2.89
2025-04-22,2025-12-01,2.87
2025-04-22,2026-01-01,2.86
2025-04-22,2026-02-01,2.84
2025-04-22,2026-03-01,2.83
2025-04-22,2026-04-01,2.81
2025-04-22,2026-05-01,2.8
2025-04-22,2026-06-01,2.81
2025-04-22,2026-07-01,2.81
2025-04-22,2026-08-01,2.81
2025-04-22,2026-09-01,2.81
2025-04-23,2025-04-01,4.08
2025-04-23,2025-05-01,3.98
2025-04-23,2025-06-01,3.79
2025-04-23,2025-07-01,3.63
2025-04-23,2025-08-01,3.42
2025-04-23,2025-09-01,3.32
2025-04-23,2025-10-01,3.06
2025-04-23,2025-11-01,3.0
2025-04-23,2025-12-01,2.97
2025-04-23,2026-01-01,2.95
2025-04-23,2026-02-01,2.92
2025-04-23,2026-03-01,2.91
2025-04-23,2026-04-01,2.89
2025-04-23,2026-05-01,2.88
2025-04-23,2026-06-01,2.88
2025-04-23,2026-07-01,2.88
2025-04-23,2026-08-01,2.89
2025-04-23,2026-09-01,2.89
2025-04-24,2025-04-01,4.08
2025-04-24,2025-05-01,3.98
2025-04-24,2025-06-01,3.79
2025-04-24,2025-07-01,3.63
2025-04-24,2025-08-01,3.42
2025-04-24,2025-09-01,3.32
2025-04-24,2025-10-01,3.06
2025-04-24,2025-11-01,3.0
2025-04-24,2025-12-01,2.97
2025-04-24,2026-01-01,2.95
2025-04-24,2026-02-01,2.92
2025-04-24,2026-03-01,2.91
2025-04-24,2026-04-01,2.89
2025-04-24,2026-05-01,2.88
2025-04-24,2026-06-01,2.88
2025-04-24,2026-07-01,2.88
2025-04-24,2026-08-01,2.89
2025-04-24,2026-09-01,2.89
2025-04-25,2025-04-01,4.08
2025-04-25,2025-05-01,3.98
2025-04-25,2025-06-01,3.78
2025-04-25,2025-07-01,3.63
2025-04-25,2025-08-01,3.42
2025-04-25,2025-09-01,3.33
2025-04-25,2025-10-01,3.17
2025-04-25,2025-11-01,2.98
2025-04-25,2025-12-01,2.95
2025-04-25,2026-01-01,2.94
2025-04-25,2026-02-01,2.92
2025-04-25,2026-03-01,2.9
2025-04-25,2026-04-01,2.89
2025-04-25,2026-05-01,2.87
2025-04-25,2026-06-01,2.87
2025-04-25,2026-07-01,2.87
2025-04-25,2026-08-01,2.88
2025-04-25,2026-09-01,2.89
2025-04-28,2025-04-01,4.08
2025-04-28,2025-05-01,3.98
2025-04-28,2025-06-01,3.8
2025-04-28,2025-07-01,3.65
2025-04-28,2025-08-01,3.44
2025-04-28,2025-09-01,3.33
2025-04-28,2025-10-01,3.14
2025-04-28,2025-11-01,2.97
2025-04-28,2025-12-01,2.93
2025-04-28,2026-01-01,2.92
2025-04-28,2026-02-01,2.89
2025-04-28,2026-03-01,2.86
2025-04-28,2026-04-01,2.84
2025-04-28,2026-05-01,2.83
2025-04-28,2026-06-01,2.83
2025-04-28,2026-07-01,2.83
2025-04-28,2026-08-01,2.84
2025-04-28,2026-09-01,2.84
2025-04-29,2025-04-01,4.08
2025-04-29,2025-05-01,3.98
2025-04-29,2025-06-01,3.8
2025-04-29,2025-07-01,3.64
2025-04-29,2025-08-01,3.42
2025-04-29,2025-09-01,3.33
2025-04-29,2025-10-01,3.16
2025-04-29,2025-11-01,2.98
2025-04-29,2025-12-01,2.94
2025-04-29,2026-01-01,2.93
2025-04-29,2026-02-01,2.89
2025-04-29,2026-03-01,2.88
2025-04-29,2026-04-01,2.86
2025-04-29,2026-05-01,2.84
2025-04-29,2026-06-01,2.84
2025-04-29,2026-07-01,2.84
2025-04-29,2026-08-01,2.84
2025-04-29,2026-09-01,2.84
2025-04-30,2025-04-01,4.08
2025-04-30,2025-05-01,3.99
2025-04-30,2025-06-01,3.82
2025-04-30,2025-07-01,3.69
2025-04-30,2025-08-01,3.48
2025-04-30,2025-09-01,3.39
2025-04-30,2025-10-01,3.2
2025-04-30,2025-11-01,3.03
2025-04-30,2025-12-01,2.98
2025-04-30,2026-01-01,2.97
2025-04-30,2026-02-01,2.92
2025-04-30,2026-03-01,2.9
2025-04-30,2026-04-01,2.88
2025-04-30,2026-05-01,2.85
2025-04-30,2026-06-01,2.84
2025-04-30,2026-07-01,2.84
2025-04-30,2026-08-01,2.84
2025-04-30,2026-09-01,2.84
2025-05-01,2025-05-01,3.99
2025-05-01,2025-06-01,3.82
2025-05-01,2025-07-01,3.69
2025-05-01,2025-08-01,3.48
2025-05-01,2025-09-01,3.38
2025-05-01,2025-10-01,3.19
2025-05-01,2025-11-01,3.03
2025-05-01,2025-12-01,2.98
2025-05-01,2026-01-01,2.97
2025-05-01,2026-02-01,2.92
2025-05-01,2026-03-01,2.9
2025-05-01,2026-04-01,2.88
2025-05-01,2026-05-01,2.85
2025-05-01,2026-06-01,2.84
2025-05-01,2026-07-01,2.84
2025-05-01,2026-08-01,2.83
2025-05-01,2026-09-01,2.83
2025-05-01,2026-10-01,2.83
2025-05-02,2025-05-01,3.99
2025-05-02,2025-06-01,3.82
2025-05-02,2025-07-01,3.7
2025-05-02,2025-08-01,3.51
2025-05-02,2025-09-01,3.4
2025-05-02,2025-10-01,3.24
2025-05-02,2025-11-01,3.06
2025-05-02,2025-12-01,3.01
2025-05-02,2026-01-01,3.0
2025-05-02,2026-02-01,2.95
2025-05-02,2026-03-01,2.93
2025-05-02,2026-04-01,2.91
2025-05-02,2026-05-01,2.89
2025-05-02,2026-06-01,2.89
2025-05-02,2026-07-01,2.88
2025-05-02,2026-08-01,2.89
2025-05-02,2026-09-01,2.89
2025-05-02,2026-10-01,2.89
2025-05-05,2025-05-01,3.99
2025-05-05,2025-06-01,3.83
2025-05-05,2025-07-01,3.72
2025-05-05,2025-08-01,3.53
2025-05-05,2025-09-01,3.43
2025-05-05,2025-10-01,3.27
2025-05-05,2025-11-01,3.11
2025-05-05,2025-12-01,3.06
2025-05-05,2026-01-01,3.05
2025-05-05,2026-02-01,3.0
2025-05-05,2026-03-01,2.98
2025-05-05,2026-04-01,2.97
2025-05-05,2026-05-01,2.95
2025-05-05,2026-06-01,2.95
2025-05-05,2026-07-01,2.95
2025-05-05,2026-08-01,2.95
2025-05-05,2026-09-01,2.95
2025-05-05,2026-10-01,2.97
2025-05-06,2025-05-01,3.99
2025-05-06,2025-06-01,3.82
2025-05-06,2025-07-01,3.71
2025-05-06,2025-08-01,3.53
2025-05-06,2025-09-01,3.43
2025-05-06,2025-10-01,3.27
2025-05-06,2025-11-01,3.12
2025-05-06,2025-12-01,3.08
2025-05-06,2026-01-01,3.07
2025-05-06,2026-02-01,3.03
2025-05-06,2026-03-01,3.02
2025-05-06,2026-04-01,3.0
2025-05-06,2026-05-01,2.98
2025-05-06,2026-06-01,2.98
2025-05-06,2026-07-01,2.98
2025-05-06,2026-08-01,2.99
2025-05-06,2026-09-01,3.0
2025-05-06,2026-10-01,3.01
2025-05-07,2025-05-01,3.99
2025-05-07,2025-06-01,3.82
2025-05-07,2025-07-01,3.7
2025-05-07,2025-08-01,3.51
2025-05-07,2025-09-01,3.41
2025-05-07,2025-10-01,3.25
2025-05-07,2025-11-01,3.09
2025-05-07,2025-12-01,3.03
2025-05-07,2026-01-01,3.02
2025-05-07,2026-02-01,2.98
2025-05-07,2026-03-01,2.95
2025-05-07,2026-04-01,2.94
2025-05-07,2026-05-01,2.92
2025-05-07,2026-06-01,2.92
2025-05-07,2026-07-01,2.92
2025-05-07,2026-08-01,2.93
2025-05-07,2026-09-01,2.93
2025-05-07,2026-10-01,2.94
2025-05-08,2025-05-01,3.99
2025-05-08,2025-06-01,3.83
2025-05-08,2025-07-01,3.71
2025-05-08,2025-08-01,3.52
2025-05-08,2025-09-01,3.42
2025-05-08,2025-10-01,3.27
2025-05-08,2025-11-01,3.13
2025-05-08,2025-12-01,3.06
2025-05-08,2026-01-01,3.06
2025-05-08,2026-02-01,3.02
2025-05-08,2026-03-01,2.99
2025-05-08,2026-04-01,2.97
2025-05-08,2026-05-01,2.95
2025-05-08,2026-06-01,2.95
2025-05-08,2026-07-01,2.95
2025-05-08,2026-08-01,2.97
2025-05-08,2026-09-01,2.97
2025-05-08,2026-10-01,2.98
2025-05-09,2025-05-01,4.0
2025-05-09,2025-06-01,3.83
2025-05-09,2025-07-01,3.72
2025-05-09,2025-08-01,3.54
2025-05-09,2025-09-01,3.44
2025-05-09,2025-10-01,3.31
2025-05-09,2025-11-01,3.17
2025-05-09,2025-12-01,3.11
2025-05-09,2026-01-01,3.11
2025-05-09,2026-02-01,3.07
2025-05-09,2026-03-01,3.05
2025-05-09,2026-04-01,3.03
2025-05-09,2026-05-01,3.02
2025-05-09,2026-06-01,3.01
2025-05-09,2026-07-01,3.01
2025-05-09,2026-08-01,3.02
2025-05-09,2026-09-01,3.02
2025-05-09,2026-10-01,3.02
2025-05-12,2025-05-01,4.0
2025-05-12,2025-06-01,3.83
2025-05-12,2025-07-01,3.73
2025-05-12,2025-08-01,3.58
2025-05-12,2025-09-01,3.5
2025-05-12,2025-10-01,3.37
2025-05-12,2025-11-01,3.22
2025-05-12,2025-12-01,3.17
2025-05-12,2026-01-01,3.17
2025-05-12,2026-02-01,3.12
2025-05-12,2026-03-01,3.11
2025-05-12,2026-04-01,3.08
2025-05-12,2026-05-01,3.07
2025-05-12,2026-06-01,3.06
2025-05-12,2026-07-01,3.06
2025-05-12,2026-08-01,3.06
2025-05-12,2026-09-01,3.06
2025-05-12,2026-10-01,3.07
2025-05-13,2025-05-01,4.0
2025-05-13,2025-06-01,3.83
2025-05-13,2025-07-01,3.77
2025-05-13,2025-08-01,3.62
2025-05-13,2025-09-01,3.55
2025-05-13,2025-10-01,3.45
2025-05-13,2025-11-01,3.33
2025-05-13,2025-12-01,3.28
2025-05-13,2026-01-01,3.27
2025-05-13,2026-02-01,3.23
2025-05-13,2026-03-01,3.21
2025-05-13,2026-04-01,3.19
2025-05-13,2026-05-01,3.18
2025-05-13,2026-06-01,3.17
2025-05-13,2026-07-01,3.17
2025-05-13,2026-08-01,3.17
2025-05-13,2026-09-01,3.17
2025-05-13,2026-10-01,3.19
2025-05-14,2025-05-01,4.0
2025-05-14,2025-06-01,3.84
2025-05-14,2025-07-01,3.78
2025-05-14,2025-08-01,3.63
2025-05-14,2025-09-01,3.55
2025-05-14,2025-10-01,3.47
2025-05-14,2025-11-01,3.36
2025-05-14,2025-12-01,3.31
2025-05-14,2026-01-01,3.3
2025-05-14,2026-02-01,3.26
2025-05-14,2026-03-01,3.24
2025-05-14,2026-04-01,3.22
2025-05-14,2026-05-01,3.21
2025-05-14,2026-06-01,3.21
2025-05-14,2026-07-01,3.21
2025-05-14,2026-08-01,3.21
2025-05-14,2026-09-01,3.22
2025-05-14,2026-10-01,3.22
2025-05-15,2025-05-01,4.0
2025-05-15,2025-06-01,3.84
2025-05-15,2025-07-01,3.8
2025-05-15,2025-08-01,3.66
2025-05-15,2025-09-01,3.59
2025-05-15,2025-10-01,3.5
2025-05-15,2025-11-01,3.39
2025-05-15,2025-12-01,3.34
2025-05-15,2026-01-01,3.33
2025-05-15,2026-02-01,3.3
2025-05-15,2026-03-01,3.28
2025-05-15,2026-04-01,3.27
2025-05-15,2026-05-01,3.25
2025-05-15,2026-06-01,3.25
2025-05-15,2026-07-01,3.25
2025-05-15,2026-08-01,3.25
2025-05-15,2026-09-01,3.26
2025-05-15,2026-10-01,3.27
2025-05-16,2025-05-01,4.0
2025-05-16,2025-06-01,3.85
2025-05-16,2025-07-01,3.8
2025-05-16,2025-08-01,3.65
2025-05-16,2025-09-01,3.57
2025-05-16,2025-10-01,3.48
2025-05-16,2025-11-01,3.37
2025-05-16,2025-12-01,3.33
2025-05-16,2026-01-01,3.31
2025-05-16,2026-02-01,3.27
2025-05-16,2026-03-01,3.25
2025-05-16,2026-04-01,3.23
2025-05-16,2026-05-01,3.22
2025-05-16,2026-06-01,3.22
2025-05-16,2026-07-01,3.21
2025-05-16,2026-08-01,3.21
2025-05-16,2026-09-01,3.21
2025-05-16,2026-10-01,3.22
2025-05-19,2025-05-01,4.0
2025-05-19,2025-06-01,3.84
2025-05-19,2025-07-01,3.8
2025-05-19,2025-08-01,3.67
2025-05-19,2025-09-01,3.58
2025-05-19,2025-10-01,3.5
2025-05-19,2025-11-01,3.39
2025-05-19,2025-12-01,3.36
2025-05-19,2026-01-01,3.34
2025-05-19,2026-02-01,3.3
2025-05-19,2026-03-01,3.28
2025-05-19,2026-04-01,3.27
2025-05-19,2026-05-01,3.25
2025-05-19,2026-06-01,3.25
2025-05-19,2026-07-01,3.25
2025-05-19,2026-08-01,3.25
2025-05-19,2026-09-01,3.25
2025-05-19,2026-10-01,3.25
2025-05-20,2025-05-01,4.0
2025-05-20,2025-06-01,3.83
2025-05-20,2025-07-01,3.7
2025-05-20,2025-08-01,3.52
2025-05-20,2025-09-01,3.44
2025-05-20,2025-10-01,3.36
2025-05-20,2025-11-01,3.24
2025-05-20,2025-12-01,3.19
2025-05-20,2026-01-01,3.17
2025-05-20,2026-02-01,3.12
2025-05-20,2026-03-01,3.11
2025-05-20,2026-04-01,3.08
2025-05-20,2026-05-01,3.07
2025-05-20,2026-06-01,3.07
2025-05-20,2026-07-01,3.07
2025-05-20,2026-08-01,3.08
2025-05-20,2026-09-01,3.08
2025-05-20,2026-10-01,3.09
2025-05-21,2025-05-01,4.0
2025-05-21,2025-06-01,3.83
2025-05-21,2025-07-01,3.72
2025-05-21,2025-08-01,3.53
2025-05-21,2025-09-01,3.44
2025-05-21,2025-10-01,3.35
2025-05-21,2025-11-01,3.22
2025-05-21,2025-12-01,3.16
2025-05-21,2026-01-01,3.14
2025-05-21,2026-02-01,3.09
2025-05-21,2026-03-01,3.08
2025-05-21,2026-04-01,3.06
2025-05-21,2026-05-01,3.06
2025-05-21,2026-06-01,3.06
2025-05-21,2026-07-01,3.06
2025-05-21,2026-08-01,3.07
2025-05-21,2026-09-01,3.08
2025-05-21,2026-10-01,3.09
2025-05-22,2025-05-01,4.0
2025-05-22,2025-06-01,3.83
2025-05-22,2025-07-01,3.71
2025-05-22,2025-08-01,3.53
2025-05-22,2025-09-01,3.42
2025-05-22,2025-10-01,3.33
2025-05-22,2025-11-01,3.2
2025-05-22,2025-12-01,3.16
2025-05-22,2026-01-01,3.14
2025-05-22,2026-02-01,3.09
2025-05-22,2026-03-01,3.08
2025-05-22,2026-04-01,3.06
2025-05-22,2026-05-01,3.05
2025-05-22,2026-06-01,3.06
2025-05-22,2026-07-01,3.06
2025-05-22,2026-08-01,3.06
2025-05-22,2026-09-01,3.07
2025-05-22,2026-10-01,3.08
2025-05-23,2025-05-01,4.0
2025-05-23,2025-06-01,3.83
2025-05-23,2025-07-01,3.72
2025-05-23,2025-08-01,3.53
2025-05-23,2025-09-01,3.44
2025-05-23,2025-10-01,3.34
2025-05-23,2025-11-01,3.2
2025-05-23,2025-12-01,3.15
2025-05-23,2026-01-01,3.14
2025-05-23,2026-02-01,3.09
2025-05-23,2026-03-01,3.08
2025-05-23,2026-04-01,3.06
2025-05-23,2026-05-01,3.05
2025-05-23,2026-06-01,3.05
2025-05-23,2026-07-01,3.06
2025-05-23,2026-08-01,3.06
2025-05-23,2026-09-01,3.07
2025-05-23,2026-10-01,3.08
2025-05-26,2025-05-01,4.0
2025-05-26,2025-06-01,3.83
2025-05-26,2025-07-01,3.7
2025-05-26,2025-08-01,3.5
2025-05-26,2025-09-01,3.41
2025-05-26,2025-10-01,3.33
2025-05-26,2025-11-01,3.19
2025-05-26,2025-12-01,3.14
2025-05-26,2026-01-01,3.12
2025-05-26,2026-02-01,3.06
2025-05-26,2026-03-01,3.05
2025-05-26,2026-04-01,3.03
2025-05-26,2026-05-01,3.02
2025-05-26,2026-06-01,3.02
2025-05-26,2026-07-01,3.02
2025-05-26,2026-08-01,3.03
2025-05-26,2026-09-01,3.03
2025-05-26,2026-10-01,3.04
2025-05-27,2025-05-01,4.0
2025-05-27,2025-06-01,3.83
2025-05-27,2025-07-01,3.69
2025-05-27,2025-08-01,3.5
2025-05-27,2025-09-01,3.41
2025-05-27,2025-10-01,3.31
2025-05-27,2025-11-01,3.18
2025-05-27,2025-12-01,3.11
2025-05-27,2026-01-01,3.09
2025-05-27,2026-02-01,3.05
2025-05-27,2026-03-01,3.02
2025-05-27,2026-04-01,3.0
2025-05-27,2026-05-01,2.98
2025-05-27,2026-06-01,2.98
2025-05-27,2026-07-01,2.98
2025-05-27,2026-08-01,3.0
2025-05-27,2026-09-01,3.0
2025-05-27,2026-10-01,3.01
2025-05-28,2025-05-01,4.0
2025-05-28,2025-06-01,3.83
2025-05-28,2025-07-01,3.72
2025-05-28,2025-08-01,3.55
2025-05-28,2025-09-01,3.45
2025-05-28,2025-10-01,3.36
2025-05-28,2025-11-01,3.22
2025-05-28,2025-12-01,3.15
2025-05-28,2026-01-01,3.14
2025-05-28,2026-02-01,3.08
2025-05-28,2026-03-01,3.06
2025-05-28,2026-04-01,3.03
2025-05-28,2026-05-01,3.02
2025-05-28,2026-06-01,3.02
2025-05-28,2026-07-01,3.02
2025-05-28,2026-08-01,3.03
2025-05-28,2026-09-01,3.03
2025-05-28,2026-10-01,3.05
2025-05-29,2025-05-01,4.0
2025-05-29,2025-06-01,3.83
2025-05-29,2025-07-01,3.73
2025-05-29,2025-08-01,3.56
2025-05-29,2025-09-01,3.46
2025-05-29,2025-10-01,3.38
2025-05-29,2025-11-01,3.24
2025-05-29,2025-12-01,3.18
2025-05-29,2026-01-01,3.16
2025-05-29,2026-02-01,3.1
2025-05-29,2026-03-01,3.08
2025-05-29,2026-04-01,3.06
2025-05-29,2026-05-01,3.05
2025-05-29,2026-06-01,3.05
2025-05-29,2026-07-01,3.05
2025-05-29,2026-08-01,3.05
2025-05-29,2026-09-01,3.06
2025-05-29,2026-10-01,3.07
2025-05-30,2025-05-01,4.0
2025-05-30,2025-06-01,3.83
2025-05-30,2025-07-01,3.7
2025-05-30,2025-08-01,3.5
2025-05-30,2025-09-01,3.41
2025-05-30,2025-10-01,3.31
2025-05-30,2025-11-01,3.17
2025-05-30,2025-12-01,3.1
2025-05-30,2026-01-01,3.08
2025-05-30,2026-02-01,3.01
2025-05-30,2026-03-01,2.98
2025-05-30,2026-04-01,2.97
2025-05-30,2026-05-01,2.95
2025-05-30,2026-06-01,2.94
2025-05-30,2026-07-01,2.94
2025-05-30,2026-08-01,2.95
2025-05-30,2026-09-01,2.95
2025-05-30,2026-10-01,2.97
2025-06-02,2025-06-01,3.83
2025-06-02,2025-07-01,3.69
2025-06-02,2025-08-01,3.51
2025-06-02,2025-09-01,3.41
2025-06-02,2025-10-01,3.3
2025-06-02,2025-11-01,3.14
2025-06-02,2025-12-01,3.09
2025-06-02,2026-01-01,3.06
2025-06-02,2026-02-01,3.0
2025-06-02,2026-03-01,2.97
2025-06-02,2026-04-01,2.94
2025-06-02,2026-05-01,2.93
2025-06-02,2026-06-01,2.92
2025-06-02,2026-07-01,2.92
2025-06-02,2026-08-01,2.93
2025-06-02,2026-09-01,2.93
2025-06-02,2026-10-01,2.94
2025-06-02,2026-11-01,2.96
2025-06-03,2025-06-01,3.83
2025-06-03,2025-07-01,3.69
2025-06-03,2025-08-01,3.5
2025-06-03,2025-09-01,3.39
2025-06-03,2025-10-01,3.28
2025-06-03,2025-11-01,3.12
2025-06-03,2025-12-01,3.06
2025-06-03,2026-01-01,3.04
2025-06-03,2026-02-01,2.97
2025-06-03,2026-03-01,2.94
2025-06-03,2026-04-01,2.92
2025-06-03,2026-05-01,2.91
2025-06-03,2026-06-01,2.9
2025-06-03,2026-07-01,2.9
2025-06-03,2026-08-01,2.91
2025-06-03,2026-09-01,2.91
2025-06-03,2026-10-01,2.92
2025-06-03,2026-11-01,2.94
2025-06-04,2025-06-01,3.83
2025-06-04,2025-07-01,3.68
2025-06-04,2025-08-01,3.48
2025-06-04,2025-09-01,3.39
2025-06-04,2025-10-01,3.28
2025-06-04,2025-11-01,3.13
2025-06-04,2025-12-01,3.06
2025-06-04,2026-01-01,3.04
2025-06-04,2026-02-01,2.97
2025-06-04,2026-03-01,2.95
2025-06-04,2026-04-01,2.92
2025-06-04,2026-05-01,2.91
2025-06-04,2026-06-01,2.91
2025-06-04,2026-07-01,2.91
2025-06-04,2026-08-01,2.92
2025-06-04,2026-09-01,2.92
2025-06-04,2026-10-01,2.93
2025-06-04,2026-11-01,2.94
2025-06-05,2025-06-01,3.83
2025-06-05,2025-07-01,3.67
2025-06-05,2025-08-01,3.48
2025-06-05,2025-09-01,3.39
2025-06-05,2025-10-01,3.28
2025-06-05,2025-11-01,3.12
2025-06-05,2025-12-01,3.06
2025-06-05,2026-01-01,3.04
2025-06-05,2026-02-01,2.97
2025-06-05,2026-03-01,2.94
2025-06-05,2026-04-01,2.92
2025-06-05,2026-05-01,2.91
2025-06-05,2026-06-01,2.91
2025-06-05,2026-07-01,2.91
2025-06-05,2026-08-01,2.92
2025-06-05,2026-09-01,2.92
2025-06-05,2026-10-01,2.94
2025-06-05,2026-11-01,2.95
2025-06-06,2025-06-01,3.83
2025-06-06,2025-07-01,3.67
2025-06-06,2025-08-01,3.49
2025-06-06,2025-09-01,3.41
2025-06-06,2025-10-01,3.28
2025-06-06,2025-11-01,3.14
2025-06-06,2025-12-01,3.08
2025-06-06,2026-01-01,3.06
2025-06-06,2026-02-01,3.0
2025-06-06,2026-03-01,2.98
2025-06-06,2026-04-01,2.96
2025-06-06,2026-05-01,2.95
2025-06-06,2026-06-01,2.96
2025-06-06,2026-07-01,2.97
2025-06-06,2026-08-01,2.97
2025-06-06,2026-09-01,2.97
2025-06-06,2026-10-01,2.98
2025-06-06,2026-11-01,3.0
2025-06-09,2025-06-01,3.83
2025-06-09,2025-07-01,3.69
2025-06-09,2025-08-01,3.51
2025-06-09,2025-09-01,3.43
2025-06-09,2025-10-01,3.33
2025-06-09,2025-11-01,3.19
2025-06-09,2025-12-01,3.13
2025-06-09,2026-01-01,3.11
2025-06-09,2026-02-01,3.05
2025-06-09,2026-03-01,3.03
2025-06-09,2026-04-01,3.01
2025-06-09,2026-05-01,3.0
2025-06-09,2026-06-01,3.01
2025-06-09,2026-07-01,3.02
2025-06-09,2026-08-01,3.02
2025-06-09,2026-09-01,3.03
2025-06-09,2026-10-01,3.03
2025-06-09,2026-11-01,3.06
2025-06-10,2025-06-01,3.83
2025-06-10,2025-07-01,3.69
2025-06-10,2025-08-01,3.51
2025-06-10,2025-09-01,3.42
2025-06-10,2025-10-01,3.33
2025-06-10,2025-11-01,3.19
2025-06-10,2025-12-01,3.11
2025-06-10,2026-01-01,3.08
2025-06-10,2026-02-01,3.01
2025-06-10,2026-03-01,2.99
2025-06-10,2026-04-01,2.97
2025-06-10,2026-05-01,2.96
2025-06-10,2026-06-01,2.96
2025-06-10,2026-07-01,2.96
2025-06-10,2026-08-01,2.97
2025-06-10,2026-09-01,2.97
2025-06-10,2026-10-01,2.98
2025-06-10,2026-11-01,3.0
2025-06-11,2025-06-01,3.83
2025-06-11,2025-07-01,3.69
2025-06-11,2025-08-01,3.52
2025-06-11,2025-09-01,3.45
2025-06-11,2025-10-01,3.36
2025-06-11,2025-11-01,3.22
2025-06-11,2025-12-01,3.15
2025-06-11,2026-01-01,3.12
2025-06-11,2026-02-01,3.06
2025-06-11,2026-03-01,3.03
2025-06-11,2026-04-01,3.01
2025-06-11,2026-05-01,3.0
2025-06-11,2026-06-01,3.0
2025-06-11,2026-07-01,3.0
2025-06-11,2026-08-01,3.0
2025-06-11,2026-09-01,3.01
2025-06-11,2026-10-01,3.03
2025-06-11,2026-11-01,3.04
2025-06-12,2025-06-01,3.83
2025-06-12,2025-07-01,3.68
2025-06-12,2025-08-01,3.51
2025-06-12,2025-09-01,3.44
2025-06-12,2025-10-01,3.33
2025-06-12,2025-11-01,3.18
2025-06-12,2025-12-01,3.1
2025-06-12,2026-01-01,3.08
2025-06-12,2026-02-01,3.0
2025-06-12,2026-03-01,2.97
2025-06-12,2026-04-01,2.95
2025-06-12,2026-05-01,2.94
2025-06-12,2026-06-01,2.94
2025-06-12,2026-07-01,2.94
2025-06-12,2026-08-01,2.95
2025-06-12,2026-09-01,2.95
2025-06-12,2026-10-01,2.97
2025-06-12,2026-11-01,2.98
2025-06-13,2025-06-01,3.83
2025-06-13,2025-07-01,3.67
2025-06-13,2025-08-01,3.49
2025-06-13,2025-09-01,3.4
2025-06-13,2025-10-01,3.29
2025-06-13,2025-11-01,3.12
2025-06-13,2025-12-01,3.05
2025-06-13,2026-01-01,3.03
2025-06-13,2026-02-01,2.94
2025-06-13,2026-03-01,2.92
2025-06-13,2026-04-01,2.9
2025-06-13,2026-05-01,2.89
2025-06-13,2026-06-01,2.89
2025-06-13,2026-07-01,2.89
2025-06-13,2026-08-01,2.89
2025-06-13,2026-09-01,2.9
2025-06-13,2026-10-01,2.92
2025-06-13,2026-11-01,2.94
2025-06-16,2025-06-01,3.83
2025-06-16,2025-07-01,3.68
2025-06-16,2025-08-01,3.51
2025-06-16,2025-09-01,3.43
2025-06-16,2025-10-01,3.31
2025-06-16,2025-11-01,3.15
2025-06-16,2025-12-01,3.08
2025-06-16,2026-01-01,3.06
2025-06-16,2026-02-01,3.0
2025-06-16,2026-03-01,2.97
2025-06-16,2026-04-01,2.96
2025-06-16,2026-05-01,2.94
2025-06-16,2026-06-01,2.94
2025-06-16,2026-07-01,2.94
2025-06-16,2026-08-01,2.95
2025-06-16,2026-09-01,2.95
2025-06-16,2026-10-01,2.97
2025-06-16,2026-11-01,2.98
2025-06-17,2025-06-01,3.83
2025-06-17,2025-07-01,3.68
2025-06-17,2025-08-01,3.5
2025-06-17,2025-09-01,3.42
2025-06-17,2025-10-01,3.31
2025-06-17,2025-11-01,3.16
2025-06-17,2025-12-01,3.1
2025-06-17,2026-01-01,3.08
2025-06-17,2026-02-01,3.02
2025-06-17,2026-03-01,3.0
2025-06-17,2026-04-01,2.98
2025-06-17,2026-05-01,2.97
2025-06-17,2026-06-01,2.97
2025-06-17,2026-07-01,2.97
2025-06-17,2026-08-01,2.98
2025-06-17,2026-09-01,2.98
2025-06-17,2026-10-01,3.0
2025-06-17,2026-11-01,3.02
2025-06-18,2025-06-01,3.83
2025-06-18,2025-07-01,3.68
2025-06-18,2025-08-01,3.51
2025-06-18,2025-09-01,3.43
2025-06-18,2025-10-01,3.33
2025-06-18,2025-11-01,3.17
2025-06-18,2025-12-01,3.11
2025-06-18,2026-01-01,3.09
2025-06-18,2026-02-01,3.03
2025-06-18,2026-03-01,3.0
2025-06-18,2026-04-01,2.99
2025-06-18,2026-05-01,2.98
2025-06-18,2026-06-01,2.97
2025-06-18,2026-07-01,2.97
2025-06-18,2026-08-01,2.98
2025-06-18,2026-09-01,2.98
2025-06-18,2026-10-01,3.0
2025-06-18,2026-11-01,3.02
2025-06-19,2025-06-01,3.83
2025-06-19,2025-07-01,3.69
2025-06-19,2025-08-01,3.53
2025-06-19,2025-09-01,3.45
2025-06-19,2025-10-01,3.36
2025-06-19,2025-11-01,3.2
2025-06-19,2025-12-01,3.14
2025-06-19,2026-01-01,3.11
2025-06-19,2026-02-01,3.05
2025-06-19,2026-03-01,3.02
2025-06-19,2026-04-01,3.0
2025-06-19,2026-05-01,2.98
2025-06-19,2026-06-01,2.97
2025-06-19,2026-07-01,2.97
2025-06-19,2026-08-01,2.97
2025-06-19,2026-09-01,2.97
2025-06-19,2026-10-01,2.98
2025-06-19,2026-11-01,3.0
2025-06-20,2025-06-01,3.83
2025-06-20,2025-07-01,3.68
2025-06-20,2025-08-01,3.52
2025-06-20,2025-09-01,3.43
2025-06-20,2025-10-01,3.33
2025-06-20,2025-11-01,3.17
2025-06-20,2025-12-01,3.11
2025-06-20,2026-01-01,3.08
2025-06-20,2026-02-01,3.02
2025-06-20,2026-03-01,2.99
2025-06-20,2026-04-01,2.97
2025-06-20,2026-05-01,2.95
2025-06-20,2026-06-01,2.94
2025-06-20,2026-07-01,2.94
2025-06-20,2026-08-01,2.94
2025-06-20,2026-09-01,2.94
2025-06-20,2026-10-01,2.95
2025-06-20,2026-11-01,2.97
2025-06-23,2025-06-01,3.83
2025-06-23,2025-07-01,3.68
2025-06-23,2025-08-01,3.5
2025-06-23,2025-09-01,3.43
2025-06-23,2025-10-01,3.33
2025-06-23,2025-11-01,3.17
2025-06-23,2025-12-01,3.11
2025-06-23,2026-01-01,3.09
2025-06-23,2026-02-01,3.02
2025-06-23,2026-03-01,3.0
2025-06-23,2026-04-01,2.98
2025-06-23,2026-05-01,2.96
2025-06-23,2026-06-01,2.95
2025-06-23,2026-07-01,2.94
2025-06-23,2026-08-01,2.94
2025-06-23,2026-09-01,2.94
2025-06-23,2026-10-01,2.95
2025-06-23,2026-11-01,2.96
2025-06-24,2025-06-01,3.83
2025-06-24,2025-07-01,3.67
2025-06-24,2025-08-01,3.5
2025-06-24,2025-09-01,3.42
2025-06-24,2025-10-01,3.32
2025-06-24,2025-11-01,3.16
2025-06-24,2025-12-01,3.08
2025-06-24,2026-01-01,3.06
2025-06-24,2026-02-01,2.98
2025-06-24,2026-03-01,2.95
2025-06-24,2026-04-01,2.94
2025-06-24,2026-05-01,2.92
2025-06-24,2026-06-01,2.91
2025-06-24,2026-07-01,2.9
2025-06-24,2026-08-01,2.9
2025-06-24,2026-09-01,2.9
2025-06-24,2026-10-01,2.91
2025-06-24,2026-11-01,2.92
2025-06-25,2025-06-01,3.83
2025-06-25,2025-07-01,3.67
2025-06-25,2025-08-01,3.47
2025-06-25,2025-09-01,3.39
2025-06-25,2025-10-01,3.28
2025-06-25,2025-11-01,3.11
2025-06-25,2025-12-01,3.03
2025-06-25,2026-01-01,3.01
2025-06-25,2026-02-01,2.92
2025-06-25,2026-03-01,2.89
2025-06-25,2026-04-01,2.88
2025-06-25,2026-05-01,2.86
2025-06-25,2026-06-01,2.86
2025-06-25,2026-07-01,2.85
2025-06-25,2026-08-01,2.86
2025-06-25,2026-09-01,2.86
2025-06-25,2026-10-01,2.88
2025-06-25,2026-11-01,2.89
2025-06-26,2025-06-01,3.83
2025-06-26,2025-07-01,3.66
2025-06-26,2025-08-01,3.47
2025-06-26,2025-09-01,3.39
2025-06-26,2025-10-01,3.28
2025-06-26,2025-11-01,3.12
2025-06-26,2025-12-01,3.04
2025-06-26,2026-01-01,3.02
2025-06-26,2026-02-01,2.93
2025-06-26,2026-03-01,2.91
2025-06-26,2026-04-01,2.89
2025-06-26,2026-05-01,2.88
2025-06-26,2026-06-01,2.86
2025-06-26,2026-07-01,2.86
2025-06-26,2026-08-01,2.86
2025-06-26,2026-09-01,2.86
2025-06-26,2026-10-01,2.88
2025-06-26,2026-11-01,2.89
2025-06-27,2025-06-01,3.83
2025-06-27,2025-07-01,3.66
2025-06-27,2025-08-01,3.47
2025-06-27,2025-09-01,3.39
2025-06-27,2025-10-01,3.28
2025-06-27,2025-11-01,3.13
2025-06-27,2025-12-01,3.05
2025-06-27,2026-01-01,3.02
2025-06-27,2026-02-01,2.94
2025-06-27,2026-03-01,2.92
2025-06-27,2026-04-01,2.89
2025-06-27,2026-05-01,2.88
2025-06-27,2026-06-01,2.86
2025-06-27,2026-07-01,2.86
2025-06-27,2026-08-01,2.86
2025-06-27,2026-09-01,2.86
2025-06-27,2026-10-01,2.88
2025-06-27,2026-11-01,2.89
2025-06-30,2025-06-01,3.83
2025-06-30,2025-07-01,3.66
2025-06-30,2025-08-01,3.48
2025-06-30,2025-09-01,3.4
2025-06-30,2025-10-01,3.29
2025-06-30,2025-11-01,3.12
2025-06-30,2025-12-01,3.05
2025-06-30,2026-01-01,3.03
2025-06-30,2026-02-01,2.95
2025-06-30,2026-03-01,2.92
2025-06-30,2026-04-01,2.91
2025-06-30,2026-05-01,2.89
2025-06-30,2026-06-01,2.88
2025-06-30,2026-07-01,2.86
2025-06-30,2026-08-01,2.87
2025-06-30,2026-09-01,2.87
2025-06-30,2026-10-01,2.89
2025-06-30,2026-11-01,2.91
2025-07-01,2025-07-01,3.66
2025-07-01,2025-08-01,3.47
2025-07-01,2025-09-01,3.39
2025-07-01,2025-10-01,3.28
2025-07-01,2025-11-01,3.12
2025-07-01,2025-12-01,3.03
2025-07-01,2026-01-01,3.0
2025-07-01,2026-02-01,2.92
2025-07-01,2026-03-01,2.89
2025-07-01,2026-04-01,2.88
2025-07-01,2026-05-01,2.86
2025-07-01,2026-06-01,2.86
2025-07-01,2026-07-01,2.84
2025-07-01,2026-08-01,2.85
2025-07-01,2026-09-01,2.85
2025-07-01,2026-10-01,2.87
2025-07-01,2026-11-01,2.89
2025-07-01,2026-12-01,2.9
2025-07-02,2025-07-01,3.66
2025-07-02,2025-08-01,3.47
2025-07-02,2025-09-01,3.39
2025-07-02,2025-10-01,3.28
2025-07-02,2025-11-01,3.12
2025-07-02,2025-12-01,3.05
2025-07-02,2026-01-01,3.03
2025-07-02,2026-02-01,2.94
2025-07-02,2026-03-01,2.92
2025-07-02,2026-04-01,2.91
2025-07-02,2026-05-01,2.89
2025-07-02,2026-06-01,2.89
2025-07-02,2026-07-01,2.88
2025-07-02,2026-08-01,2.88
2025-07-02,2026-09-01,2.89
2025-07-02,2026-10-01,2.91
2025-07-02,2026-11-01,2.92
2025-07-02,2026-12-01,2.93
2025-07-03,2025-07-01,3.66
2025-07-03,2025-08-01,3.47
2025-07-03,2025-09-01,3.39
2025-07-03,2025-10-01,3.3
2025-07-03,2025-11-01,3.14
2025-07-03,2025-12-01,3.06
2025-07-03,2026-01-01,3.03
2025-07-03,2026-02-01,2.95
2025-07-03,2026-03-01,2.93
2025-07-03,2026-04-01,2.92
2025-07-03,2026-05-01,2.91
2025-07-03,2026-06-01,2.9
2025-07-03,2026-07-01,2.9
2025-07-03,2026-08-01,2.91
2025-07-03,2026-09-01,2.91
2025-07-03,2026-10-01,2.92
2025-07-03,2026-11-01,2.94
2025-07-03,2026-12-01,2.95
2025-07-04,2025-07-01,3.66
2025-07-04,2025-08-01,3.49
2025-07-04,2025-09-01,3.42
2025-07-04,2025-10-01,3.32
2025-07-04,2025-11-01,3.17
2025-07-04,2025-12-01,3.08
2025-07-04,2026-01-01,3.06
2025-07-04,2026-02-01,2.98
2025-07-04,2026-03-01,2.97
2025-07-04,2026-04-01,2.95
2025-07-04,2026-05-01,2.94
2025-07-04,2026-06-01,2.94
2025-07-04,2026-07-01,2.93
2025-07-04,2026-08-01,2.93
2025-07-04,2026-09-01,2.94
2025-07-04,2026-10-01,2.95
2025-07-04,2026-11-01,2.97
2025-07-04,2026-12-01,2.98
2025-07-07,2025-07-01,3.66
2025-07-07,2025-08-01,3.48
2025-07-07,2025-09-01,3.42
2025-07-07,2025-10-01,3.32
2025-07-07,2025-11-01,3.17
2025-07-07,2025-12-01,3.08
2025-07-07,2026-01-01,3.05
2025-07-07,2026-02-01,2.97
2025-07-07,2026-03-01,2.96
2025-07-07,2026-04-01,2.94
2025-07-07,2026-05-01,2.93
2025-07-07,2026-06-01,2.92
2025-07-07,2026-07-01,2.92
2025-07-07,2026-08-01,2.92
2025-07-07,2026-09-01,2.92
2025-07-07,2026-10-01,2.94
2025-07-07,2026-11-01,2.96
2025-07-07,2026-12-01,2.97
2025-07-08,2025-07-01,3.83
2025-07-08,2025-08-01,3.69
2025-07-08,2025-09-01,3.61
2025-07-08,2025-10-01,3.5
2025-07-08,2025-11-01,3.31
2025-07-08,2025-12-01,3.22
2025-07-08,2026-01-01,3.19
2025-07-08,2026-02-01,3.09
2025-07-08,2026-03-01,3.07
2025-07-08,2026-04-01,3.05
2025-07-08,2026-05-01,3.03
2025-07-08,2026-06-01,3.02
2025-07-08,2026-07-01,3.02
2025-07-08,2026-08-01,3.02
2025-07-08,2026-09-01,3.02
2025-07-08,2026-10-01,3.03
2025-07-08,2026-11-01,3.04
2025-07-08,2026-12-01,3.06
2025-07-09,2025-07-01,3.83
2025-07-09,2025-08-01,3.7
2025-07-09,2025-09-01,3.61
2025-07-09,2025-10-01,3.53
2025-07-09,2025-11-01,3.35
2025-07-09,2025-12-01,3.26
2025-07-09,2026-01-01,3.22
2025-07-09,2026-02-01,3.12
2025-07-09,2026-03-01,3.1
2025-07-09,2026-04-01,3.08
2025-07-09,2026-05-01,3.06
2025-07-09,2026-06-01,3.06
2025-07-09,2026-07-01,3.05
2025-07-09,2026-08-01,3.06
2025-07-09,2026-09-01,3.06
2025-07-09,2026-10-01,3.07
2025-07-09,2026-11-01,3.08
2025-07-09,2026-12-01,3.1
2025-07-10,2025-07-01,3.83
2025-07-10,2025-08-01,3.69
2025-07-10,2025-09-01,3.61
2025-07-10,2025-10-01,3.52
2025-07-10,2025-11-01,3.36
2025-07-10,2025-12-01,3.26
2025-07-10,2026-01-01,3.23
2025-07-10,2026-02-01,3.11
2025-07-10,2026-03-01,3.09
2025-07-10,2026-04-01,3.08
2025-07-10,2026-05-01,3.06
2025-07-10,2026-06-01,3.05
2025-07-10,2026-07-01,3.04
2025-07-10,2026-08-01,3.04
2025-07-10,2026-09-01,3.05
2025-07-10,2026-10-01,3.06
2025-07-10,2026-11-01,3.06
2025-07-10,2026-12-01,3.08
2025-07-11,2025-07-01,3.83
2025-07-11,2025-08-01,3.69
2025-07-11,2025-09-01,3.61
2025-07-11,2025-10-01,3.52
2025-07-11,2025-11-01,3.35
2025-07-11,2025-12-01,3.27
2025-07-11,2026-01-01,3.23
2025-07-11,2026-02-01,3.11
2025-07-11,2026-03-01,3.09
2025-07-11,2026-04-01,3.08
2025-07-11,2026-05-01,3.06
2025-07-11,2026-06-01,3.05
2025-07-11,2026-07-01,3.05
2025-07-11,2026-08-01,3.05
2025-07-11,2026-09-01,3.05
2025-07-11,2026-10-01,3.06
2025-07-11,2026-11-01,3.07
2025-07-11,2026-12-01,3.08
2025-07-14,2025-07-01,3.83
2025-07-14,2025-08-01,3.69
2025-07-14,2025-09-01,3.61
2025-07-14,2025-10-01,3.53
2025-07-14,2025-11-01,3.36
2025-07-14,2025-12-01,3.28
2025-07-14,2026-01-01,3.25
2025-07-14,2026-02-01,3.14
2025-07-14,2026-03-01,3.12
2025-07-14,2026-04-01,3.11
2025-07-14,2026-05-01,3.09
2025-07-14,2026-06-01,3.08
2025-07-14,2026-07-01,3.08
2025-07-14,2026-08-01,3.08
2025-07-14,2026-09-01,3.08
2025-07-14,2026-10-01,3.1
2025-07-14,2026-11-01,3.11
2025-07-14,2026-12-01,3.12
2025-07-15,2025-07-01,3.83
2025-07-15,2025-08-01,3.7
2025-07-15,2025-09-01,3.61
2025-07-15,2025-10-01,3.53
2025-07-15,2025-11-01,3.38
2025-07-15,2025-12-01,3.29
2025-07-15,2026-01-01,3.27
2025-07-15,2026-02-01,3.15
2025-07-15,2026-03-01,3.14
2025-07-15,2026-04-01,3.13
2025-07-15,2026-05-01,3.11
2025-07-15,2026-06-01,3.11
2025-07-15,2026-07-01,3.11
2025-07-15,2026-08-01,3.11
2025-07-15,2026-09-01,3.11
2025-07-15,2026-10-01,3.12
2025-07-15,2026-11-01,3.14
2025-07-15,2026-12-01,3.14
2025-07-16,2025-07-01,3.83
2025-07-16,2025-08-01,3.7
2025-07-16,2025-09-01,3.61
2025-07-16,2025-10-01,3.54
2025-07-16,2025-11-01,3.38
2025-07-16,2025-12-01,3.31
2025-07-16,2026-01-01,3.28
2025-07-16,2026-02-01,3.19
2025-07-16,2026-03-01,3.17
2025-07-16,2026-04-01,3.16
2025-07-16,2026-05-01,3.14
2025-07-16,2026-06-01,3.14
2025-07-16,2026-07-01,3.13
2025-07-16,2026-08-01,3.14
2025-07-16,2026-09-01,3.14
2025-07-16,2026-10-01,3.14
2025-07-16,2026-11-01,3.16
2025-07-16,2026-12-01,3.16
2025-07-17,2025-07-01,3.83
2025-07-17,2025-08-01,3.68
2025-07-17,2025-09-01,3.58
2025-07-17,2025-10-01,3.46
2025-07-17,2025-11-01,3.3
2025-07-17,2025-12-01,3.22
2025-07-17,2026-01-01,3.19
2025-07-17,2026-02-01,3.08
2025-07-17,2026-03-01,3.06
2025-07-17,2026-04-01,3.06
2025-07-17,2026-05-01,3.04
2025-07-17,2026-06-01,3.03
2025-07-17,2026-07-01,3.03
2025-07-17,2026-08-01,3.04
2025-07-17,2026-09-01,3.04
2025-07-17,2026-10-01,3.05
2025-07-17,2026-11-01,3.06
2025-07-17,2026-12-01,3.07
2025-07-18,2025-07-01,3.83
2025-07-18,2025-08-01,3.68
2025-07-18,2025-09-01,3.58
2025-07-18,2025-10-01,3.45
2025-07-18,2025-11-01,3.28
2025-07-18,2025-12-01,3.2
2025-07-18,2026-01-01,3.17
2025-07-18,2026-02-01,3.06
2025-07-18,2026-03-01,3.05
2025-07-18,2026-04-01,3.04
2025-07-18,2026-05-01,3.02
2025-07-18,2026-06-01,3.02
2025-07-18,2026-07-01,3.01
2025-07-18,2026-08-01,3.01
2025-07-18,2026-09-01,3.01
2025-07-18,2026-10-01,3.02
2025-07-18,2026-11-01,3.03
2025-07-18,2026-12-01,3.03
2025-07-21,2025-07-01,3.83
2025-07-21,2025-08-01,3.69
2025-07-21,2025-09-01,3.58
2025-07-21,2025-10-01,3.44
2025-07-21,2025-11-01,3.29
2025-07-21,2025-12-01,3.22
2025-07-21,2026-01-01,3.19
2025-07-21,2026-02-01,3.08
2025-07-21,2026-03-01,3.06
2025-07-21,2026-04-01,3.06
2025-07-21,2026-05-01,3.03
2025-07-21,2026-06-01,3.03
2025-07-21,2026-07-01,3.02
2025-07-21,2026-08-01,3.02
2025-07-21,2026-09-01,3.02
2025-07-21,2026-10-01,3.03
2025-07-21,2026-11-01,3.03
2025-07-21,2026-12-01,3.05
2025-07-22,2025-07-01,3.83
2025-07-22,2025-08-01,3.68
2025-07-22,2025-09-01,3.58
2025-07-22,2025-10-01,3.45
2025-07-22,2025-11-01,3.3
2025-07-22,2025-12-01,3.22
2025-07-22,2026-01-01,3.19
2025-07-22,2026-02-01,3.08
2025-07-22,2026-03-01,3.07
2025-07-22,2026-04-01,3.06
2025-07-22,2026-05-01,3.03
2025-07-22,2026-06-01,3.03
2025-07-22,2026-07-01,3.03
2025-07-22,2026-08-01,3.03
2025-07-22,2026-09-01,3.03
2025-07-22,2026-10-01,3.03
2025-07-22,2026-11-01,3.05
2025-07-22,2026-12-01,3.06
2025-07-23,2025-07-01,3.83
2025-07-23,2025-08-01,3.67
2025-07-23,2025-09-01,3.58
2025-07-23,2025-10-01,3.45
2025-07-23,2025-11-01,3.29
2025-07-23,2025-12-01,3.22
2025-07-23,2026-01-01,3.19
2025-07-23,2026-02-01,3.08
2025-07-23,2026-03-01,3.07
2025-07-23,2026-04-01,3.06
2025-07-23,2026-05-01,3.03
2025-07-23,2026-06-01,3.03
2025-07-23,2026-07-01,3.02
2025-07-23,2026-08-01,3.02
2025-07-23,2026-09-01,3.03
2025-07-23,2026-10-01,3.03
2025-07-23,2026-11-01,3.03
2025-07-23,2026-12-01,3.05
2025-07-24,2025-07-01,3.83
2025-07-24,2025-08-01,3.69
2025-07-24,2025-09-01,3.59
2025-07-24,2025-10-01,3.5
2025-07-24,2025-11-01,3.36
2025-07-24,2025-12-01,3.28
2025-07-24,2026-01-01,3.25
2025-07-24,2026-02-01,3.14
2025-07-24,2026-03-01,3.13
2025-07-24,2026-04-01,3.12
2025-07-24,2026-05-01,3.1
2025-07-24,2026-06-01,3.09
2025-07-24,2026-07-01,3.09
2025-07-24,2026-08-01,3.09
2025-07-24,2026-09-01,3.08
2025-07-24,2026-10-01,3.08
2025-07-24,2026-11-01,3.09
2025-07-24,2026-12-01,3.1
2025-07-25,2025-07-01,3.83
2025-07-25,2025-08-01,3.69
2025-07-25,2025-09-01,3.59
2025-07-25,2025-10-01,3.51
2025-07-25,2025-11-01,3.36
2025-07-25,2025-12-01,3.29
2025-07-25,2026-01-01,3.26
2025-07-25,2026-02-01,3.16
2025-07-25,2026-03-01,3.14
2025-07-25,2026-04-01,3.14
2025-07-25,2026-05-01,3.12
2025-07-25,2026-06-01,3.11
2025-07-25,2026-07-01,3.11
2025-07-25,2026-08-01,3.1
2025-07-25,2026-09-01,3.1
2025-07-25,2026-10-01,3.11
2025-07-25,2026-11-01,3.11
2025-07-25,2026-12-01,3.12
2025-07-28,2025-07-01,3.83
2025-07-28,2025-08-01,3.69
2025-07-28,2025-09-01,3.6
2025-07-28,2025-10-01,3.52
2025-07-28,2025-11-01,3.37
2025-07-28,2025-12-01,3.28
2025-07-28,2026-01-01,3.26
2025-07-28,2026-02-01,3.15
2025-07-28,2026-03-01,3.14
2025-07-28,2026-04-01,3.13
2025-07-28,2026-05-01,3.11
2025-07-28,2026-06-01,3.11
2025-07-28,2026-07-01,3.1
2025-07-28,2026-08-01,3.1
2025-07-28,2026-09-01,3.1
2025-07-28,2026-10-01,3.11
2025-07-28,2026-11-01,3.11
2025-07-28,2026-12-01,3.12
2025-07-29,2025-07-01,3.83
2025-07-29,2025-08-01,3.69
2025-07-29,2025-09-01,3.61
2025-07-29,2025-10-01,3.52
2025-07-29,2025-11-01,3.36
2025-07-29,2025-12-01,3.28
2025-07-29,2026-01-01,3.25
2025-07-29,2026-02-01,3.13
2025-07-29,2026-03-01,3.12
2025-07-29,2026-04-01,3.11
2025-07-29,2026-05-01,3.09
2025-07-29,2026-06-01,3.09
2025-07-29,2026-07-01,3.08
2025-07-29,2026-08-01,3.08
2025-07-29,2026-09-01,3.08
2025-07-29,2026-10-01,3.08
2025-07-29,2026-11-01,3.09
2025-07-29,2026-12-01,3.1
2025-07-30,2025-07-01,3.83
2025-07-30,2025-08-01,3.68
2025-07-30,2025-09-01,3.58
2025-07-30,2025-10-01,3.48
2025-07-30,2025-11-01,3.31
2025-07-30,2025-12-01,3.22
2025-07-30,2026-01-01,3.19
2025-07-30,2026-02-01,3.07
2025-07-30,2026-03-01,3.06
2025-07-30,2026-04-01,3.05
2025-07-30,2026-05-01,3.02
2025-07-30,2026-06-01,3.02
2025-07-30,2026-07-01,3.02
2025-07-30,2026-08-01,3.02
2025-07-30,2026-09-01,3.02
2025-07-30,2026-10-01,3.03
2025-07-30,2026-11-01,3.03
2025-07-30,2026-12-01,3.04
2025-07-31,2025-07-01,3.83
2025-07-31,2025-08-01,3.69
2025-07-31,2025-09-01,3.58
2025-07-31,2025-10-01,3.5
2025-07-31,2025-11-01,3.33
2025-07-31,2025-12-01,3.25
2025-07-31,2026-01-01,3.23
2025-07-31,2026-02-01,3.11
2025-07-31,2026-03-01,3.1
2025-07-31,2026-04-01,3.09
2025-07-31,2026-05-01,3.06
2025-07-31,2026-06-01,3.06
2025-07-31,2026-07-01,3.05
2025-07-31,2026-08-01,3.05
2025-07-31,2026-09-01,3.05
2025-07-31,2026-10-01,3.06
2025-07-31,2026-11-01,3.06
2025-07-31,2026-12-01,3.07
2025-08-01,2025-08-01,3.69
2025-08-01,2025-09-01,3.58
2025-08-01,2025-10-01,3.51
2025-08-01,2025-11-01,3.36
2025-08-01,2025-12-01,3.28
2025-08-01,2026-01-01,3.25
2025-08-01,2026-02-01,3.16
2025-08-01,2026-03-01,3.14
2025-08-01,2026-04-01,3.14
2025-08-01,2026-05-01,3.1
2025-08-01,2026-06-01,3.1
2025-08-01,2026-07-01,3.09
2025-08-01,2026-08-01,3.09
2025-08-01,2026-09-01,3.09
2025-08-01,2026-10-01,3.1
2025-08-01,2026-11-01,3.11
2025-08-01,2026-12-01,3.11
2025-08-01,2027-01-01,3.11
2025-08-04,2025-08-01,3.69
2025-08-04,2025-09-01,3.58
2025-08-04,2025-10-01,3.5
2025-08-04,2025-11-01,3.31
2025-08-04,2025-12-01,3.22
2025-08-04,2026-01-01,3.19
2025-08-04,2026-02-01,3.09
2025-08-04,2026-03-01,3.08
2025-08-04,2026-04-01,3.08
2025-08-04,2026-05-01,3.04
2025-08-04,2026-06-01,3.04
2025-08-04,2026-07-01,3.03
2025-08-04,2026-08-01,3.03
2025-08-04,2026-09-01,3.03
2025-08-04,2026-10-01,3.04
2025-08-04,2026-11-01,3.05
2025-08-04,2026-12-01,3.05
2025-08-04,2027-01-01,3.06
2025-08-05,2025-08-01,3.68
2025-08-05,2025-09-01,3.58
2025-08-05,2025-10-01,3.48
2025-08-05,2025-11-01,3.3
2025-08-05,2025-12-01,3.22
2025-08-05,2026-01-01,3.19
2025-08-05,2026-02-01,3.08
2025-08-05,2026-03-01,3.06
2025-08-05,2026-04-01,3.06
2025-08-05,2026-05-01,3.02
2025-08-05,2026-06-01,3.01
2025-08-05,2026-07-01,3.0
2025-08-05,2026-08-01,3.0
2025-08-05,2026-09-01,3.0
2025-08-05,2026-10-01,3.0
2025-08-05,2026-11-01,3.01
2025-08-05,2026-12-01,3.02
2025-08-05,2027-01-01,3.02
2025-08-06,2025-08-01,3.69
2025-08-06,2025-09-01,3.58
2025-08-06,2025-10-01,3.5
2025-08-06,2025-11-01,3.33
2025-08-06,2025-12-01,3.25
2025-08-06,2026-01-01,3.22
2025-08-06,2026-02-01,3.11
2025-08-06,2026-03-01,3.1
2025-08-06,2026-04-01,3.08
2025-08-06,2026-05-01,3.06
2025-08-06,2026-06-01,3.05
2025-08-06,2026-07-01,3.04
2025-08-06,2026-08-01,3.04
2025-08-06,2026-09-01,3.04
2025-08-06,2026-10-01,3.04
2025-08-06,2026-11-01,3.04
2025-08-06,2026-12-01,3.05
2025-08-06,2027-01-01,3.05
2025-08-07,2025-08-01,3.69
2025-08-07,2025-09-01,3.58
2025-08-07,2025-10-01,3.5
2025-08-07,2025-11-01,3.33
2025-08-07,2025-12-01,3.24
2025-08-07,2026-01-01,3.21
2025-08-07,2026-02-01,3.09
2025-08-07,2026-03-01,3.08
2025-08-07,2026-04-01,3.07
2025-08-07,2026-05-01,3.03
2025-08-07,2026-06-01,3.03
2025-08-07,2026-07-01,3.02
2025-08-07,2026-08-01,3.02
2025-08-07,2026-09-01,3.02
2025-08-07,2026-10-01,3.02
2025-08-07,2026-11-01,3.02
2025-08-07,2026-12-01,3.03
2025-08-07,2027-01-01,3.03
2025-08-08,2025-08-01,3.69
2025-08-08,2025-09-01,3.58
2025-08-08,2025-10-01,3.5
2025-08-08,2025-11-01,3.32
2025-08-08,2025-12-01,3.25
2025-08-08,2026-01-01,3.22
2025-08-08,2026-02-01,3.11
2025-08-08,2026-03-01,3.09
2025-08-08,2026-04-01,3.08
2025-08-08,2026-05-01,3.05
2025-08-08,2026-06-01,3.04
2025-08-08,2026-07-01,3.03
2025-08-08,2026-08-01,3.03
2025-08-08,2026-09-01,3.03
2025-08-08,2026-10-01,3.04
2025-08-08,2026-11-01,3.05
2025-08-08,2026-12-01,3.05
2025-08-08,2027-01-01,3.05
2025-08-11,2025-08-01,3.69
2025-08-11,2025-09-01,3.58
2025-08-11,2025-10-01,3.5
2025-08-11,2025-11-01,3.33
2025-08-11,2025-12-01,3.25
2025-08-11,2026-01-01,3.22
2025-08-11,2026-02-01,3.11
2025-08-11,2026-03-01,3.09
2025-08-11,2026-04-01,3.08
2025-08-11,2026-05-01,3.05
2025-08-11,2026-06-01,3.04
2025-08-11,2026-07-01,3.03
2025-08-11,2026-08-01,3.03
2025-08-11,2026-09-01,3.03
2025-08-11,2026-10-01,3.03
2025-08-11,2026-11-01,3.03
2025-08-11,2026-12-01,3.03
2025-08-11,2027-01-01,3.04
2025-08-12,2025-08-01,3.69
2025-08-12,2025-09-01,3.58
2025-08-12,2025-10-01,3.5
2025-08-12,2025-11-01,3.33
2025-08-12,2025-12-01,3.25
2025-08-12,2026-01-01,3.22
2025-08-12,2026-02-01,3.1
2025-08-12,2026-03-01,3.08
2025-08-12,2026-04-01,3.08
2025-08-12,2026-05-01,3.03
2025-08-12,2026-06-01,3.03
2025-08-12,2026-07-01,3.02
2025-08-12,2026-08-01,3.02
2025-08-12,2026-09-01,3.02
2025-08-12,2026-10-01,3.02
2025-08-12,2026-11-01,3.02
2025-08-12,2026-12-01,3.03
2025-08-12,2027-01-01,3.03
2025-08-13,2025-08-01,3.69
2025-08-13,2025-09-01,3.58
2025-08-13,2025-10-01,3.48
2025-08-13,2025-11-01,3.31
2025-08-13,2025-12-01,3.22
2025-08-13,2026-01-01,3.19
2025-08-13,2026-02-01,3.07
2025-08-13,2026-03-01,3.06
2025-08-13,2026-04-01,3.05
2025-08-13,2026-05-01,3.0
2025-08-13,2026-06-01,3.0
2025-08-13,2026-07-01,2.98
2025-08-13,2026-08-01,2.98
2025-08-13,2026-09-01,2.98
2025-08-13,2026-10-01,2.98
2025-08-13,2026-11-01,2.99
2025-08-13,2026-12-01,3.0
2025-08-13,2027-01-01,3.0
2025-08-14,2025-08-01,3.69
2025-08-14,2025-09-01,3.58
2025-08-14,2025-10-01,3.51
2025-08-14,2025-11-01,3.32
2025-08-14,2025-12-01,3.23
2025-08-14,2026-01-01,3.2
2025-08-14,2026-02-01,3.08
2025-08-14,2026-03-01,3.06
2025-08-14,2026-04-01,3.03
2025-08-14,2026-05-01,3.0
2025-08-14,2026-06-01,2.98
2025-08-14,2026-07-01,2.97
2025-08-14,2026-08-01,2.97
2025-08-14,2026-09-01,2.97
2025-08-14,2026-10-01,2.97
2025-08-14,2026-11-01,2.97
2025-08-14,2026-12-01,2.98
2025-08-14,2027-01-01,2.98
2025-08-15,2025-08-01,3.69
2025-08-15,2025-09-01,3.58
2025-08-15,2025-10-01,3.51
2025-08-15,2025-11-01,3.33
2025-08-15,2025-12-01,3.25
2025-08-15,2026-01-01,3.22
2025-08-15,2026-02-01,3.08
2025-08-15,2026-03-01,3.06
2025-08-15,2026-04-01,3.04
2025-08-15,2026-05-01,3.0
2025-08-15,2026-06-01,3.0
2025-08-15,2026-07-01,2.98
2025-08-15,2026-08-01,2.98
2025-08-15,2026-09-01,2.97
2025-08-15,2026-10-01,2.97
2025-08-15,2026-11-01,2.98
2025-08-15,2026-12-01,2.98
2025-08-15,2027-01-01,2.99
2025-08-18,2025-08-01,3.69
2025-08-18,2025-09-01,3.58
2025-08-18,2025-10-01,3.51
2025-08-18,2025-11-01,3.33
2025-08-18,2025-12-01,3.25
2025-08-18,2026-01-01,3.22
2025-08-18,2026-02-01,3.1
2025-08-18,2026-03-01,3.08
2025-08-18,2026-04-01,3.06
2025-08-18,2026-05-01,3.02
2025-08-18,2026-06-01,3.0
2025-08-18,2026-07-01,3.0
2025-08-18,2026-08-01,3.0
2025-08-18,2026-09-01,3.0
2025-08-18,2026-10-01,3.0
2025-08-18,2026-11-01,3.0
2025-08-18,2026-12-01,3.01
2025-08-18,2027-01-01,3.02
2025-08-19,2025-08-01,3.69
2025-08-19,2025-09-01,3.58
2025-08-19,2025-10-01,3.52
2025-08-19,2025-11-01,3.34
2025-08-19,2025-12-01,3.28
2025-08-19,2026-01-01,3.25
2025-08-19,2026-02-01,3.13
2025-08-19,2026-03-01,3.11
2025-08-19,2026-04-01,3.1
2025-08-19,2026-05-01,3.06
2025-08-19,2026-06-01,3.06
2025-08-19,2026-07-01,3.05
2025-08-19,2026-08-01,3.05
2025-08-19,2026-09-01,3.05
2025-08-19,2026-10-01,3.06
2025-08-19,2026-11-01,3.06
2025-08-19,2026-12-01,3.07
2025-08-19,2027-01-01,3.07
2025-08-20,2025-08-01,3.69
2025-08-20,2025-09-01,3.58
2025-08-20,2025-10-01,3.51
2025-08-20,2025-11-01,3.33
2025-08-20,2025-12-01,3.25
2025-08-20,2026-01-01,3.22
2025-08-20,2026-02-01,3.1
2025-08-20,2026-03-01,3.08
2025-08-20,2026-04-01,3.06
2025-08-20,2026-05-01,3.03
2025-08-20,2026-06-01,3.03
2025-08-20,2026-07-01,3.02
2025-08-20,2026-08-01,3.02
2025-08-20,2026-09-01,3.02
2025-08-20,2026-10-01,3.03
2025-08-20,2026-11-01,3.03
2025-08-20,2026-12-01,3.04
2025-08-20,2027-01-01,3.05
2025-08-21,2025-08-01,3.69
2025-08-21,2025-09-01,3.58
2025-08-21,2025-10-01,3.52
2025-08-21,2025-11-01,3.33
2025-08-21,2025-12-01,3.25
2025-08-21,2026-01-01,3.22
2025-08-21,2026-02-01,3.11
2025-08-21,2026-03-01,3.08
2025-08-21,2026-04-01,3.07
2025-08-21,2026-05-01,3.03
2025-08-21,2026-06-01,3.01
2025-08-21,2026-07-01,3.01
2025-08-21,2026-08-01,3.01
2025-08-21,2026-09-01,3.01
2025-08-21,2026-10-01,3.02
2025-08-21,2026-11-01,3.02
2025-08-21,2026-12-01,3.03
2025-08-21,2027-01-01,3.03
2025-08-22,2025-08-01,3.69
2025-08-22,2025-09-01,3.58
2025-08-22,2025-10-01,3.52
2025-08-22,2025-11-01,3.34
2025-08-22,2025-12-01,3.27
2025-08-22,2026-01-01,3.25
2025-08-22,2026-02-01,3.14
2025-08-22,2026-03-01,3.11
2025-08-22,2026-04-01,3.09
2025-08-22,2026-05-01,3.05
2025-08-22,2026-06-01,3.04
2025-08-22,2026-07-01,3.04
2025-08-22,2026-08-01,3.04
2025-08-22,2026-09-01,3.04
2025-08-22,2026-10-01,3.05
2025-08-22,2026-11-01,3.05
2025-08-22,2026-12-01,3.06
2025-08-22,2027-01-01,3.06
2025-08-25,2025-08-01,3.69
2025-08-25,2025-09-01,3.58
2025-08-25,2025-10-01,3.51
2025-08-25,2025-11-01,3.33
2025-08-25,2025-12-01,3.25
2025-08-25,2026-01-01,3.22
2025-08-25,2026-02-01,3.11
2025-08-25,2026-03-01,3.08
2025-08-25,2026-04-01,3.08
2025-08-25,2026-05-01,3.03
2025-08-25,2026-06-01,3.02
2025-08-25,2026-07-01,3.02
2025-08-25,2026-08-01,3.02
2025-08-25,2026-09-01,3.02
2025-08-25,2026-10-01,3.02
2025-08-25,2026-11-01,3.02
2025-08-25,2026-12-01,3.03
2025-08-25,2027-01-01,3.03
2025-08-26,2025-08-01,3.69
2025-08-26,2025-09-01,3.58
2025-08-26,2025-10-01,3.51
2025-08-26,2025-11-01,3.33
2025-08-26,2025-12-01,3.25
2025-08-26,2026-01-01,3.23
2025-08-26,2026-02-01,3.12
2025-08-26,2026-03-01,3.09
2025-08-26,2026-04-01,3.08
2025-08-26,2026-05-01,3.03
2025-08-26,2026-06-01,3.03
2025-08-26,2026-07-01,3.02
2025-08-26,2026-08-01,3.02
2025-08-26,2026-09-01,3.02
2025-08-26,2026-10-01,3.03
2025-08-26,2026-11-01,3.03
2025-08-26,2026-12-01,3.04
2025-08-26,2027-01-01,3.04
2025-08-27,2025-08-01,3.69
2025-08-27,2025-09-01,3.58
2025-08-27,2025-10-01,3.53
2025-08-27,2025-11-01,3.35
2025-08-27,2025-12-01,3.28
2025-08-27,2026-01-01,3.26
2025-08-27,2026-02-01,3.15
2025-08-27,2026-03-01,3.13
2025-08-27,2026-04-01,3.11
2025-08-27,2026-05-01,3.07
2025-08-27,2026-06-01,3.06
2025-08-27,2026-07-01,3.05
2025-08-27,2026-08-01,3.05
2025-08-27,2026-09-01,3.05
2025-08-27,2026-10-01,3.05
2025-08-27,2026-11-01,3.06
2025-08-27,2026-12-01,3.06
2025-08-27,2027-01-01,3.07
2025-08-28,2025-08-01,3.69
2025-08-28,2025-09-01,3.58
2025-08-28,2025-10-01,3.53
2025-08-28,2025-11-01,3.35
2025-08-28,2025-12-01,3.28
2025-08-28,2026-01-01,3.25
2025-08-28,2026-02-01,3.13
2025-08-28,2026-03-01,3.11
2025-08-28,2026-04-01,3.09
2025-08-28,2026-05-01,3.05
2025-08-28,2026-06-01,3.03
2025-08-28,2026-07-01,3.03
2025-08-28,2026-08-01,3.03
2025-08-28,2026-09-01,3.03
2025-08-28,2026-10-01,3.03
2025-08-28,2026-11-01,3.03
2025-08-28,2026-12-01,3.05
2025-08-28,2027-01-01,3.05
2025-08-29,2025-08-01,3.69
2025-08-29,2025-09-01,3.58
2025-08-29,2025-10-01,3.54
2025-08-29,2025-11-01,3.36
2025-08-29,2025-12-01,3.28
2025-08-29,2026-01-01,3.27
2025-08-29,2026-02-01,3.14
2025-08-29,2026-03-01,3.11
2025-08-29,2026-04-01,3.11
2025-08-29,2026-05-01,3.06
2025-08-29,2026-06-01,3.05
2025-08-29,2026-07-01,3.04
2025-08-29,2026-08-01,3.04
2025-08-29,2026-09-01,3.03
2025-08-29,2026-10-01,3.04
2025-08-29,2026-11-01,3.05
2025-08-29,2026-12-01,3.06
2025-08-29,2027-01-01,3.06
2025-09-01,2025-09-01,3.58
2025-09-01,2025-10-01,3.54
2025-09-01,2025-11-01,3.36
2025-09-01,2025-12-01,3.28
2025-09-01,2026-01-01,3.27
2025-09-01,2026-02-01,3.15
2025-09-01,2026-03-01,3.14
2025-09-01,2026-04-01,3.11
2025-09-01,2026-05-01,3.07
2025-09-01,2026-06-01,3.06
2025-09-01,2026-07-01,3.05
2025-09-01,2026-08-01,3.05
2025-09-01,2026-09-01,3.05
2025-09-01,2026-10-01,3.06
2025-09-01,2026-11-01,3.06
2025-09-01,2026-12-01,3.07
2025-09-01,2027-01-01,3.08
2025-09-01,2027-02-01,3.09
2025-09-02,2025-09-01,3.58
2025-09-02,2025-10-01,3.54
2025-09-02,2025-11-01,3.36
2025-09-02,2025-12-01,3.29
2025-09-02,2026-01-01,3.28
2025-09-02,2026-02-01,3.17
2025-09-02,2026-03-01,3.15
2025-09-02,2026-04-01,3.14
2025-09-02,2026-05-01,3.09
2025-09-02,2026-06-01,3.08
2025-09-02,2026-07-01,3.08
2025-09-02,2026-08-01,3.08
2025-09-02,2026-09-01,3.08
2025-09-02,2026-10-01,3.08
2025-09-02,2026-11-01,3.09
2025-09-02,2026-12-01,3.09
2025-09-02,2027-01-01,3.1
2025-09-02,2027-02-01,3.12
2025-09-03,2025-09-01,3.58
2025-09-03,2025-10-01,3.56
2025-09-03,2025-11-01,3.39
2025-09-03,2025-12-01,3.33
2025-09-03,2026-01-01,3.31
2025-09-03,2026-02-01,3.23
2025-09-03,2026-03-01,3.22
2025-09-03,2026-04-01,3.2
2025-09-03,2026-05-01,3.16
2025-09-03,2026-06-01,3.15
2025-09-03,2026-07-01,3.14
2025-09-03,2026-08-01,3.14
2025-09-03,2026-09-01,3.14
2025-09-03,2026-10-01,3.16
2025-09-03,2026-11-01,3.17
2025-09-03,2026-12-01,3.17
2025-09-03,2027-01-01,3.18
2025-09-03,2027-02-01,3.19
2025-09-04,2025-09-01,3.58
2025-09-04,2025-10-01,3.55
2025-09-04,2025-11-01,3.39
2025-09-04,2025-12-01,3.33
2025-09-04,2026-01-01,3.31
2025-09-04,2026-02-01,3.21
2025-09-04,2026-03-01,3.19
2025-09-04,2026-04-01,3.17
2025-09-04,2026-05-01,3.12
2025-09-04,2026-06-01,3.12
2025-09-04,2026-07-01,3.11
2025-09-04,2026-08-01,3.11
2025-09-04,2026-09-01,3.11
2025-09-04,2026-10-01,3.11
2025-09-04,2026-11-01,3.12
2025-09-04,2026-12-01,3.13
2025-09-04,2027-01-01,3.14
2025-09-04,2027-02-01,3.15
2025-09-05,2025-09-01,3.58
2025-09-05,2025-10-01,3.55
2025-09-05,2025-11-01,3.39
2025-09-05,2025-12-01,3.33
2025-09-05,2026-01-01,3.31
2025-09-05,2026-02-01,3.22
2025-09-05,2026-03-01,3.19
2025-09-05,2026-04-01,3.17
2025-09-05,2026-05-01,3.12
2025-09-05,2026-06-01,3.11
2025-09-05,2026-07-01,3.11
2025-09-05,2026-08-01,3.11
2025-09-05,2026-09-01,3.11
2025-09-05,2026-10-01,3.11
2025-09-05,2026-11-01,3.12
2025-09-05,2026-12-01,3.12
2025-09-05,2027-01-01,3.13
2025-09-05,2027-02-01,3.15
2025-09-08,2025-09-01,3.58
2025-09-08,2025-10-01,3.55
2025-09-08,2025-11-01,3.39
2025-09-08,2025-12-01,3.33
2025-09-08,2026-01-01,3.31
2025-09-08,2026-02-01,3.22
2025-09-08,2026-03-01,3.19
2025-09-08,2026-04-01,3.17
2025-09-08,2026-05-01,3.12
2025-09-08,2026-06-01,3.11
2025-09-08,2026-07-01,3.11
2025-09-08,2026-08-01,3.11
2025-09-08,2026-09-01,3.11
2025-09-08,2026-10-01,3.11
2025-09-08,2026-11-01,3.12
2025-09-08,2026-12-01,3.12
2025-09-08,2027-01-01,3.13
2025-09-08,2027-02-01,3.15
2025-09-09,2025-09-01,3.59
2025-09-09,2025-10-01,3.56
2025-09-09,2025-11-01,3.38
2025-09-09,2025-12-01,3.33
2025-09-09,2026-01-01,3.31
2025-09-09,2026-02-01,3.2
2025-09-09,2026-03-01,3.19
2025-09-09,2026-04-01,3.17
2025-09-09,2026-05-01,3.11
2025-09-09,2026-06-01,3.11
2025-09-09,2026-07-01,3.09
2025-09-09,2026-08-01,3.09
2025-09-09,2026-09-01,3.09
2025-09-09,2026-10-01,3.09
2025-09-09,2026-11-01,3.09
2025-09-09,2026-12-01,3.1
2025-09-09,2027-01-01,3.11
2025-09-09,2027-02-01,3.12
2025-09-10,2025-09-01,3.59
2025-09-10,2025-10-01,3.56
2025-09-10,2025-11-01,3.39
2025-09-10,2025-12-01,3.32
2025-09-10,2026-01-01,3.31
2025-09-10,2026-02-01,3.2
2025-09-10,2026-03-01,3.19
2025-09-10,2026-04-01,3.17
2025-09-10,2026-05-01,3.11
2025-09-10,2026-06-01,3.11
2025-09-10,2026-07-01,3.09
2025-09-10,2026-08-01,3.09
2025-09-10,2026-09-01,3.09
2025-09-10,2026-10-01,3.09
2025-09-10,2026-11-01,3.1
2025-09-10,2026-12-01,3.11
2025-09-10,2027-01-01,3.11
2025-09-10,2027-02-01,3.12
2025-09-11,2025-09-01,3.59
2025-09-11,2025-10-01,3.56
2025-09-11,2025-11-01,3.39
2025-09-11,2025-12-01,3.32
2025-09-11,2026-01-01,3.31
2025-09-11,2026-02-01,3.19
2025-09-11,2026-03-01,3.19
2025-09-11,2026-04-01,3.17
2025-09-11,2026-05-01,3.12
2025-09-11,2026-06-01,3.11
2025-09-11,2026-07-01,3.11
2025-09-11,2026-08-01,3.1
2025-09-11,2026-09-01,3.1
2025-09-11,2026-10-01,3.1
2025-09-11,2026-11-01,3.1
2025-09-11,2026-12-01,3.11
2025-09-11,2027-01-01,3.11
2025-09-11,2027-02-01,3.11
2025-09-12,2025-09-01,3.59
2025-09-12,2025-10-01,3.56
2025-09-12,2025-11-01,3.39
2025-09-12,2025-12-01,3.33
2025-09-12,2026-01-01,3.31
2025-09-12,2026-02-01,3.2
2025-09-12,2026-03-01,3.19
2025-09-12,2026-04-01,3.18
2025-09-12,2026-05-01,3.14
2025-09-12,2026-06-01,3.13
2025-09-12,2026-07-01,3.12
2025-09-12,2026-08-01,3.12
2025-09-12,2026-09-01,3.12
2025-09-12,2026-10-01,3.12
2025-09-12,2026-11-01,3.12
2025-09-12,2026-12-01,3.14
2025-09-12,2027-01-01,3.14
2025-09-12,2027-02-01,3.15
2025-09-15,2025-09-01,3.59
2025-09-15,2025-10-01,3.57
2025-09-15,2025-11-01,3.41
2025-09-15,2025-12-01,3.34
2025-09-15,2026-01-01,3.32
2025-09-15,2026-02-01,3.21
2025-09-15,2026-03-01,3.2
2025-09-15,2026-04-01,3.19
2025-09-15,2026-05-01,3.15
2025-09-15,2026-06-01,3.14
2025-09-15,2026-07-01,3.14
2025-09-15,2026-08-01,3.14
2025-09-15,2026-09-01,3.14
2025-09-15,2026-10-01,3.14
2025-09-15,2026-11-01,3.14
2025-09-15,2026-12-01,3.16
2025-09-15,2027-01-01,3.16
2025-09-15,2027-02-01,3.17
2025-09-16,2025-09-01,3.59
2025-09-16,2025-10-01,3.56
2025-09-16,2025-11-01,3.41
2025-09-16,2025-12-01,3.33
2025-09-16,2026-01-01,3.31
2025-09-16,2026-02-01,3.19
2025-09-16,2026-03-01,3.19
2025-09-16,2026-04-01,3.19
2025-09-16,2026-05-01,3.15
2025-09-16,2026-06-01,3.14
2025-09-16,2026-07-01,3.14
2025-09-16,2026-08-01,3.14
2025-09-16,2026-09-01,3.14
2025-09-16,2026-10-01,3.14
2025-09-16,2026-11-01,3.14
2025-09-16,2026-12-01,3.16
2025-09-16,2027-01-01,3.16
2025-09-16,2027-02-01,3.17
2025-09-17,2025-09-01,3.59
2025-09-17,2025-10-01,3.56
2025-09-17,2025-11-01,3.4
2025-09-17,2025-12-01,3.33
2025-09-17,2026-01-01,3.31
2025-09-17,2026-02-01,3.19
2025-09-17,2026-03-01,3.19
2025-09-17,2026-04-01,3.17
2025-09-17,2026-05-01,3.13
2025-09-17,2026-06-01,3.12
2025-09-17,2026-07-01,3.11
2025-09-17,2026-08-01,3.11
2025-09-17,2026-09-01,3.11
2025-09-17,2026-10-01,3.11
2025-09-17,2026-11-01,3.11
2025-09-17,2026-12-01,3.12
2025-09-17,2027-01-01,3.13
2025-09-17,2027-02-01,3.14
2025-09-18,2025-09-01,3.59
2025-09-18,2025-10-01,3.57
2025-09-18,2025-11-01,3.39
2025-09-18,2025-12-01,3.31
2025-09-18,2026-01-01,3.3
2025-09-18,2026-02-01,3.17
2025-09-18,2026-03-01,3.16
2025-09-18,2026-04-01,3.14
2025-09-18,2026-05-01,3.09
2025-09-18,2026-06-01,3.08
2025-09-18,2026-07-01,3.07
2025-09-18,2026-08-01,3.07
2025-09-18,2026-09-01,3.07
2025-09-18,2026-10-01,3.07
2025-09-18,2026-11-01,3.08
2025-09-18,2026-12-01,3.08
2025-09-18,2027-01-01,3.08
2025-09-18,2027-02-01,3.09
2025-09-19,2025-09-01,3.59
2025-09-19,2025-10-01,3.58
2025-09-19,2025-11-01,3.41
2025-09-19,2025-12-01,3.33
2025-09-19,2026-01-01,3.3
2025-09-19,2026-02-01,3.19
2025-09-19,2026-03-01,3.17
2025-09-19,2026-04-01,3.17
2025-09-19,2026-05-01,3.11
2025-09-19,2026-06-01,3.11
2025-09-19,2026-07-01,3.11
2025-09-19,2026-08-01,3.11
2025-09-19,2026-09-01,3.11
2025-09-19,2026-10-01,3.11
2025-09-19,2026-11-01,3.11
2025-09-19,2026-12-01,3.12
2025-09-19,2027-01-01,3.12
2025-09-19,2027-02-01,3.14
2025-09-22,2025-09-01,3.59
2025-09-22,2025-10-01,3.58
2025-09-22,2025-11-01,3.42
2025-09-22,2025-12-01,3.36
2025-09-22,2026-01-01,3.33
2025-09-22,2026-02-01,3.22
2025-09-22,2026-03-01,3.2
2025-09-22,2026-04-01,3.19
2025-09-22,2026-05-01,3.14
2025-09-22,2026-06-01,3.13
2025-09-22,2026-07-01,3.12
2025-09-22,2026-08-01,3.12
2025-09-22,2026-09-01,3.12
2025-09-22,2026-10-01,3.13
2025-09-22,2026-11-01,3.14
2025-09-22,2026-12-01,3.14
2025-09-22,2027-01-01,3.14
2025-09-22,2027-02-01,3.16
2025-09-23,2025-09-01,3.59
2025-09-23,2025-10-01,3.58
2025-09-23,2025-11-01,3.42
2025-09-23,2025-12-01,3.35
2025-09-23,2026-01-01,3.34
2025-09-23,2026-02-01,3.23
2025-09-23,2026-03-01,3.22
2025-09-23,2026-04-01,3.19
2025-09-23,2026-05-01,3.14
2025-09-23,2026-06-01,3.14
2025-09-23,2026-07-01,3.12
2025-09-23,2026-08-01,3.12
2025-09-23,2026-09-01,3.12
2025-09-23,2026-10-01,3.13
2025-09-23,2026-11-01,3.14
2025-09-23,2026-12-01,3.14
2025-09-23,2027-01-01,3.14
2025-09-23,2027-02-01,3.16
2025-09-24,2025-09-01,3.59
2025-09-24,2025-10-01,3.59
2025-09-24,2025-11-01,3.48
2025-09-24,2025-12-01,3.44
2025-09-24,2026-01-01,3.43
2025-09-24,2026-02-01,3.34
2025-09-24,2026-03-01,3.31
2025-09-24,2026-04-01,3.3
2025-09-24,2026-05-01,3.23
2025-09-24,2026-06-01,3.22
2025-09-24,2026-07-01,3.22
2025-09-24,2026-08-01,3.22
2025-09-24,2026-09-01,3.21
2025-09-24,2026-10-01,3.21
2025-09-24,2026-11-01,3.22
2025-09-24,2026-12-01,3.22
2025-09-24,2027-01-01,3.23
2025-09-24,2027-02-01,3.24
2025-09-25,2025-09-01,3.59
2025-09-25,2025-10-01,3.59
2025-09-25,2025-11-01,3.49
2025-09-25,2025-12-01,3.44
2025-09-25,2026-01-01,3.45
2025-09-25,2026-02-01,3.36
2025-09-25,2026-03-01,3.34
2025-09-25,2026-04-01,3.33
2025-09-25,2026-05-01,3.28
2025-09-25,2026-06-01,3.26
2025-09-25,2026-07-01,3.25
2025-09-25,2026-08-01,3.25
2025-09-25,2026-09-01,3.25
2025-09-25,2026-10-01,3.25
2025-09-25,2026-11-01,3.26
2025-09-25,2026-12-01,3.27
2025-09-25,2027-01-01,3.28
2025-09-25,2027-02-01,3.28
2025-09-26,2025-09-01,3.59
2025-09-26,2025-10-01,3.59
2025-09-26,2025-11-01,3.48
2025-09-26,2025-12-01,3.45
2025-09-26,2026-01-01,3.45
2025-09-26,2026-02-01,3.37
2025-09-26,2026-03-01,3.36
2025-09-26,2026-04-01,3.33
2025-09-26,2026-05-01,3.3
2025-09-26,2026-06-01,3.28
2025-09-26,2026-07-01,3.28
2025-09-26,2026-08-01,3.28
2025-09-26,2026-09-01,3.28
2025-09-26,2026-10-01,3.29
2025-09-26,2026-11-01,3.3
2025-09-26,2026-12-01,3.31
2025-09-26,2027-01-01,3.31
2025-09-26,2027-02-01,3.32
2025-09-29,2025-09-01,3.59
2025-09-29,2025-10-01,3.59
2025-09-29,2025-11-01,3.47
2025-09-29,2025-12-01,3.42
2025-09-29,2026-01-01,3.42
2025-09-29,2026-02-01,3.34
2025-09-29,2026-03-01,3.33
2025-09-29,2026-04-01,3.31
2025-09-29,2026-05-01,3.27
2025-09-29,2026-06-01,3.25
2025-09-29,2026-07-01,3.25
2025-09-29,2026-08-01,3.25
2025-09-29,2026-09-01,3.25
2025-09-29,2026-10-01,3.26
2025-09-29,2026-11-01,3.27
2025-09-29,2026-12-01,3.28
2025-09-29,2027-01-01,3.28
2025-09-29,2027-02-01,3.29
2025-09-30,2025-09-01,3.59
2025-09-30,2025-10-01,3.59
2025-09-30,2025-11-01,3.51
2025-09-30,2025-12-01,3.46
2025-09-30,2026-01-01,3.45
2025-09-30,2026-02-01,3.38
2025-09-30,2026-03-01,3.36
2025-09-30,2026-04-01,3.35
2025-09-30,2026-05-01,3.31
2025-09-30,2026-06-01,3.3
2025-09-30,2026-07-01,3.3
2025-09-30,2026-08-01,3.3
2025-09-30,2026-09-01,3.3
2025-09-30,2026-10-01,3.31
2025-09-30,2026-11-01,3.31
2025-09-30,2026-12-01,3.32
2025-09-30,2027-01-01,3.32
2025-09-30,2027-02-01,3.33
2025-10-01,2025-10-01,3.59
2025-10-01,2025-11-01,3.51
2025-10-01,2025-12-01,3.46
2025-10-01,2026-01-01,3.45
2025-10-01,2026-02-01,3.38
2025-10-01,2026-03-01,3.36
2025-10-01,2026-04-01,3.35
2025-10-01,2026-05-01,3.31
2025-10-01,2026-06-01,3.3
2025-10-01,2026-07-01,3.3
2025-10-01,2026-08-01,3.3
2025-10-01,2026-09-01,3.3
2025-10-01,2026-10-01,3.31
2025-10-01,2026-11-01,3.31
2025-10-01,2026-12-01,3.32
2025-10-01,2027-01-01,3.32
2025-10-01,2027-02-01,3.33
2025-10-02,2025-10-01,3.59
2025-10-02,2025-11-01,3.5
2025-10-02,2025-12-01,3.45
2025-10-02,2026-01-01,3.45
2025-10-02,2026-02-01,3.37
2025-10-02,2026-03-01,3.36
2025-10-02,2026-04-01,3.33
2025-10-02,2026-05-01,3.28
2025-10-02,2026-06-01,3.28
2025-10-02,2026-07-01,3.27
2025-10-02,2026-08-01,3.27
2025-10-02,2026-09-01,3.27
2025-10-02,2026-10-01,3.27
2025-10-02,2026-11-01,3.27
2025-10-02,2026-12-01,3.28
2025-10-02,2027-01-01,3.28
2025-10-02,2027-02-01,3.3
2025-10-02,2027-03-01,3.31
2025-10-03,2025-10-01,3.59
2025-10-03,2025-11-01,3.51
2025-10-03,2025-12-01,3.46
2025-10-03,2026-01-01,3.45
2025-10-03,2026-02-01,3.37
2025-10-03,2026-03-01,3.36
2025-10-03,2026-04-01,3.33
2025-10-03,2026-05-01,3.28
2025-10-03,2026-06-01,3.27
2025-10-03,2026-07-01,3.27
2025-10-03,2026-08-01,3.27
2025-10-03,2026-09-01,3.27
2025-10-03,2026-10-01,3.27
2025-10-03,2026-11-01,3.28
2025-10-03,2026-12-01,3.28
2025-10-03,2027-01-01,3.28
2025-10-03,2027-02-01,3.3
2025-10-03,2027-03-01,3.31
2025-10-06,2025-10-01,3.59
2025-10-06,2025-11-01,3.53
2025-10-06,2025-12-01,3.48
2025-10-06,2026-01-01,3.47
2025-10-06,2026-02-01,3.39
2025-10-06,2026-03-01,3.39
2025-10-06,2026-04-01,3.36
2025-10-06,2026-05-01,3.31
2025-10-06,2026-06-01,3.3
2025-10-06,2026-07-01,3.3
2025-10-06,2026-08-01,3.3
2025-10-06,2026-09-01,3.3
2025-10-06,2026-10-01,3.3
2025-10-06,2026-11-01,3.31
2025-10-06,2026-12-01,3.31
2025-10-06,2027-01-01,3.31
2025-10-06,2027-02-01,3.33
2025-10-06,2027-03-01,3.33
2025-10-07,2025-10-01,3.59
2025-10-07,2025-11-01,3.51
2025-10-07,2025-12-01,3.47
2025-10-07,2026-01-01,3.46
2025-10-07,2026-02-01,3.39
2025-10-07,2026-03-01,3.38
2025-10-07,2026-04-01,3.36
2025-10-07,2026-05-01,3.3
2025-10-07,2026-06-01,3.29
2025-10-07,2026-07-01,3.28
2025-10-07,2026-08-01,3.28
2025-10-07,2026-09-01,3.28
2025-10-07,2026-10-01,3.29
2025-10-07,2026-11-01,3.3
2025-10-07,2026-12-01,3.31
2025-10-07,2027-01-01,3.31
2025-10-07,2027-02-01,3.32
2025-10-07,2027-03-01,3.33
2025-10-08,2025-10-01,3.59
2025-10-08,2025-11-01,3.5
2025-10-08,2025-12-01,3.47
2025-10-08,2026-01-01,3.45
2025-10-08,2026-02-01,3.38
2025-10-08,2026-03-01,3.36
2025-10-08,2026-04-01,3.34
2025-10-08,2026-05-01,3.3
2025-10-08,2026-06-01,3.29
2025-10-08,2026-07-01,3.28
2025-10-08,2026-08-01,3.28
2025-10-08,2026-09-01,3.28
2025-10-08,2026-10-01,3.28
2025-10-08,2026-11-01,3.3
2025-10-08,2026-12-01,3.31
2025-10-08,2027-01-01,3.31
2025-10-08,2027-02-01,3.32
2025-10-08,2027-03-01,3.33
2025-10-09,2025-10-01,3.59
2025-10-09,2025-11-01,3.51
2025-10-09,2025-12-01,3.47
2025-10-09,2026-01-01,3.47
2025-10-09,2026-02-01,3.39
2025-10-09,2026-03-01,3.39
2025-10-09,2026-04-01,3.36
2025-10-09,2026-05-01,3.31
2025-10-09,2026-06-01,3.31
2025-10-09,2026-07-01,3.3
2025-10-09,2026-08-01,3.3
2025-10-09,2026-09-01,3.3
2025-10-09,2026-10-01,3.31
2025-10-09,2026-11-01,3.31
2025-10-09,2026-12-01,3.31
2025-10-09,2027-01-01,3.32
2025-10-09,2027-02-01,3.33
2025-10-09,2027-03-01,3.34
2025-10-10,2025-10-01,3.59
2025-10-10,2025-11-01,3.52
2025-10-10,2025-12-01,3.48
2025-10-10,2026-01-01,3.47
2025-10-10,2026-02-01,3.41
2025-10-10,2026-03-01,3.41
2025-10-10,2026-04-01,3.38
2025-10-10,2026-05-01,3.34
2025-10-10,2026-06-01,3.33
2025-10-10,2026-07-01,3.32
2025-10-10,2026-08-01,3.32
2025-10-10,2026-09-01,3.32
2025-10-10,2026-10-01,3.33
2025-10-10,2026-11-01,3.33
2025-10-10,2026-12-01,3.34
2025-10-10,2027-01-01,3.34
2025-10-10,2027-02-01,3.36
2025-10-10,2027-03-01,3.36
2025-10-13,2025-10-01,3.59
2025-10-13,2025-11-01,3.48
2025-10-13,2025-12-01,3.44
2025-10-13,2026-01-01,3.43
2025-10-13,2026-02-01,3.36
2025-10-13,2026-03-01,3.35
2025-10-13,2026-04-01,3.33
2025-10-13,2026-05-01,3.28
2025-10-13,2026-06-01,3.28
2025-10-13,2026-07-01,3.26
2025-10-13,2026-08-01,3.27
2025-10-13,2026-09-01,3.27
2025-10-13,2026-10-01,3.27
2025-10-13,2026-11-01,3.27
2025-10-13,2026-12-01,3.28
2025-10-13,2027-01-01,3.28
2025-10-13,2027-02-01,3.29
2025-10-13,2027-03-01,3.3
2025-10-14,2025-10-01,3.59
2025-10-14,2025-11-01,3.5
2025-10-14,2025-12-01,3.45
2025-10-14,2026-01-01,3.43
2025-10-14,2026-02-01,3.35
2025-10-14,2026-03-01,3.33
2025-10-14,2026-04-01,3.31
2025-10-14,2026-05-01,3.26
2025-10-14,2026-06-01,3.25
2025-10-14,2026-07-01,3.23
2025-10-14,2026-08-01,3.23
2025-10-14,2026-09-01,3.23
2025-10-14,2026-10-01,3.22
2025-10-14,2026-11-01,3.22
2025-10-14,2026-12-01,3.23
2025-10-14,2027-01-01,3.23
2025-10-14,2027-02-01,3.23
2025-10-14,2027-03-01,3.24
2025-10-15,2025-10-01,3.59
2025-10-15,2025-11-01,3.5
2025-10-15,2025-12-01,3.46
2025-10-15,2026-01-01,3.44
2025-10-15,2026-02-01,3.37
2025-10-15,2026-03-01,3.35
2025-10-15,2026-04-01,3.33
2025-10-15,2026-05-01,3.28
2025-10-15,2026-06-01,3.27
2025-10-15,2026-07-01,3.25
2025-10-15,2026-08-01,3.25
2025-10-15,2026-09-01,3.25
2025-10-15,2026-10-01,3.25
2025-10-15,2026-11-01,3.25
2025-10-15,2026-12-01,3.25
2025-10-15,2027-01-01,3.25
2025-10-15,2027-02-01,3.26
2025-10-15,2027-03-01,3.27
2025-10-16,2025-10-01,3.59
2025-10-16,2025-11-01,3.44
2025-10-16,2025-12-01,3.38
2025-10-16,2026-01-01,3.34
2025-10-16,2026-02-01,3.26
2025-10-16,2026-03-01,3.23
2025-10-16,2026-04-01,3.21
2025-10-16,2026-05-01,3.16
2025-10-16,2026-06-01,3.15
2025-10-16,2026-07-01,3.14
2025-10-16,2026-08-01,3.14
2025-10-16,2026-09-01,3.14
2025-10-16,2026-10-01,3.14
2025-10-16,2026-11-01,3.15
2025-10-16,2026-12-01,3.16
2025-10-16,2027-01-01,3.16
2025-10-16,2027-02-01,3.17
2025-10-16,2027-03-01,3.17
2025-10-17,2025-10-01,3.59
2025-10-17,2025-11-01,3.42
2025-10-17,2025-12-01,3.35
2025-10-17,2026-01-01,3.32
2025-10-17,2026-02-01,3.22
2025-10-17,2026-03-01,3.19
2025-10-17,2026-04-01,3.16
2025-10-17,2026-05-01,3.1
2025-10-17,2026-06-01,3.08
2025-10-17,2026-07-01,3.08
2025-10-17,2026-08-01,3.08
2025-10-17,2026-09-01,3.08
2025-10-17,2026-10-01,3.08
2025-10-17,2026-11-01,3.08
2025-10-17,2026-12-01,3.09
2025-10-17,2027-01-01,3.09
2025-10-17,2027-02-01,3.1
2025-10-17,2027-03-01,3.11
2025-10-20,2025-10-01,3.59
2025-10-20,2025-11-01,3.44
2025-10-20,2025-12-01,3.37
2025-10-20,2026-01-01,3.35
2025-10-20,2026-02-01,3.26
2025-10-20,2026-03-01,3.23
2025-10-20,2026-04-01,3.2
2025-10-20,2026-05-01,3.14
2025-10-20,2026-06-01,3.13
2025-10-20,2026-07-01,3.12
2025-10-20,2026-08-01,3.12
2025-10-20,2026-09-01,3.13
2025-10-20,2026-10-01,3.13
2025-10-20,2026-11-01,3.13
2025-10-20,2026-12-01,3.14
2025-10-20,2027-01-01,3.14
2025-10-20,2027-02-01,3.15
2025-10-20,2027-03-01,3.16
2025-10-21,2025-10-01,3.59
2025-10-21,2025-11-01,3.44
2025-10-21,2025-12-01,3.38
2025-10-21,2026-01-01,3.36
2025-10-21,2026-02-01,3.27
2025-10-21,2026-03-01,3.22
2025-10-21,2026-04-01,3.19
2025-10-21,2026-05-01,3.13
2025-10-21,2026-06-01,3.12
2025-10-21,2026-07-01,3.11
2025-10-21,2026-08-01,3.11
2025-10-21,2026-09-01,3.12
2025-10-21,2026-10-01,3.12
2025-10-21,2026-11-01,3.12
2025-10-21,2026-12-01,3.12
2025-10-21,2027-01-01,3.13
2025-10-21,2027-02-01,3.14
2025-10-21,2027-03-01,3.14
2025-10-22,2025-10-01,3.59
2025-10-22,2025-11-01,3.45
2025-10-22,2025-12-01,3.39
2025-10-22,2026-01-01,3.37
2025-10-22,2026-02-01,3.27
2025-10-22,2026-03-01,3.23
2025-10-22,2026-04-01,3.21
2025-10-22,2026-05-01,3.14
2025-10-22,2026-06-01,3.14
2025-10-22,2026-07-01,3.13
2025-10-22,2026-08-01,3.12
2025-10-22,2026-09-01,3.12
2025-10-22,2026-10-01,3.12
2025-10-22,2026-11-01,3.12
2025-10-22,2026-12-01,3.14
2025-10-22,2027-01-01,3.14
2025-10-22,2027-02-01,3.14
2025-10-22,2027-03-01,3.15
2025-10-23,2025-10-01,3.59
2025-10-23,2025-11-01,3.46
2025-10-23,2025-12-01,3.39
2025-10-23,2026-01-01,3.37
2025-10-23,2026-02-01,3.27
2025-10-23,2026-03-01,3.23
2025-10-23,2026-04-01,3.22
2025-10-23,2026-05-01,3.15
2025-10-23,2026-06-01,3.14
2025-10-23,2026-07-01,3.13
2025-10-23,2026-08-01,3.13
2025-10-23,2026-09-01,3.12
2025-10-23,2026-10-01,3.12
2025-10-23,2026-11-01,3.12
2025-10-23,2026-12-01,3.13
2025-10-23,2027-01-01,3.14
2025-10-23,2027-02-01,3.16
2025-10-23,2027-03-01,3.17
2025-10-24,2025-10-01,3.59
2025-10-24,2025-11-01,3.45
2025-10-24,2025-12-01,3.39
2025-10-24,2026-01-01,3.37
2025-10-24,2026-02-01,3.27
2025-10-24,2026-03-01,3.25
2025-10-24,2026-04-01,3.22
2025-10-24,2026-05-01,3.16
2025-10-24,2026-06-01,3.15
2025-10-24,2026-07-01,3.14
2025-10-24,2026-08-01,3.14
2025-10-24,2026-09-01,3.14
2025-10-24,2026-10-01,3.14
2025-10-24,2026-11-01,3.14
2025-10-24,2026-12-01,3.16
2025-10-24,2027-01-01,3.16
2025-10-24,2027-02-01,3.17
2025-10-24,2027-03-01,3.17
2025-10-27,2025-10-01,3.59
2025-10-27,2025-11-01,3.47
2025-10-27,2025-12-01,3.41
2025-10-27,2026-01-01,3.39
2025-10-27,2026-02-01,3.28
2025-10-27,2026-03-01,3.28
2025-10-27,2026-04-01,3.25
2025-10-27,2026-05-01,3.19
2025-10-27,2026-06-01,3.19
2025-10-27,2026-07-01,3.18
2025-10-27,2026-08-01,3.17
2025-10-27,2026-09-01,3.17
2025-10-27,2026-10-01,3.17
2025-10-27,2026-11-01,3.18
2025-10-27,2026-12-01,3.19
2025-10-27,2027-01-01,3.19
2025-10-27,2027-02-01,3.21
2025-10-27,2027-03-01,3.22
2025-10-28,2025-10-01,3.59
2025-10-28,2025-11-01,3.52
2025-10-28,2025-12-01,3.45
2025-10-28,2026-01-01,3.43
2025-10-28,2026-02-01,3.34
2025-10-28,2026-03-01,3.31
2025-10-28,2026-04-01,3.28
2025-10-28,2026-05-01,3.23
2025-10-28,2026-06-01,3.22
2025-10-28,2026-07-01,3.22
2025-10-28,2026-08-01,3.22
2025-10-28,2026-09-01,3.22
2025-10-28,2026-10-01,3.22
2025-10-28,2026-11-01,3.22
2025-10-28,2026-12-01,3.23
2025-10-28,2027-01-01,3.23
2025-10-28,2027-02-01,3.25
2025-10-28,2027-03-01,3.25
2025-10-29,2025-10-01,3.59
2025-10-29,2025-11-01,3.58
2025-10-29,2025-12-01,3.55
2025-10-29,2026-01-01,3.55
2025-10-29,2026-02-01,3.47
2025-10-29,2026-03-01,3.44
2025-10-29,2026-04-01,3.43
2025-10-29,2026-05-01,3.37
2025-10-29,2026-06-01,3.36
2025-10-29,2026-07-01,3.35
2025-10-29,2026-08-01,3.34
2025-10-29,2026-09-01,3.34
2025-10-29,2026-10-01,3.34
2025-10-29,2026-11-01,3.34
2025-10-29,2026-12-01,3.36
2025-10-29,2027-01-01,3.36
2025-10-29,2027-02-01,3.38
2025-10-29,2027-03-01,3.38
2025-10-30,2025-10-01,3.59
2025-10-30,2025-11-01,3.58
2025-10-30,2025-12-01,3.56
2025-10-30,2026-01-01,3.56
2025-10-30,2026-02-01,3.48
2025-10-30,2026-03-01,3.47
2025-10-30,2026-04-01,3.45
2025-10-30,2026-05-01,3.4
2025-10-30,2026-06-01,3.38
2025-10-30,2026-07-01,3.37
2025-10-30,2026-08-01,3.36
2025-10-30,2026-09-01,3.36
2025-10-30,2026-10-01,3.36
2025-10-30,2026-11-01,3.37
2025-10-30,2026-12-01,3.38
2025-10-30,2027-01-01,3.39
2025-10-30,2027-02-01,3.4
2025-10-30,2027-03-01,3.41
2025-10-31,2025-10-01,3.59
2025-10-31,2025-11-01,3.58
2025-10-31,2025-12-01,3.56
2025-10-31,2026-01-01,3.56
2025-10-31,2026-02-01,3.48
2025-10-31,2026-03-01,3.45
2025-10-31,2026-04-01,3.43
2025-10-31,2026-05-01,3.38
2025-10-31,2026-06-01,3.36
2025-10-31,2026-07-01,3.36
2025-10-31,2026-08-01,3.34
2025-10-31,2026-09-01,3.35
2025-10-31,2026-10-01,3.35
2025-10-31,2026-11-01,3.36
2025-10-31,2026-12-01,3.36
2025-10-31,2027-01-01,3.37
2025-10-31,2027-02-01,3.39
2025-10-31,2027-03-01,3.39
2025-11-03,2025-11-01,3.58
2025-11-03,2025-12-01,3.56
2025-11-03,2026-01-01,3.56
2025-11-03,2026-02-01,3.5
2025-11-03,2026-03-01,3.48
2025-11-03,2026-04-01,3.45
2025-11-03,2026-05-01,3.41
2025-11-03,2026-06-01,3.4
2025-11-03,2026-07-01,3.39
2025-11-03,2026-08-01,3.39
2025-11-03,2026-09-01,3.39
2025-11-03,2026-10-01,3.39
2025-11-03,2026-11-01,3.39
2025-11-03,2026-12-01,3.41
2025-11-03,2027-01-01,3.41
2025-11-03,2027-02-01,3.42
2025-11-03,2027-03-01,3.43
2025-11-03,2027-04-01,3.44
2025-11-04,2025-11-01,3.59
2025-11-04,2025-12-01,3.58
2025-11-04,2026-01-01,3.57
2025-11-04,2026-02-01,3.53
2025-11-04,2026-03-01,3.52
2025-11-04,2026-04-01,3.49
2025-11-04,2026-05-01,3.44
2025-11-04,2026-06-01,3.43
2025-11-04,2026-07-01,3.42
2025-11-04,2026-08-01,3.42
2025-11-04,2026-09-01,3.42
2025-11-04,2026-10-01,3.42
2025-11-04,2026-11-01,3.42
2025-11-04,2026-12-01,3.44
2025-11-04,2027-01-01,3.44
2025-11-04,2027-02-01,3.45
2025-11-04,2027-03-01,3.47
2025-11-04,2027-04-01,3.47
2025-11-05,2025-11-01,3.59
2025-11-05,2025-12-01,3.57
2025-11-05,2026-01-01,3.56
2025-11-05,2026-02-01,3.5
2025-11-05,2026-03-01,3.48
2025-11-05,2026-04-01,3.47
2025-11-05,2026-05-01,3.41
2025-11-05,2026-06-01,3.39
2025-11-05,2026-07-01,3.38
2025-11-05,2026-08-01,3.38
2025-11-05,2026-09-01,3.38
2025-11-05,2026-10-01,3.38
2025-11-05,2026-11-01,3.38
2025-11-05,2026-12-01,3.39
2025-11-05,2027-01-01,3.39
2025-11-05,2027-02-01,3.41
2025-11-05,2027-03-01,3.42
2025-11-05,2027-04-01,3.42
2025-11-06,2025-11-01,3.59
2025-11-06,2025-12-01,3.58
2025-11-06,2026-01-01,3.56
2025-11-06,2026-02-01,3.52
2025-11-06,2026-03-01,3.48
2025-11-06,2026-04-01,3.47
2025-11-06,2026-05-01,3.42
2025-11-06,2026-06-01,3.41
2025-11-06,2026-07-01,3.41
2025-11-06,2026-08-01,3.39
2025-11-06,2026-09-01,3.39
2025-11-06,2026-10-01,3.39
2025-11-06,2026-11-01,3.4
2025-11-06,2026-12-01,3.41
2025-11-06,2027-01-01,3.41
2025-11-06,2027-02-01,3.42
2025-11-06,2027-03-01,3.43
2025-11-06,2027-04-01,3.44
2025-11-07,2025-11-01,3.59
2025-11-07,2025-12-01,3.57
2025-11-07,2026-01-01,3.56
2025-11-07,2026-02-01,3.5
2025-11-07,2026-03-01,3.49
2025-11-07,2026-04-01,3.48
2025-11-07,2026-05-01,3.42
2025-11-07,2026-06-01,3.4
2025-11-07,2026-07-01,3.39
2025-11-07,2026-08-01,3.39
2025-11-07,2026-09-01,3.39
2025-11-07,2026-10-01,3.39
2025-11-07,2026-11-01,3.39
2025-11-07,2026-12-01,3.4
2025-11-07,2027-01-01,3.41
2025-11-07,2027-02-01,3.42
2025-11-07,2027-03-01,3.42
2025-11-07,2027-04-01,3.44
2025-11-10,2025-11-01,3.59
2025-11-10,2025-12-01,3.58
2025-11-10,2026-01-01,3.56
2025-11-10,2026-02-01,3.51
2025-11-10,2026-03-01,3.51
2025-11-10,2026-04-01,3.5
2025-11-10,2026-05-01,3.44
2025-11-10,2026-06-01,3.43
2025-11-10,2026-07-01,3.42
2025-11-10,2026-08-01,3.42
2025-11-10,2026-09-01,3.42
2025-11-10,2026-10-01,3.42
2025-11-10,2026-11-01,3.43
2025-11-10,2026-12-01,3.44
2025-11-10,2027-01-01,3.44
2025-11-10,2027-02-01,3.46
2025-11-10,2027-03-01,3.47
2025-11-10,2027-04-01,3.48
2025-11-11,2025-11-01,3.59
2025-11-11,2025-12-01,3.58
2025-11-11,2026-01-01,3.58
2025-11-11,2026-02-01,3.53
2025-11-11,2026-03-01,3.52
2025-11-11,2026-04-01,3.5
2025-11-11,2026-05-01,3.45
2025-11-11,2026-06-01,3.44
2025-11-11,2026-07-01,3.44
2025-11-11,2026-08-01,3.44
2025-11-11,2026-09-01,3.44
2025-11-11,2026-10-01,3.44
2025-11-11,2026-11-01,3.44
2025-11-11,2026-12-01,3.45
2025-11-11,2027-01-01,3.46
2025-11-11,2027-02-01,3.47
2025-11-11,2027-03-01,3.48
2025-11-11,2027-04-01,3.5
2025-11-12,2025-11-01,3.59
2025-11-12,2025-12-01,3.58
2025-11-12,2026-01-01,3.57
2025-11-12,2026-02-01,3.53
2025-11-12,2026-03-01,3.52
2025-11-12,2026-04-01,3.5
2025-11-12,2026-05-01,3.45
2025-11-12,2026-06-01,3.44
2025-11-12,2026-07-01,3.44
2025-11-12,2026-08-01,3.43
2025-11-12,2026-09-01,3.43
2025-11-12,2026-10-01,3.44
2025-11-12,2026-11-01,3.44
2025-11-12,2026-12-01,3.45
2025-11-12,2027-01-01,3.46
2025-11-12,2027-02-01,3.47
2025-11-12,2027-03-01,3.48
2025-11-12,2027-04-01,3.5
2025-11-13,2025-11-01,3.59
2025-11-13,2025-12-01,3.58
2025-11-13,2026-01-01,3.57
2025-11-13,2026-02-01,3.53
2025-11-13,2026-03-01,3.52
2025-11-13,2026-04-01,3.5
2025-11-13,2026-05-01,3.45
2025-11-13,2026-06-01,3.44
2025-11-13,2026-07-01,3.44
2025-11-13,2026-08-01,3.43
2025-11-13,2026-09-01,3.43
2025-11-13,2026-10-01,3.44
2025-11-13,2026-11-01,3.44
2025-11-13,2026-12-01,3.45
2025-11-13,2027-01-01,3.46
2025-11-13,2027-02-01,3.47
2025-11-13,2027-03-01,3.48
2025-11-13,2027-04-01,3.5
2025-11-14,2025-11-01,3.59
2025-11-14,2025-12-01,3.59
2025-11-14,2026-01-01,3.58
2025-11-14,2026-02-01,3.55
2025-11-14,2026-03-01,3.53
2025-11-14,2026-04-01,3.53
2025-11-14,2026-05-01,3.48
2025-11-14,2026-06-01,3.48
2025-11-14,2026-07-01,3.48
2025-11-14,2026-08-01,3.49
2025-11-14,2026-09-01,3.5
2025-11-14,2026-10-01,3.5
2025-11-14,2026-11-01,3.52
2025-11-14,2026-12-01,3.53
2025-11-14,2027-01-01,3.54
2025-11-14,2027-02-01,3.56
2025-11-14,2027-03-01,3.57
2025-11-14,2027-04-01,3.58
2025-11-17,2025-11-01,3.59
2025-11-17,2025-12-01,3.59
2025-11-17,2026-01-01,3.58
2025-11-17,2026-02-01,3.56
2025-11-17,2026-03-01,3.55
2025-11-17,2026-04-01,3.53
2025-11-17,2026-05-01,3.5
2025-11-17,2026-06-01,3.5
2025-11-17,2026-07-01,3.5
2025-11-17,2026-08-01,3.5
2025-11-17,2026-09-01,3.51
2025-11-17,2026-10-01,3.52
2025-11-17,2026-11-01,3.53
2025-11-17,2026-12-01,3.55
2025-11-17,2027-01-01,3.56
2025-11-17,2027-02-01,3.58
2025-11-17,2027-03-01,3.58
2025-11-17,2027-04-01,3.59
2025-11-18,2025-11-01,3.59
2025-11-18,2025-12-01,3.58
2025-11-18,2026-01-01,3.58
2025-11-18,2026-02-01,3.53
2025-11-18,2026-03-01,3.52
2025-11-18,2026-04-01,3.5
2025-11-18,2026-05-01,3.47
2025-11-18,2026-06-01,3.47
2025-11-18,2026-07-01,3.47
2025-11-18,2026-08-01,3.47
2025-11-18,2026-09-01,3.47
2025-11-18,2026-10-01,3.48
2025-11-18,2026-11-01,3.5
2025-11-18,2026-12-01,3.52
2025-11-18,2027-01-01,3.52
2025-11-18,2027-02-01,3.53
2025-11-18,2027-03-01,3.54
2025-11-18,2027-04-01,3.55
2025-11-19,2025-11-01,3.59
2025-11-19,2025-12-01,3.58
2025-11-19,2026-01-01,3.58
2025-11-19,2026-02-01,3.52
2025-11-19,2026-03-01,3.5
2025-11-19,2026-04-01,3.49
2025-11-19,2026-05-01,3.45
2025-11-19,2026-06-01,3.45
2025-11-19,2026-07-01,3.45
2025-11-19,2026-08-01,3.46
2025-11-19,2026-09-01,3.47
2025-11-19,2026-10-01,3.47
2025-11-19,2026-11-01,3.49
2025-11-19,2026-12-01,3.5
2025-11-19,2027-01-01,3.5
2025-11-19,2027-02-01,3.52
2025-11-19,2027-03-01,3.53
2025-11-19,2027-04-01,3.54
2025-11-20,2025-11-01,3.59
2025-11-20,2025-12-01,3.59
2025-11-20,2026-01-01,3.58
2025-11-20,2026-02-01,3.55
2025-11-20,2026-03-01,3.53
2025-11-20,2026-04-01,3.52
2025-11-20,2026-05-01,3.48
2025-11-20,2026-06-01,3.47
2025-11-20,2026-07-01,3.49
2025-11-20,2026-08-01,3.5
2025-11-20,2026-09-01,3.5
2025-11-20,2026-10-01,3.52
2025-11-20,2026-11-01,3.53
2025-11-20,2026-12-01,3.55
2025-11-20,2027-01-01,3.55
2025-11-20,2027-02-01,3.57
2025-11-20,2027-03-01,3.58
2025-11-20,2027-04-01,3.59
2025-11-21,2025-11-01,3.59
2025-11-21,2025-12-01,3.59
2025-11-21,2026-01-01,3.58
2025-11-21,2026-02-01,3.53
2025-11-21,2026-03-01,3.52
2025-11-21,2026-04-01,3.5
2025-11-21,2026-05-01,3.48
2025-11-21,2026-06-01,3.48
2025-11-21,2026-07-01,3.48
2025-11-21,2026-08-01,3.49
2025-11-21,2026-09-01,3.5
2025-11-21,2026-10-01,3.5
2025-11-21,2026-11-01,3.52
2025-11-21,2026-12-01,3.53
2025-11-21,2027-01-01,3.53
2025-11-21,2027-02-01,3.56
2025-11-21,2027-03-01,3.56
2025-11-21,2027-04-01,3.58
2025-11-24,2025-11-01,3.59
2025-11-24,2025-12-01,3.59
2025-11-24,2026-01-01,3.58
2025-11-24,2026-02-01,3.53
2025-11-24,2026-03-01,3.53
2025-11-24,2026-04-01,3.52
2025-11-24,2026-05-01,3.48
2025-11-24,2026-06-01,3.48
2025-11-24,2026-07-01,3.48
2025-11-24,2026-08-01,3.48
2025-11-24,2026-09-01,3.49
2025-11-24,2026-10-01,3.5
2025-11-24,2026-11-01,3.52
2025-11-24,2026-12-01,3.53
2025-11-24,2027-01-01,3.53
2025-11-24,2027-02-01,3.55
2025-11-24,2027-03-01,3.56
2025-11-24,2027-04-01,3.58
2025-11-25,2025-11-01,3.59
2025-11-25,2025-12-01,3.59
2025-11-25,2026-01-01,3.58
2025-11-25,2026-02-01,3.54
2025-11-25,2026-03-01,3.53
2025-11-25,2026-04-01,3.52
2025-11-25,2026-05-01,3.48
2025-11-25,2026-06-01,3.48
2025-11-25,2026-07-01,3.48
2025-11-25,2026-08-01,3.48
2025-11-25,2026-09-01,3.49
2025-11-25,2026-10-01,3.5
2025-11-25,2026-11-01,3.52
2025-11-25,2026-12-01,3.52
2025-11-25,2027-01-01,3.53
2025-11-25,2027-02-01,3.53
2025-11-25,2027-03-01,3.55
2025-11-25,2027-04-01,3.56
2025-11-26,2025-11-01,3.59
2025-11-26,2025-12-01,3.59
2025-11-26,2026-01-01,3.59
2025-11-26,2026-02-01,3.58
2025-11-26,2026-03-01,3.58
2025-11-26,2026-04-01,3.58
2025-11-26,2026-05-01,3.58
2025-11-26,2026-06-01,3.59
2025-11-26,2026-07-01,3.61
2025-11-26,2026-08-01,3.61
2025-11-26,2026-09-01,3.61
2025-11-26,2026-10-01,3.66
2025-11-26,2026-11-01,3.67
2025-11-26,2026-12-01,3.69
2025-11-26,2027-01-01,3.69
2025-11-26,2027-02-01,3.7
2025-11-26,2027-03-01,3.72
2025-11-26,2027-04-01,3.73
2025-11-27,2025-11-01,3.59
2025-11-27,2025-12-01,3.59
2025-11-27,2026-01-01,3.59
2025-11-27,2026-02-01,3.57
2025-11-27,2026-03-01,3.58
2025-11-27,2026-04-01,3.56
2025-11-27,2026-05-01,3.56
2025-11-27,2026-06-01,3.57
2025-11-27,2026-07-01,3.58
2025-11-27,2026-08-01,3.59
2025-11-27,2026-09-01,3.6
2025-11-27,2026-10-01,3.61
2025-11-27,2026-11-01,3.64
2025-11-27,2026-12-01,3.65
2025-11-27,2027-01-01,3.65
2025-11-27,2027-02-01,3.67
2025-11-27,2027-03-01,3.68
2025-11-27,2027-04-01,3.69
2025-11-28,2025-11-01,3.59
2025-11-28,2025-12-01,3.59
2025-11-28,2026-01-01,3.59
2025-11-28,2026-02-01,3.58
2025-11-28,2026-03-01,3.58
2025-11-28,2026-04-01,3.58
2025-11-28,2026-05-01,3.59
2025-11-28,2026-06-01,3.61
2025-11-28,2026-07-01,3.61
2025-11-28,2026-08-01,3.63
2025-11-28,2026-09-01,3.64
2025-11-28,2026-10-01,3.66
2025-11-28,2026-11-01,3.67
2025-11-28,2026-12-01,3.69
2025-11-28,2027-01-01,3.69
2025-11-28,2027-02-01,3.72
2025-11-28,2027-03-01,3.72
2025-11-28,2027-04-01,3.73
2025-12-01,2025-12-01,3.59
2025-12-01,2026-01-01,3.59
2025-12-01,2026-02-01,3.58
2025-12-01,2026-03-01,3.58
2025-12-01,2026-04-01,3.58
2025-12-01,2026-05-01,3.59
2025-12-01,2026-06-01,3.61
2025-12-01,2026-07-01,3.62
2025-12-01,2026-08-01,3.64
2025-12-01,2026-09-01,3.66
2025-12-01,2026-10-01,3.67
2025-12-01,2026-11-01,3.7
2025-12-01,2026-12-01,3.72
2025-12-01,2027-01-01,3.72
2025-12-01,2027-02-01,3.74
2025-12-01,2027-03-01,3.75
2025-12-01,2027-04-01,3.77
2025-12-01,2027-05-01,3.78
2025-12-02,2025-12-01,3.59
2025-12-02,2026-01-01,3.59
2025-12-02,2026-02-01,3.59
2025-12-02,2026-03-01,3.59
2025-12-02,2026-04-01,3.59
2025-12-02,2026-05-01,3.62
2025-12-02,2026-06-01,3.64
2025-12-02,2026-07-01,3.64
2025-12-02,2026-08-01,3.67
2025-12-02,2026-09-01,3.69
2025-12-02,2026-10-01,3.7
2025-12-02,2026-11-01,3.73
2025-12-02,2026-12-01,3.75
2025-12-02,2027-01-01,3.75
2025-12-02,2027-02-01,3.77
2025-12-02,2027-03-01,3.78
2025-12-02,2027-04-01,3.79
2025-12-02,2027-05-01,3.81
2025-12-03,2025-12-01,3.59
2025-12-03,2026-01-01,3.59
2025-12-03,2026-02-01,3.59
2025-12-03,2026-03-01,3.59
2025-12-03,2026-04-01,3.6
2025-12-03,2026-05-01,3.63
2025-12-03,2026-06-01,3.66
2025-12-03,2026-07-01,3.67
2025-12-03,2026-08-01,3.71
2025-12-03,2026-09-01,3.73
2025-12-03,2026-10-01,3.76
2025-12-03,2026-11-01,3.79
2025-12-03,2026-12-01,3.81
2025-12-03,2027-01-01,3.83
2025-12-03,2027-02-01,3.84
2025-12-03,2027-03-01,3.86
2025-12-03,2027-04-01,3.88
2025-12-03,2027-05-01,3.89
2025-12-04,2025-12-01,3.59
2025-12-04,2026-01-01,3.6
2025-12-04,2026-02-01,3.65
2025-12-04,2026-03-01,3.64
2025-12-04,2026-04-01,3.65
2025-12-04,2026-05-01,3.68
2025-12-04,2026-06-01,3.71
2025-12-04,2026-07-01,3.72
2025-12-04,2026-08-01,3.76
2025-12-04,2026-09-01,3.78
2025-12-04,2026-10-01,3.81
2025-12-04,2026-11-01,3.84
2025-12-04,2026-12-01,3.86
2025-12-04,2027-01-01,3.88
2025-12-04,2027-02-01,3.89
2025-12-04,2027-03-01,3.91
2025-12-04,2027-04-01,3.92
2025-12-04,2027-05-01,3.94
2025-12-05,2025-12-01,3.59
2025-12-05,2026-01-01,3.59
2025-12-05,2026-02-01,3.62
2025-12-05,2026-03-01,3.64
2025-12-05,2026-04-01,3.64
2025-12-05,2026-05-01,3.69
2025-12-05,2026-06-01,3.73
2025-12-05,2026-07-01,3.77
2025-12-05,2026-08-01,3.81
2025-12-05,2026-09-01,3.84
2025-12-05,2026-10-01,3.86
2025-12-05,2026-11-01,3.89
2025-12-05,2026-12-01,3.91
2025-12-05,2027-01-01,3.91
2025-12-05,2027-02-01,3.92
2025-12-05,2027-03-01,3.92
2025-12-05,2027-04-01,3.92
2025-12-05,2027-05-01,3.94
2025-12-08,2025-12-01,3.59
2025-12-08,2026-01-01,3.59
2025-12-08,2026-02-01,3.63
2025-12-08,2026-03-01,3.64
2025-12-08,2026-04-01,3.65
2025-12-08,2026-05-01,3.7
2025-12-08,2026-06-01,3.74
2025-12-08,2026-07-01,3.78
2025-12-08,2026-08-01,3.83
2025-12-08,2026-09-01,3.86
2025-12-08,2026-10-01,3.89
2025-12-08,2026-11-01,3.92
2025-12-08,2026-12-01,3.94
2025-12-08,2027-01-01,3.94
2025-12-08,2027-02-01,3.95
2025-12-08,2027-03-01,3.96
2025-12-08,2027-04-01,3.97
2025-12-08,2027-05-01,3.98
2025-12-09,2025-12-01,3.59
2025-12-09,2026-01-01,3.59
2025-12-09,2026-02-01,3.66
2025-12-09,2026-03-01,3.69
2025-12-09,2026-04-01,3.72
2025-12-09,2026-05-01,3.8
2025-12-09,2026-06-01,3.85
2025-12-09,2026-07-01,3.89
2025-12-09,2026-08-01,3.94
2025-12-09,2026-09-01,3.97
2025-12-09,2026-10-01,4.0
2025-12-09,2026-11-01,4.04
2025-12-09,2026-12-01,4.06
2025-12-09,2027-01-01,4.06
2025-12-09,2027-02-01,4.07
2025-12-09,2027-03-01,4.08
2025-12-09,2027-04-01,4.08
2025-12-09,2027-05-01,4.09
2025-12-10,2025-12-01,3.59
2025-12-10,2026-01-01,3.59
2025-12-10,2026-02-01,3.66
2025-12-10,2026-03-01,3.69
2025-12-10,2026-04-01,3.72
2025-12-10,2026-05-01,3.8
2025-12-10,2026-06-01,3.85
2025-12-10,2026-07-01,3.89
2025-12-10,2026-08-01,3.94
2025-12-10,2026-09-01,3.97
2025-12-10,2026-10-01,4.0
2025-12-10,2026-11-01,4.04
2025-12-10,2026-12-01,4.06
2025-12-10,2027-01-01,4.06
2025-12-10,2027-02-01,4.07
2025-12-10,2027-03-01,4.08
2025-12-10,2027-04-01,4.08
2025-12-10,2027-05-01,4.09
2025-12-11,2025-12-01,3.59
2025-12-11,2026-01-01,3.59
2025-12-11,2026-02-01,3.64
2025-12-11,2026-03-01,3.66
2025-12-11,2026-04-01,3.67
2025-12-11,2026-05-01,3.74
2025-12-11,2026-06-01,3.78
2025-12-11,2026-07-01,3.81
2025-12-11,2026-08-01,3.88
2025-12-11,2026-09-01,3.92
2025-12-11,2026-10-01,3.94
2025-12-11,2026-11-01,3.99
2025-12-11,2026-12-01,4.02
2025-12-11,2027-01-01,4.02
2025-12-11,2027-02-01,4.03
2025-12-11,2027-03-01,4.04
2025-12-11,2027-04-01,4.05
2025-12-11,2027-05-01,4.06
2025-12-12,2025-12-01,3.59
2025-12-12,2026-01-01,3.59
2025-12-12,2026-02-01,3.66
2025-12-12,2026-03-01,3.67
2025-12-12,2026-04-01,3.69
2025-12-12,2026-05-01,3.76
2025-12-12,2026-06-01,3.81
2025-12-12,2026-07-01,3.83
2025-12-12,2026-08-01,3.89
2025-12-12,2026-09-01,3.93
2025-12-12,2026-10-01,3.94
2025-12-12,2026-11-01,3.97
2025-12-12,2026-12-01,3.99
2025-12-12,2027-01-01,4.0
2025-12-12,2027-02-01,4.01
2025-12-12,2027-03-01,4.02
2025-12-12,2027-04-01,4.02
2025-12-12,2027-05-01,4.03
2025-12-15,2025-12-01,3.59
2025-12-15,2026-01-01,3.59
2025-12-15,2026-02-01,3.66
2025-12-15,2026-03-01,3.67
2025-12-15,2026-04-01,3.67
2025-12-15,2026-05-01,3.73
2025-12-15,2026-06-01,3.75
2025-12-15,2026-07-01,3.78
2025-12-15,2026-08-01,3.83
2025-12-15,2026-09-01,3.87
2025-12-15,2026-10-01,3.89
2025-12-15,2026-11-01,3.92
2025-12-15,2026-12-01,3.94
2025-12-15,2027-01-01,3.94
2025-12-15,2027-02-01,3.96
2025-12-15,2027-03-01,3.97
2025-12-15,2027-04-01,3.97
2025-12-15,2027-05-01,3.97
2025-12-16,2025-12-01,3.59
2025-12-16,2026-01-01,3.59
2025-12-16,2026-02-01,3.66
2025-12-16,2026-03-01,3.67
2025-12-16,2026-04-01,3.67
2025-12-16,2026-05-01,3.73
2025-12-16,2026-06-01,3.75
2025-12-16,2026-07-01,3.78
2025-12-16,2026-08-01,3.83
2025-12-16,2026-09-01,3.87
2025-12-16,2026-10-01,3.89
2025-12-16,2026-11-01,3.92
2025-12-16,2026-12-01,3.94
2025-12-16,2027-01-01,3.94
2025-12-16,2027-02-01,3.96
2025-12-16,2027-03-01,3.97
2025-12-16,2027-04-01,3.97
2025-12-16,2027-05-01,3.97
2025-12-17,2025-12-01,3.59
2025-12-17,2026-01-01,3.6
2025-12-17,2026-02-01,3.68
2025-12-17,2026-03-01,3.7
2025-12-17,2026-04-01,3.7
2025-12-17,2026-05-01,3.79
2025-12-17,2026-06-01,3.82
2025-12-17,2026-07-01,3.83
2025-12-17,2026-08-01,3.9
2025-12-17,2026-09-01,3.93
2025-12-17,2026-10-01,3.95
2025-12-17,2026-11-01,3.98
2025-12-17,2026-12-01,4.0
2025-12-17,2027-01-01,4.0
2025-12-17,2027-02-01,4.02
2025-12-17,2027-03-01,4.03
2025-12-17,2027-04-01,4.03
2025-12-17,2027-05-01,4.03
2025-12-18,2025-12-01,3.59
2025-12-18,2026-01-01,3.59
2025-12-18,2026-02-01,3.66
2025-12-18,2026-03-01,3.69
2025-12-18,2026-04-01,3.69
2025-12-18,2026-05-01,3.78
2025-12-18,2026-06-01,3.8
2025-12-18,2026-07-01,3.81
2025-12-18,2026-08-01,3.86
2025-12-18,2026-09-01,3.89
2025-12-18,2026-10-01,3.91
2025-12-18,2026-11-01,3.94
2025-12-18,2026-12-01,3.95
2025-12-18,2027-01-01,3.96
2025-12-18,2027-02-01,3.97
2025-12-18,2027-03-01,3.97
2025-12-18,2027-04-01,3.97
2025-12-18,2027-05-01,3.98
2025-12-19,2025-12-01,3.59
2025-12-19,2026-01-01,3.59
2025-12-19,2026-02-01,3.67
2025-12-19,2026-03-01,3.69
2025-12-19,2026-04-01,3.7
2025-12-19,2026-05-01,3.78
2025-12-19,2026-06-01,3.81
2025-12-19,2026-07-01,3.82
2025-12-19,2026-08-01,3.88
2025-12-19,2026-09-01,3.91
2025-12-19,2026-10-01,3.93
2025-12-19,2026-11-01,3.96
2025-12-19,2026-12-01,3.98
2025-12-19,2027-01-01,3.98
2025-12-19,2027-02-01,4.0
2025-12-19,2027-03-01,4.0
2025-12-19,2027-04-01,4.0
2025-12-19,2027-05-01,4.01
2025-12-22,2025-12-01,3.59
2025-12-22,2026-01-01,3.59
2025-12-22,2026-02-01,3.67
2025-12-22,2026-03-01,3.7
2025-12-22,2026-04-01,3.71
2025-12-22,2026-05-01,3.8
2025-12-22,2026-06-01,3.83
2025-12-22,2026-07-01,3.84
2025-12-22,2026-08-01,3.91
2025-12-22,2026-09-01,3.95
2025-12-22,2026-10-01,3.97
2025-12-22,2026-11-01,4.0
2025-12-22,2026-12-01,4.03
2025-12-22,2027-01-01,4.03
2025-12-22,2027-02-01,4.05
2025-12-22,2027-03-01,4.06
2025-12-22,2027-04-01,4.06
2025-12-22,2027-05-01,4.06
2025-12-23,2025-12-01,3.59
2025-12-23,2026-01-01,3.59
2025-12-23,2026-02-01,3.67
2025-12-23,2026-03-01,3.69
2025-12-23,2026-04-01,3.7
2025-12-23,2026-05-01,3.78
2025-12-23,2026-06-01,3.81
2025-12-23,2026-07-01,3.82
2025-12-23,2026-08-01,3.88
2025-12-23,2026-09-01,3.91
2025-12-23,2026-10-01,3.93
2025-12-23,2026-11-01,3.97
2025-12-23,2026-12-01,3.98
2025-12-23,2027-01-01,3.98
2025-12-23,2027-02-01,4.0
2025-12-23,2027-03-01,4.0
2025-12-23,2027-04-01,4.0
2025-12-23,2027-05-01,4.02
2025-12-24,2025-12-01,3.59
2025-12-24,2026-01-01,3.59
2025-12-24,2026-02-01,3.67
2025-12-24,2026-03-01,3.69
2025-12-24,2026-04-01,3.7
2025-12-24,2026-05-01,3.78
2025-12-24,2026-06-01,3.81
2025-12-24,2026-07-01,3.83
2025-12-24,2026-08-01,3.88
2025-12-24,2026-09-01,3.91
2025-12-24,2026-10-01,3.92
2025-12-24,2026-11-01,3.95
2025-12-24,2026-12-01,3.97
2025-12-24,2027-01-01,3.97
2025-12-24,2027-02-01,3.99
2025-12-24,2027-03-01,4.0
2025-12-24,2027-04-01,4.0
2025-12-24,2027-05-01,4.0
2025-12-25,2025-12-01,3.59
2025-12-25,2026-01-01,3.59
2025-12-25,2026-02-01,3.67
2025-12-25,2026-03-01,3.69
2025-12-25,2026-04-01,3.7
2025-12-25,2026-05-01,3.78
2025-12-25,2026-06-01,3.81
2025-12-25,2026-07-01,3.83
2025-12-25,2026-08-01,3.88
2025-12-25,2026-09-01,3.91
2025-12-25,2026-10-01,3.92
2025-12-25,2026-11-01,3.95
2025-12-25,2026-12-01,3.97
2025-12-25,2027-01-01,3.97
2025-12-25,2027-02-01,3.99
2025-12-25,2027-03-01,4.0
2025-12-25,2027-04-01,4.0
2025-12-25,2027-05-01,4.0
2025-12-26,2025-12-01,3.59
2025-12-26,2026-01-01,3.59
2025-12-26,2026-02-01,3.67
2025-12-26,2026-03-01,3.69
2025-12-26,2026-04-01,3.7
2025-12-26,2026-05-01,3.78
2025-12-26,2026-06-01,3.81
2025-12-26,2026-07-01,3.83
2025-12-26,2026-08-01,3.88
2025-12-26,2026-09-01,3.91
2025-12-26,2026-10-01,3.92
2025-12-26,2026-11-01,3.95
2025-12-26,2026-12-01,3.97
2025-12-26,2027-01-01,3.97
2025-12-26,2027-02-01,3.99
2025-12-26,2027-03-01,4.0
2025-12-26,2027-04-01,4.0
2025-12-26,2027-05-01,4.0
2025-12-29,2025-12-01,3.59
2025-12-29,2026-01-01,3.59
2025-12-29,2026-02-01,3.67
2025-12-29,2026-03-01,3.69
2025-12-29,2026-04-01,3.71
2025-12-29,2026-05-01,3.78
2025-12-29,2026-06-01,3.81
2025-12-29,2026-07-01,3.83
2025-12-29,2026-08-01,3.89
2025-12-29,2026-09-01,3.92
2025-12-29,2026-10-01,3.94
2025-12-29,2026-11-01,3.97
2025-12-29,2026-12-01,3.99
2025-12-29,2027-01-01,4.0
2025-12-29,2027-02-01,4.0
2025-12-29,2027-03-01,4.01
2025-12-29,2027-04-01,4.02
2025-12-29,2027-05-01,4.02
2025-12-30,2025-12-01,3.59
2025-12-30,2026-01-01,3.59
2025-12-30,2026-02-01,3.68
2025-12-30,2026-03-01,3.69
2025-12-30,2026-04-01,3.71
2025-12-30,2026-05-01,3.78
2025-12-30,2026-06-01,3.81
2025-12-30,2026-07-01,3.83
2025-12-30,2026-08-01,3.89
2025-12-30,2026-09-01,3.92
2025-12-30,2026-10-01,3.93
2025-12-30,2026-11-01,3.97
2025-12-30,2026-12-01,3.98
2025-12-30,2027-01-01,3.98
2025-12-30,2027-02-01,4.0
2025-12-30,2027-03-01,4.0
2025-12-30,2027-04-01,4.0
2025-12-30,2027-05-01,4.01
2025-12-31,2025-12-01,3.59
2025-12-31,2026-01-01,3.59
2025-12-31,2026-02-01,3.68
2025-12-31,2026-03-01,3.7
2025-12-31,2026-04-01,3.72
2025-12-31,2026-05-01,3.8
2025-12-31,2026-06-01,3.83
2025-12-31,2026-07-01,3.83
2025-12-31,2026-08-01,3.89
2025-12-31,2026-09-01,3.92
2025-12-31,2026-10-01,3.94
2025-12-31,2026-11-01,3.97
2025-12-31,2026-12-01,3.99
2025-12-31,2027-01-01,4.0
2025-12-31,2027-02-01,4.01
2025-12-31,2027-03-01,4.02
2025-12-31,2027-04-01,4.02
2025-12-31,2027-05-01,4.03
2026-01-01,2026-01-01,3.59
2026-01-01,2026-02-01,3.68
2026-01-01,2026-03-01,3.7
2026-01-01,2026-04-01,3.72
2026-01-01,2026-05-01,3.8
2026-01-01,2026-06-01,3.83
2026-01-01,2026-07-01,3.83
2026-01-01,2026-08-01,3.89
2026-01-01,2026-09-01,3.92
2026-01-01,2026-10-01,3.94
2026-01-01,2026-11-01,3.97
2026-01-01,2026-12-01,3.99
2026-01-01,2027-01-01,4.0
2026-01-01,2027-02-01,4.01
2026-01-01,2027-03-01,4.02
2026-01-01,2027-04-01,4.02
2026-01-01,2027-05-01,4.03
2026-01-02,2026-01-01,3.59
2026-01-02,2026-02-01,3.68
2026-01-02,2026-03-01,3.7
2026-01-02,2026-04-01,3.71
2026-01-02,2026-05-01,3.82
2026-01-02,2026-06-01,3.84
2026-01-02,2026-07-01,3.86
2026-01-02,2026-08-01,3.93
2026-01-02,2026-09-01,3.97
2026-01-02,2026-10-01,4.0
2026-01-02,2026-11-01,4.03
2026-01-02,2026-12-01,4.05
2026-01-02,2027-01-01,4.06
2026-01-02,2027-02-01,4.06
2026-01-02,2027-03-01,4.07
2026-01-02,2027-04-01,4.08
2026-01-02,2027-05-01,4.08
2026-01-02,2027-06-01,4.09
2026-01-05,2026-01-01,3.59
2026-01-05,2026-02-01,3.67
2026-01-05,2026-03-01,3.69
2026-01-05,2026-04-01,3.69
2026-01-05,2026-05-01,3.79
2026-01-05,2026-06-01,3.81
2026-01-05,2026-07-01,3.83
2026-01-05,2026-08-01,3.89
2026-01-05,2026-09-01,3.93
2026-01-05,2026-10-01,3.94
2026-01-05,2026-11-01,3.98
2026-01-05,2026-12-01,4.0
2026-01-05,2027-01-01,4.0
2026-01-05,2027-02-01,4.02
2026-01-05,2027-03-01,4.03
2026-01-05,2027-04-01,4.03
2026-01-05,2027-05-01,4.03
2026-01-05,2027-06-01,4.04
2026-01-06,2026-01-01,3.59
2026-01-06,2026-02-01,3.67
2026-01-06,2026-03-01,3.7
2026-01-06,2026-04-01,3.72
2026-01-06,2026-05-01,3.81
2026-01-06,2026-06-01,3.83
2026-01-06,2026-07-01,3.85
2026-01-06,2026-08-01,3.91
2026-01-06,2026-09-01,3.95
2026-01-06,2026-10-01,3.97
2026-01-06,2026-11-01,4.0
2026-01-06,2026-12-01,4.02
2026-01-06,2027-01-01,4.02
2026-01-06,2027-02-01,4.03
2026-01-06,2027-03-01,4.05
2026-01-06,2027-04-01,4.06
2026-01-06,2027-05-01,4.06
2026-01-06,2027-06-01,4.06
2026-01-07,2026-01-01,3.59
2026-01-07,2026-02-01,3.68
2026-01-07,2026-03-01,3.7
2026-01-07,2026-04-01,3.72
2026-01-07,2026-05-01,3.83
2026-01-07,2026-06-01,3.86
2026-01-07,2026-07-01,3.88
2026-01-07,2026-08-01,3.94
2026-01-07,2026-09-01,3.97
2026-01-07,2026-10-01,3.99
2026-01-07,2026-11-01,4.02
2026-01-07,2026-12-01,4.03
2026-01-07,2027-01-01,4.04
2026-01-07,2027-02-01,4.05
2026-01-07,2027-03-01,4.06
2026-01-07,2027-04-01,4.06
2026-01-07,2027-05-01,4.08
2026-01-07,2027-06-01,4.08
2026-01-08,2026-01-01,3.59
2026-01-08,2026-02-01,3.66
2026-01-08,2026-03-01,3.67
2026-01-08,2026-04-01,3.69
2026-01-08,2026-05-01,3.77
2026-01-08,2026-06-01,3.8
2026-01-08,2026-07-01,3.81
2026-01-08,2026-08-01,3.87
2026-01-08,2026-09-01,3.89
2026-01-08,2026-10-01,3.9
2026-01-08,2026-11-01,3.93
2026-01-08,2026-12-01,3.94
2026-01-08,2027-01-01,3.94
2026-01-08,2027-02-01,3.95
2026-01-08,2027-03-01,3.95
2026-01-08,2027-04-01,3.96
2026-01-08,2027-05-01,3.97
2026-01-08,2027-06-01,3.97
2026-01-09,2026-01-01,3.59
2026-01-09,2026-02-01,3.66
2026-01-09,2026-03-01,3.67
2026-01-09,2026-04-01,3.69
2026-01-09,2026-05-01,3.78
2026-01-09,2026-06-01,3.81
2026-01-09,2026-07-01,3.81
2026-01-09,2026-08-01,3.86
2026-01-09,2026-09-01,3.89
2026-01-09,2026-10-01,3.89
2026-01-09,2026-11-01,3.92
2026-01-09,2026-12-01,3.93
2026-01-09,2027-01-01,3.94
2026-01-09,2027-02-01,3.94
2026-01-09,2027-03-01,3.95
2026-01-09,2027-04-01,3.95
2026-01-09,2027-05-01,3.97
2026-01-09,2027-06-01,3.97
2026-01-12,2026-01-01,3.59
2026-01-12,2026-02-01,3.67
2026-01-12,2026-03-01,3.69
2026-01-12,2026-04-01,3.7
2026-01-12,2026-05-01,3.78
2026-01-12,2026-06-01,3.81
2026-01-12,2026-07-01,3.82
2026-01-12,2026-08-01,3.86
2026-01-12,2026-09-01,3.89
2026-01-12,2026-10-01,3.9
2026-01-12,2026-11-01,3.92
2026-01-12,2026-12-01,3.94
2026-01-12,2027-01-01,3.94
2026-01-12,2027-02-01,3.95
2026-01-12,2027-03-01,3.95
2026-01-12,2027-04-01,3.96
2026-01-12,2027-05-01,3.97
2026-01-12,2027-06-01,3.97
2026-01-13,2026-01-01,3.59
2026-01-13,2026-02-01,3.66
2026-01-13,2026-03-01,3.68
2026-01-13,2026-04-01,3.7
2026-01-13,2026-05-01,3.78
2026-01-13,2026-06-01,3.81
2026-01-13,2026-07-01,3.81
2026-01-13,2026-08-01,3.86
2026-01-13,2026-09-01,3.89
2026-01-13,2026-10-01,3.89
2026-01-13,2026-11-01,3.92
2026-01-13,2026-12-01,3.93
2026-01-13,2027-01-01,3.94
2026-01-13,2027-02-01,3.94
2026-01-13,2027-03-01,3.95
2026-01-13,2027-04-01,3.95
2026-01-13,2027-05-01,3.96
2026-01-13,2027-06-01,3.97
2026-01-14,2026-01-01,3.59
2026-01-14,2026-02-01,3.66
2026-01-14,2026-03-01,3.67
2026-01-14,2026-04-01,3.69
2026-01-14,2026-05-01,3.78
2026-01-14,2026-06-01,3.79
2026-01-14,2026-07-01,3.8
2026-01-14,2026-08-01,3.85
2026-01-14,2026-09-01,3.88
2026-01-14,2026-10-01,3.89
2026-01-14,2026-11-01,3.92
2026-01-14,2026-12-01,3.94
2026-01-14,2027-01-01,3.94
2026-01-14,2027-02-01,3.96
2026-01-14,2027-03-01,3.97
2026-01-14,2027-04-01,3.97
2026-01-14,2027-05-01,3.98
2026-01-14,2027-06-01,3.98
2026-01-15,2026-01-01,3.59
2026-01-15,2026-02-01,3.65
2026-01-15,2026-03-01,3.66
2026-01-15,2026-04-01,3.67
2026-01-15,2026-05-01,3.76
2026-01-15,2026-06-01,3.78
2026-01-15,2026-07-01,3.79
2026-01-15,2026-08-01,3.83
2026-01-15,2026-09-01,3.87
2026-01-15,2026-10-01,3.88
2026-01-15,2026-11-01,3.91
2026-01-15,2026-12-01,3.92
2026-01-15,2027-01-01,3.92
2026-01-15,2027-02-01,3.94
2026-01-15,2027-03-01,3.94
2026-01-15,2027-04-01,3.94
2026-01-15,2027-05-01,3.95
2026-01-15,2027-06-01,3.96
2026-01-16,2026-01-01,3.59
2026-01-16,2026-02-01,3.65
2026-01-16,2026-03-01,3.67
2026-01-16,2026-04-01,3.68
2026-01-16,2026-05-01,3.77
2026-01-16,2026-06-01,3.8
2026-01-16,2026-07-01,3.81
2026-01-16,2026-08-01,3.86
2026-01-16,2026-09-01,3.88
2026-01-16,2026-10-01,3.91
2026-01-16,2026-11-01,3.93
2026-01-16,2026-12-01,3.94
2026-01-16,2027-01-01,3.95
2026-01-16,2027-02-01,3.97
2026-01-16,2027-03-01,3.97
2026-01-16,2027-04-01,3.97
2026-01-16,2027-05-01,3.98
2026-01-16,2027-06-01,3.99
2026-01-19,2026-01-01,3.59
2026-01-19,2026-02-01,3.66
2026-01-19,2026-03-01,3.67
2026-01-19,2026-04-01,3.69
2026-01-19,2026-05-01,3.78
2026-01-19,2026-06-01,3.8
2026-01-19,2026-07-01,3.81
2026-01-19,2026-08-01,3.86
2026-01-19,2026-09-01,3.89
2026-01-19,2026-10-01,3.92
2026-01-19,2026-11-01,3.95
2026-01-19,2026-12-01,3.97
2026-01-19,2027-01-01,3.97
2026-01-19,2027-02-01,3.99
2026-01-19,2027-03-01,4.0
2026-01-19,2027-04-01,4.0
2026-01-19,2027-05-01,4.01
2026-01-19,2027-06-01,4.02
2026-01-20,2026-01-01,3.59
2026-01-20,2026-02-01,3.66
2026-01-20,2026-03-01,3.67
2026-01-20,2026-04-01,3.69
2026-01-20,2026-05-01,3.8
2026-01-20,2026-06-01,3.82
2026-01-20,2026-07-01,3.83
2026-01-20,2026-08-01,3.89
2026-01-20,2026-09-01,3.92
2026-01-20,2026-10-01,3.94
2026-01-20,2026-11-01,3.98
2026-01-20,2026-12-01,4.0
2026-01-20,2027-01-01,4.01
2026-01-20,2027-02-01,4.03
2026-01-20,2027-03-01,4.03
2026-01-20,2027-04-01,4.04
2026-01-20,2027-05-01,4.06
2026-01-20,2027-06-01,4.06
2026-01-21,2026-01-01,3.59
2026-01-21,2026-02-01,3.66
2026-01-21,2026-03-01,3.68
2026-01-21,2026-04-01,3.69
2026-01-21,2026-05-01,3.78
2026-01-21,2026-06-01,3.81
2026-01-21,2026-07-01,3.82
2026-01-21,2026-08-01,3.87
2026-01-21,2026-09-01,3.9
2026-01-21,2026-10-01,3.93
2026-01-21,2026-11-01,3.97
2026-01-21,2026-12-01,3.98
2026-01-21,2027-01-01,3.99
2026-01-21,2027-02-01,4.0
2026-01-21,2027-03-01,4.02
2026-01-21,2027-04-01,4.03
2026-01-21,2027-05-01,4.03
2026-01-21,2027-06-01,4.05
2026-01-22,2026-01-01,3.6
2026-01-22,2026-02-01,3.73
2026-01-22,2026-03-01,3.77
2026-01-22,2026-04-01,3.78
2026-01-22,2026-05-01,3.89
2026-01-22,2026-06-01,3.92
2026-01-22,2026-07-01,3.94
2026-01-22,2026-08-01,3.98
2026-01-22,2026-09-01,4.02
2026-01-22,2026-10-01,4.03
2026-01-22,2026-11-01,4.07
2026-01-22,2026-12-01,4.08
2026-01-22,2027-01-01,4.08
2026-01-22,2027-02-01,4.08
2026-01-22,2027-03-01,4.09
2026-01-22,2027-04-01,4.09
2026-01-22,2027-05-01,4.11
2026-01-22,2027-06-01,4.11
2026-01-23,2026-01-01,3.6
2026-01-23,2026-02-01,3.72
2026-01-23,2026-03-01,3.75
2026-01-23,2026-04-01,3.78
2026-01-23,2026-05-01,3.89
2026-01-23,2026-06-01,3.93
2026-01-23,2026-07-01,3.95
2026-01-23,2026-08-01,4.0
2026-01-23,2026-09-01,4.03
2026-01-23,2026-10-01,4.06
2026-01-23,2026-11-01,4.09
2026-01-23,2026-12-01,4.11
2026-01-23,2027-01-01,4.11
2026-01-23,2027-02-01,4.11
2026-01-23,2027-03-01,4.12
2026-01-23,2027-04-01,4.13
2026-01-23,2027-05-01,4.14
2026-01-23,2027-06-01,4.14
2026-01-26,2026-01-01,3.6
2026-01-26,2026-02-01,3.73
2026-01-26,2026-03-01,3.77
2026-01-26,2026-04-01,3.78
2026-01-26,2026-05-01,3.89
2026-01-26,2026-06-01,3.93
2026-01-26,2026-07-01,3.95
2026-01-26,2026-08-01,4.0
2026-01-26,2026-09-01,4.03
2026-01-26,2026-10-01,4.06
2026-01-26,2026-11-01,4.09
2026-01-26,2026-12-01,4.11
2026-01-26,2027-01-01,4.11
2026-01-26,2027-02-01,4.11
2026-01-26,2027-03-01,4.12
2026-01-26,2027-04-01,4.13
2026-01-26,2027-05-01,4.14
2026-01-26,2027-06-01,4.14
2026-01-27,2026-01-01,3.6
2026-01-27,2026-02-01,3.73
2026-01-27,2026-03-01,3.76
2026-01-27,2026-04-01,3.79
2026-01-27,2026-05-01,3.92
2026-01-27,2026-06-01,3.97
2026-01-27,2026-07-01,3.99
2026-01-27,2026-08-01,4.06
2026-01-27,2026-09-01,4.09
2026-01-27,2026-10-01,4.12
2026-01-27,2026-11-01,4.16
2026-01-27,2026-12-01,4.17
2026-01-27,2027-01-01,4.17
2026-01-27,2027-02-01,4.17
2026-01-27,2027-03-01,4.18
2026-01-27,2027-04-01,4.19
2026-01-27,2027-05-01,4.19
2026-01-27,2027-06-01,4.19
2026-01-28,2026-01-01,3.6
2026-01-28,2026-02-01,3.76
2026-01-28,2026-03-01,3.79
2026-01-28,2026-04-01,3.81
2026-01-28,2026-05-01,3.93
2026-01-28,2026-06-01,3.97
2026-01-28,2026-07-01,3.98
2026-01-28,2026-08-01,4.04
2026-01-28,2026-09-01,4.08
2026-01-28,2026-10-01,4.1
2026-01-28,2026-11-01,4.14
2026-01-28,2026-12-01,4.14
2026-01-28,2027-01-01,4.15
2026-01-28,2027-02-01,4.16
2026-01-28,2027-03-01,4.16
2026-01-28,2027-04-01,4.16
2026-01-28,2027-05-01,4.17
2026-01-28,2027-06-01,4.17
2026-01-29,2026-01-01,3.6
2026-01-29,2026-02-01,3.75
2026-01-29,2026-03-01,3.78
2026-01-29,2026-04-01,3.81
2026-01-29,2026-05-01,3.93
2026-01-29,2026-06-01,3.97
2026-01-29,2026-07-01,4.0
2026-01-29,2026-08-01,4.06
2026-01-29,2026-09-01,4.1
2026-01-29,2026-10-01,4.12
2026-01-29,2026-11-01,4.16
2026-01-29,2026-12-01,4.17
2026-01-29,2027-01-01,4.17
2026-01-29,2027-02-01,4.17
2026-01-29,2027-03-01,4.18
2026-01-29,2027-04-01,4.19
2026-01-29,2027-05-01,4.19
2026-01-29,2027-06-01,4.19
2026-01-30,2026-01-01,3.6
2026-01-30,2026-02-01,3.76
2026-01-30,2026-03-01,3.8
2026-01-30,2026-04-01,3.82
2026-01-30,2026-05-01,3.94
2026-01-30,2026-06-01,3.98
2026-01-30,2026-07-01,4.0
2026-01-30,2026-08-01,4.06
2026-01-30,2026-09-01,4.1
2026-01-30,2026-10-01,4.12
2026-01-30,2026-11-01,4.16
2026-01-30,2026-12-01,4.17
2026-01-30,2027-01-01,4.17
2026-01-30,2027-02-01,4.17
2026-01-30,2027-03-01,4.17
2026-01-30,2027-04-01,4.17
2026-01-30,2027-05-01,4.18
2026-01-30,2027-06-01,4.18
2026-02-02,2026-02-01,3.76
2026-02-02,2026-03-01,3.8
2026-02-02,2026-04-01,3.82
2026-02-02,2026-05-01,3.94
2026-02-02,2026-06-01,3.97
2026-02-02,2026-07-01,3.99
2026-02-02,2026-08-01,4.05
2026-02-02,2026-09-01,4.08
2026-02-02,2026-10-01,4.1
2026-02-02,2026-11-01,4.14
2026-02-02,2026-12-01,4.14
2026-02-02,2027-01-01,4.14
2026-02-02,2027-02-01,4.14
2026-02-02,2027-03-01,4.15
2026-02-02,2027-04-01,4.15
2026-02-02,2027-05-01,4.15
2026-02-02,2027-06-01,4.16
2026-02-02,2027-07-01,4.16
2026-02-03,2026-02-01,3.82
2026-02-03,2026-03-01,3.86
2026-02-03,2026-04-01,3.88
2026-02-03,2026-05-01,4.02
2026-02-03,2026-06-01,4.05
2026-02-03,2026-07-01,4.06
2026-02-03,2026-08-01,4.13
2026-02-03,2026-09-01,4.17
2026-02-03,2026-10-01,4.18
2026-02-03,2026-11-01,4.22
2026-02-03,2026-12-01,4.22
2026-02-03,2027-01-01,4.22
2026-02-03,2027-02-01,4.21
2026-02-03,2027-03-01,4.21
2026-02-03,2027-04-01,4.21
2026-02-03,2027-05-01,4.21
2026-02-03,2027-06-01,4.21
2026-02-03,2027-07-01,4.21
2026-02-04,2026-02-01,3.82
2026-02-04,2026-03-01,3.86
2026-02-04,2026-04-01,3.89
2026-02-04,2026-05-01,4.03
2026-02-04,2026-06-01,4.07
2026-02-04,2026-07-01,4.09
2026-02-04,2026-08-01,4.16
2026-02-04,2026-09-01,4.2
2026-02-04,2026-10-01,4.22
2026-02-04,2026-11-01,4.24
2026-02-04,2026-12-01,4.25
2026-02-04,2027-01-01,4.25
2026-02-04,2027-02-01,4.25
2026-02-04,2027-03-01,4.25
2026-02-04,2027-04-01,4.26
2026-02-04,2027-05-01,4.26
2026-02-04,2027-06-01,4.26
2026-02-04,2027-07-01,4.26
2026-02-05,2026-02-01,3.82
2026-02-05,2026-03-01,3.86
2026-02-05,2026-04-01,3.89
2026-02-05,2026-05-01,4.03
2026-02-05,2026-06-01,4.08
2026-02-05,2026-07-01,4.09
2026-02-05,2026-08-01,4.17
2026-02-05,2026-09-01,4.2
2026-02-05,2026-10-01,4.22
2026-02-05,2026-11-01,4.24
2026-02-05,2026-12-01,4.25
2026-02-05,2027-01-01,4.25
2026-02-05,2027-02-01,4.25
2026-02-05,2027-03-01,4.25
2026-02-05,2027-04-01,4.25
2026-02-05,2027-05-01,4.25
2026-02-05,2027-06-01,4.25
2026-02-05,2027-07-01,4.25
2026-02-06,2026-02-01,3.82
2026-02-06,2026-03-01,3.86
2026-02-06,2026-04-01,3.88
2026-02-06,2026-05-01,4.02
2026-02-06,2026-06-01,4.05
2026-02-06,2026-07-01,4.06
2026-02-06,2026-08-01,4.13
2026-02-06,2026-09-01,4.17
2026-02-06,2026-10-01,4.18
2026-02-06,2026-11-01,4.2
2026-02-06,2026-12-01,4.2
2026-02-06,2027-01-01,4.21
2026-02-06,2027-02-01,4.21
2026-02-06,2027-03-01,4.21
2026-02-06,2027-04-01,4.21
2026-02-06,2027-05-01,4.2
2026-02-06,2027-06-01,4.2
2026-02-06,2027-07-01,4.2
2026-02-09,2026-02-01,3.82
2026-02-09,2026-03-01,3.86
2026-02-09,2026-04-01,3.88
2026-02-09,2026-05-01,4.03
2026-02-09,2026-06-01,4.07
2026-02-09,2026-07-01,4.08
2026-02-09,2026-08-01,4.16
2026-02-09,2026-09-01,4.19
2026-02-09,2026-10-01,4.2
2026-02-09,2026-11-01,4.22
2026-02-09,2026-12-01,4.23
2026-02-09,2027-01-01,4.24
2026-02-09,2027-02-01,4.24
2026-02-09,2027-03-01,4.24
2026-02-09,2027-04-01,4.24
2026-02-09,2027-05-01,4.23
2026-02-09,2027-06-01,4.23
2026-02-09,2027-07-01,4.23
2026-02-10,2026-02-01,3.82
2026-02-10,2026-03-01,3.86
2026-02-10,2026-04-01,3.88
2026-02-10,2026-05-01,4.02
2026-02-10,2026-06-01,4.06
2026-02-10,2026-07-01,4.07
2026-02-10,2026-08-01,4.14
2026-02-10,2026-09-01,4.17
2026-02-10,2026-10-01,4.19
2026-02-10,2026-11-01,4.2
2026-02-10,2026-12-01,4.22
2026-02-10,2027-01-01,4.22
2026-02-10,2027-02-01,4.22
2026-02-10,2027-03-01,4.22
2026-02-10,2027-04-01,4.22
2026-02-10,2027-05-01,4.21
2026-02-10,2027-06-01,4.21
2026-02-10,2027-07-01,4.2
2026-02-11,2026-02-01,3.82
2026-02-11,2026-03-01,3.86
2026-02-11,2026-04-01,3.88
2026-02-11,2026-05-01,4.02
2026-02-11,2026-06-01,4.06
2026-02-11,2026-07-01,4.06
2026-02-11,2026-08-01,4.12
2026-02-11,2026-09-01,4.16
2026-02-11,2026-10-01,4.17
2026-02-11,2026-11-01,4.19
2026-02-11,2026-12-01,4.2
2026-02-11,2027-01-01,4.19
2026-02-11,2027-02-01,4.19
2026-02-11,2027-03-01,4.19
2026-02-11,2027-04-01,4.18
2026-02-11,2027-05-01,4.17
2026-02-11,2027-06-01,4.17
2026-02-11,2027-07-01,4.17
2026-02-12,2026-02-01,3.82
2026-02-12,2026-03-01,3.86
2026-02-12,2026-04-01,3.88
2026-02-12,2026-05-01,4.03
2026-02-12,2026-06-01,4.06
2026-02-12,2026-07-01,4.07
2026-02-12,2026-08-01,4.14
2026-02-12,2026-09-01,4.18
2026-02-12,2026-10-01,4.2
2026-02-12,2026-11-01,4.22
2026-02-12,2026-12-01,4.23
2026-02-12,2027-01-01,4.23
2026-02-12,2027-02-01,4.22
2026-02-12,2027-03-01,4.22
2026-02-12,2027-04-01,4.22
2026-02-12,2027-05-01,4.22
2026-02-12,2027-06-01,4.22
2026-02-12,2027-07-01,4.21
2026-02-13,2026-02-01,3.82
2026-02-13,2026-03-01,3.86
2026-02-13,2026-04-01,3.88
2026-02-13,2026-05-01,4.02
2026-02-13,2026-06-01,4.06
2026-02-13,2026-07-01,4.07
2026-02-13,2026-08-01,4.12
2026-02-13,2026-09-01,4.16
2026-02-13,2026-10-01,4.18
2026-02-13,2026-11-01,4.2
2026-02-13,2026-12-01,4.2
2026-02-13,2027-01-01,4.2
2026-02-13,2027-02-01,4.19
2026-02-13,2027-03-01,4.19
2026-02-13,2027-04-01,4.19
2026-02-13,2027-05-01,4.19
2026-02-13,2027-06-01,4.19
2026-02-13,2027-07-01,4.19
2026-02-16,2026-02-01,3.82
2026-02-16,2026-03-01,3.86
2026-02-16,2026-04-01,3.88
2026-02-16,2026-05-01,4.03
2026-02-16,2026-06-01,4.06
2026-02-16,2026-07-01,4.06
2026-02-16,2026-08-01,4.12
2026-02-16,2026-09-01,4.16
2026-02-16,2026-10-01,4.17
2026-02-16,2026-11-01,4.2
2026-02-16,2026-12-01,4.19
2026-02-16,2027-01-01,4.19
2026-02-16,2027-02-01,4.19
2026-02-16,2027-03-01,4.18
2026-02-16,2027-04-01,4.17
2026-02-16,2027-05-01,4.17
2026-02-16,2027-06-01,4.17
2026-02-16,2027-07-01,4.16
2026-02-17,2026-02-01,3.82
2026-02-17,2026-03-01,3.86
2026-02-17,2026-04-01,3.87
2026-02-17,2026-05-01,4.0
2026-02-17,2026-06-01,4.03
2026-02-17,2026-07-01,4.04
2026-02-17,2026-08-01,4.09
2026-02-17,2026-09-01,4.11
2026-02-17,2026-10-01,4.14
2026-02-17,2026-11-01,4.16
2026-02-17,2026-12-01,4.16
2026-02-17,2027-01-01,4.15
2026-02-17,2027-02-01,4.14
2026-02-17,2027-03-01,4.14
2026-02-17,2027-04-01,4.13
2026-02-17,2027-05-01,4.12
2026-02-17,2027-06-01,4.12
2026-02-17,2027-07-01,4.11
2026-02-18,2026-02-01,3.82
2026-02-18,2026-03-01,3.86
2026-02-18,2026-04-01,3.87
2026-02-18,2026-05-01,4.01
2026-02-18,2026-06-01,4.04
2026-02-18,2026-07-01,4.05
2026-02-18,2026-08-01,4.11
2026-02-18,2026-09-01,4.14
2026-02-18,2026-10-01,4.15
2026-02-18,2026-11-01,4.18
2026-02-18,2026-12-01,4.17
2026-02-18,2027-01-01,4.17
2026-02-18,2027-02-01,4.17
2026-02-18,2027-03-01,4.16
2026-02-18,2027-04-01,4.16
2026-02-18,2027-05-01,4.15
2026-02-18,2027-06-01,4.15
2026-02-18,2027-07-01,4.14
2026-02-19,2026-02-01,3.82
2026-02-19,2026-03-01,3.86
2026-02-19,2026-04-01,3.89
2026-02-19,2026-05-01,4.04
2026-02-19,2026-06-01,4.08
2026-02-19,2026-07-01,4.09
2026-02-19,2026-08-01,4.17
2026-02-19,2026-09-01,4.22
2026-02-19,2026-10-01,4.22
2026-02-19,2026-11-01,4.25
2026-02-19,2026-12-01,4.25
2026-02-19,2027-01-01,4.25
2026-02-19,2027-02-01,4.25
2026-02-19,2027-03-01,4.24
2026-02-19,2027-04-01,4.23
2026-02-19,2027-05-01,4.23
2026-02-19,2027-06-01,4.22
2026-02-19,2027-07-01,4.22
2026-02-20,2026-02-01,3.82
2026-02-20,2026-03-01,3.86
2026-02-20,2026-04-01,3.88
2026-02-20,2026-05-01,4.03
2026-02-20,2026-06-01,4.07
2026-02-20,2026-07-01,4.08
2026-02-20,2026-08-01,4.15
2026-02-20,2026-09-01,4.19
2026-02-20,2026-10-01,4.19
2026-02-20,2026-11-01,4.22
2026-02-20,2026-12-01,4.22
2026-02-20,2027-01-01,4.21
2026-02-20,2027-02-01,4.2
2026-02-20,2027-03-01,4.2
2026-02-20,2027-04-01,4.19
2026-02-20,2027-05-01,4.18
2026-02-20,2027-06-01,4.17
2026-02-20,2027-07-01,4.17
2026-02-23,2026-02-01,3.82
2026-02-23,2026-03-01,3.86
2026-02-23,2026-04-01,3.88
2026-02-23,2026-05-01,4.03
2026-02-23,2026-06-01,4.06
2026-02-23,2026-07-01,4.08
2026-02-23,2026-08-01,4.14
2026-02-23,2026-09-01,4.18
2026-02-23,2026-10-01,4.19
2026-02-23,2026-11-01,4.21
2026-02-23,2026-12-01,4.2
2026-02-23,2027-01-01,4.2
2026-02-23,2027-02-01,4.19
2026-02-23,2027-03-01,4.19
2026-02-23,2027-04-01,4.17
2026-02-23,2027-05-01,4.16
2026-02-23,2027-06-01,4.16
2026-02-23,2027-07-01,4.15
2026-02-24,2026-02-01,3.82
2026-02-24,2026-03-01,3.86
2026-02-24,2026-04-01,3.88
2026-02-24,2026-05-01,4.03
2026-02-24,2026-06-01,4.06
2026-02-24,2026-07-01,4.08
2026-02-24,2026-08-01,4.15
2026-02-24,2026-09-01,4.19
2026-02-24,2026-10-01,4.19
2026-02-24,2026-11-01,4.21
2026-02-24,2026-12-01,4.2
2026-02-24,2027-01-01,4.19
2026-02-24,2027-02-01,4.19
2026-02-24,2027-03-01,4.17
2026-02-24,2027-04-01,4.17
2026-02-24,2027-05-01,4.15
2026-02-24,2027-06-01,4.14
2026-02-24,2027-07-01,4.13
2026-02-25,2026-02-01,3.82
2026-02-25,2026-03-01,3.86
2026-02-25,2026-04-01,3.89
2026-02-25,2026-05-01,4.05
2026-02-25,2026-06-01,4.08
2026-02-25,2026-07-01,4.11
2026-02-25,2026-08-01,4.19
2026-02-25,2026-09-01,4.22
2026-02-25,2026-10-01,4.23
2026-02-25,2026-11-01,4.25
2026-02-25,2026-12-01,4.25
2026-02-25,2027-01-01,4.24
2026-02-25,2027-02-01,4.23
2026-02-25,2027-03-01,4.22
2026-02-25,2027-04-01,4.21
2026-02-25,2027-05-01,4.19
2026-02-25,2027-06-01,4.19
2026-02-25,2027-07-01,4.18
2026-02-26,2026-02-01,3.82
2026-02-26,2026-03-01,3.86
2026-02-26,2026-04-01,3.87
2026-02-26,2026-05-01,4.03
2026-02-26,2026-06-01,4.08
2026-02-26,2026-07-01,4.09
2026-02-26,2026-08-01,4.17
2026-02-26,2026-09-01,4.2
2026-02-26,2026-10-01,4.22
2026-02-26,2026-11-01,4.24
2026-02-26,2026-12-01,4.23
2026-02-26,2027-01-01,4.23
2026-02-26,2027-02-01,4.22
2026-02-26,2027-03-01,4.21
2026-02-26,2027-04-01,4.19
2026-02-26,2027-05-01,4.17
2026-02-26,2027-06-01,4.17
2026-02-26,2027-07-01,4.16
2026-02-27,2026-02-01,3.82
2026-02-27,2026-03-01,3.86
2026-02-27,2026-04-01,3.88
2026-02-27,2026-05-01,4.03
2026-02-27,2026-06-01,4.07
2026-02-27,2026-07-01,4.08
2026-02-27,2026-08-01,4.15
2026-02-27,2026-09-01,4.19
2026-02-27,2026-10-01,4.19
2026-02-27,2026-11-01,4.22
2026-02-27,2026-12-01,4.21
2026-02-27,2027-01-01,4.21
2026-02-27,2027-02-01,4.19
2026-02-27,2027-03-01,4.19
2026-02-27,2027-04-01,4.17
2026-02-27,2027-05-01,4.14
2026-02-27,2027-06-01,4.14
2026-02-27,2027-07-01,4.11
2026-03-02,2026-03-01,3.85
2026-03-02,2026-04-01,3.86
2026-03-02,2026-05-01,4.02
2026-03-02,2026-06-01,4.05
2026-03-02,2026-07-01,4.06
2026-03-02,2026-08-01,4.13
2026-03-02,2026-09-01,4.17
2026-03-02,2026-10-01,4.17
2026-03-02,2026-11-01,4.2
2026-03-02,2026-12-01,4.19
2026-03-02,2027-01-01,4.19
2026-03-02,2027-02-01,4.18
2026-03-02,2027-03-01,4.17
2026-03-02,2027-04-01,4.14
2026-03-02,2027-05-01,4.12
2026-03-02,2027-06-01,4.11
2026-03-02,2027-07-01,4.09
2026-03-02,2027-08-01,4.08
2026-03-03,2026-03-01,3.88
2026-03-03,2026-04-01,3.93
2026-03-03,2026-05-01,4.08
2026-03-03,2026-06-01,4.13
2026-03-03,2026-07-01,4.15
2026-03-03,2026-08-01,4.22
2026-03-03,2026-09-01,4.25
2026-03-03,2026-10-01,4.28
2026-03-03,2026-11-01,4.31
2026-03-03,2026-12-01,4.31
2026-03-03,2027-01-01,4.31
2026-03-03,2027-02-01,4.31
2026-03-03,2027-03-01,4.3
2026-03-03,2027-04-01,4.28
2026-03-03,2027-05-01,4.26
2026-03-03,2027-06-01,4.25
2026-03-03,2027-07-01,4.23
2026-03-03,2027-08-01,4.22
2026-03-04,2026-03-01,3.86
2026-03-04,2026-04-01,3.89
2026-03-04,2026-05-01,4.06
2026-03-04,2026-06-01,4.11
2026-03-04,2026-07-01,4.13
2026-03-04,2026-08-01,4.2
2026-03-04,2026-09-01,4.23
2026-03-04,2026-10-01,4.25
2026-03-04,2026-11-01,4.28
2026-03-04,2026-12-01,4.28
2026-03-04,2027-01-01,4.28
2026-03-04,2027-02-01,4.27
2026-03-04,2027-03-01,4.26
2026-03-04,2027-04-01,4.25
2026-03-04,2027-05-01,4.22
2026-03-04,2027-06-01,4.22
2026-03-04,2027-07-01,4.2
2026-03-04,2027-08-01,4.19
2026-03-05,2026-03-01,3.88
2026-03-05,2026-04-01,3.91
2026-03-05,2026-05-01,4.06
2026-03-05,2026-06-01,4.12
2026-03-05,2026-07-01,4.14
2026-03-05,2026-08-01,4.22
2026-03-05,2026-09-01,4.27
2026-03-05,2026-10-01,4.29
2026-03-05,2026-11-01,4.33
2026-03-05,2026-12-01,4.33
2026-03-05,2027-01-01,4.33
2026-03-05,2027-02-01,4.33
2026-03-05,2027-03-01,4.31
2026-03-05,2027-04-01,4.31
2026-03-05,2027-05-01,4.28
2026-03-05,2027-06-01,4.28
2026-03-05,2027-07-01,4.27
2026-03-05,2027-08-01,4.26
2026-03-06,2026-03-01,3.88
2026-03-06,2026-04-01,3.91
2026-03-06,2026-05-01,4.08
2026-03-06,2026-06-01,4.13
2026-03-06,2026-07-01,4.15
2026-03-06,2026-08-01,4.25
2026-03-06,2026-09-01,4.3
2026-03-06,2026-10-01,4.31
2026-03-06,2026-11-01,4.36
2026-03-06,2026-12-01,4.36
2026-03-06,2027-01-01,4.36
2026-03-06,2027-02-01,4.36
2026-03-06,2027-03-01,4.36
2026-03-06,2027-04-01,4.36
2026-03-06,2027-05-01,4.34
2026-03-06,2027-06-01,4.34
2026-03-06,2027-07-01,4.33
2026-03-06,2027-08-01,4.32
2026-03-09,2026-03-01,3.88
2026-03-09,2026-04-01,3.92
2026-03-09,2026-05-01,4.08
2026-03-09,2026-06-01,4.14
2026-03-09,2026-07-01,4.19
2026-03-09,2026-08-01,4.28
2026-03-09,2026-09-01,4.35
2026-03-09,2026-10-01,4.39
2026-03-09,2026-11-01,4.45
2026-03-09,2026-12-01,4.47
2026-03-09,2027-01-01,4.47
2026-03-09,2027-02-01,4.48
2026-03-09,2027-03-01,4.48
2026-03-09,2027-04-01,4.48
2026-03-09,2027-05-01,4.48
2026-03-09,2027-06-01,4.48
2026-03-09,2027-07-01,4.47
2026-03-09,2027-08-01,4.47
2026-03-10,2026-03-01,3.89
2026-03-10,2026-04-01,3.94
2026-03-10,2026-05-01,4.08
2026-03-10,2026-06-01,4.14
2026-03-10,2026-07-01,4.17
2026-03-10,2026-08-01,4.27
2026-03-10,2026-09-01,4.33
2026-03-10,2026-10-01,4.36
2026-03-10,2026-11-01,4.42
2026-03-10,2026-12-01,4.43
2026-03-10,2027-01-01,4.43
2026-03-10,2027-02-01,4.43
2026-03-10,2027-03-01,4.43
2026-03-10,2027-04-01,4.42
2026-03-10,2027-05-01,4.41
2026-03-10,2027-06-01,4.41
2026-03-10,2027-07-01,4.39
2026-03-10,2027-08-01,4.38
2026-03-11,2026-03-01,3.92
2026-03-11,2026-04-01,4.01
2026-03-11,2026-05-01,4.15
2026-03-11,2026-06-01,4.19
2026-03-11,2026-07-01,4.22
2026-03-11,2026-08-01,4.31
2026-03-11,2026-09-01,4.35
2026-03-11,2026-10-01,4.39
2026-03-11,2026-11-01,4.43
2026-03-11,2026-12-01,4.43
2026-03-11,2027-01-01,4.43
2026-03-11,2027-02-01,4.42
2026-03-11,2027-03-01,4.42
2026-03-11,2027-04-01,4.41
2026-03-11,2027-05-01,4.39
2026-03-11,2027-06-01,4.38
2026-03-11,2027-07-01,4.36
2026-03-11,2027-08-01,4.34
2026-03-12,2026-03-01,3.92
2026-03-12,2026-04-01,4.02
2026-03-12,2026-05-01,4.17
2026-03-12,2026-06-01,4.21
2026-03-12,2026-07-01,4.23
2026-03-12,2026-08-01,4.33
2026-03-12,2026-09-01,4.39
2026-03-12,2026-10-01,4.45
2026-03-12,2026-11-01,4.52
2026-03-12,2026-12-01,4.52
2026-03-12,2027-01-01,4.52
2026-03-12,2027-02-01,4.52
2026-03-12,2027-03-01,4.51
2026-03-12,2027-04-01,4.5
2026-03-12,2027-05-01,4.48
2026-03-12,2027-06-01,4.47
2026-03-12,2027-07-01,4.45
2026-03-12,2027-08-01,4.44
2026-03-13,2026-03-01,3.93
2026-03-13,2026-04-01,4.02
2026-03-13,2026-05-01,4.17
2026-03-13,2026-06-01,4.22
2026-03-13,2026-07-01,4.25
2026-03-13,2026-08-01,4.34
2026-03-13,2026-09-01,4.4
2026-03-13,2026-10-01,4.46
2026-03-13,2026-11-01,4.53
2026-03-13,2026-12-01,4.54
2026-03-13,2027-01-01,4.54
2026-03-13,2027-02-01,4.54
2026-03-13,2027-03-01,4.53
2026-03-13,2027-04-01,4.53
2026-03-13,2027-05-01,4.5
2026-03-13,2027-06-01,4.49
2026-03-13,2027-07-01,4.47
2026-03-13,2027-08-01,4.46
2026-03-16,2026-03-01,3.92
2026-03-16,2026-04-01,4.0
2026-03-16,2026-05-01,4.15
2026-03-16,2026-06-01,4.2
2026-03-16,2026-07-01,4.24
2026-03-16,2026-08-01,4.34
2026-03-16,2026-09-01,4.41
2026-03-16,2026-10-01,4.47
2026-03-16,2026-11-01,4.55
2026-03-16,2026-12-01,4.57
2026-03-16,2027-01-01,4.57
2026-03-16,2027-02-01,4.58
2026-03-16,2027-03-01,4.58
2026-03-16,2027-04-01,4.57
2026-03-16,2027-05-01,4.56
2026-03-16,2027-06-01,4.55
2026-03-16,2027-07-01,4.52
2026-03-16,2027-08-01,4.51
2026-03-17,2026-03-01,3.96
2026-03-17,2026-04-01,4.09
2026-03-17,2026-05-01,4.22
2026-03-17,2026-06-01,4.27
2026-03-17,2026-07-01,4.31
2026-03-17,2026-08-01,4.38
2026-03-17,2026-09-01,4.43
2026-03-17,2026-10-01,4.49
2026-03-17,2026-11-01,4.56
2026-03-17,2026-12-01,4.56
2026-03-17,2027-01-01,4.56
2026-03-17,2027-02-01,4.56
2026-03-17,2027-03-01,4.56
2026-03-17,2027-04-01,4.56
2026-03-17,2027-05-01,4.53
2026-03-17,2027-06-01,4.52
2026-03-17,2027-07-01,4.48
2026-03-17,2027-08-01,4.47
2026-03-18,2026-03-01,3.96
2026-03-18,2026-04-01,4.09
2026-03-18,2026-05-01,4.22
2026-03-18,2026-06-01,4.27
2026-03-18,2026-07-01,4.31
2026-03-18,2026-08-01,4.38
2026-03-18,2026-09-01,4.42
2026-03-18,2026-10-01,4.48
2026-03-18,2026-11-01,4.53
2026-03-18,2026-12-01,4.54
2026-03-18,2027-01-01,4.54
2026-03-18,2027-02-01,4.53
2026-03-18,2027-03-01,4.53
2026-03-18,2027-04-01,4.52
2026-03-18,2027-05-01,4.49
2026-03-18,2027-06-01,4.47
2026-03-18,2027-07-01,4.45
2026-03-18,2027-08-01,4.43
2026-03-19,2026-03-01,3.96
2026-03-19,2026-04-01,4.09
2026-03-19,2026-05-01,4.24
2026-03-19,2026-06-01,4.31
2026-03-19,2026-07-01,4.36
2026-03-19,2026-08-01,4.45
2026-03-19,2026-09-01,4.51
2026-03-19,2026-10-01,4.58
2026-03-19,2026-11-01,4.64
2026-03-19,2026-12-01,4.64
2026-03-19,2027-01-01,4.64
2026-03-19,2027-02-01,4.64
2026-03-19,2027-03-01,4.64
2026-03-19,2027-04-01,4.64
2026-03-19,2027-05-01,4.61
2026-03-19,2027-06-01,4.6
2026-03-19,2027-07-01,4.58
2026-03-19,2027-08-01,4.56
2026-03-20,2026-03-01,3.96
2026-03-20,2026-04-01,4.09
2026-03-20,2026-05-01,4.25
2026-03-20,2026-06-01,4.33
2026-03-20,2026-07-01,4.41
2026-03-20,2026-08-01,4.52
2026-03-20,2026-09-01,4.58
2026-03-20,2026-10-01,4.72
2026-03-20,2026-11-01,4.81
2026-03-20,2026-12-01,4.83
2026-03-20,2027-01-01,4.83
2026-03-20,2027-02-01,4.84
2026-03-20,2027-03-01,4.84
2026-03-20,2027-04-01,4.84
2026-03-20,2027-05-01,4.82
2026-03-20,2027-06-01,4.81
2026-03-20,2027-07-01,4.78
2026-03-20,2027-08-01,4.77
2026-03-23,2026-03-01,3.96
2026-03-23,2026-04-01,4.09
2026-03-23,2026-05-01,4.24
2026-03-23,2026-06-01,4.32
2026-03-23,2026-07-01,4.4
2026-03-23,2026-08-01,4.5
2026-03-23,2026-09-01,4.57
2026-03-23,2026-10-01,4.72
2026-03-23,2026-11-01,4.83
2026-03-23,2026-12-01,4.86
2026-03-23,2027-01-01,4.86
2026-03-23,2027-02-01,4.86
2026-03-23,2027-03-01,4.86
2026-03-23,2027-04-01,4.86
2026-03-23,2027-05-01,4.84
2026-03-23,2027-06-01,4.83
2026-03-23,2027-07-01,4.81
2026-03-23,2027-08-01,4.78
2026-03-24,2026-03-01,3.96
2026-03-24,2026-04-01,4.09
2026-03-24,2026-05-01,4.22
2026-03-24,2026-06-01,4.29
2026-03-24,2026-07-01,4.34
2026-03-24,2026-08-01,4.46
2026-03-24,2026-09-01,4.53
2026-03-24,2026-10-01,4.66
2026-03-24,2026-11-01,4.75
2026-03-24,2026-12-01,4.76
2026-03-24,2027-01-01,4.77
2026-03-24,2027-02-01,4.76
2026-03-24,2027-03-01,4.76
2026-03-24,2027-04-01,4.75
2026-03-24,2027-05-01,4.73
2026-03-24,2027-06-01,4.72
2026-03-24,2027-07-01,4.69
2026-03-24,2027-08-01,4.67
2026-03-25,2026-03-01,3.96
2026-03-25,2026-04-01,4.09
2026-03-25,2026-05-01,4.22
2026-03-25,2026-06-01,4.28
2026-03-25,2026-07-01,4.31
2026-03-25,2026-08-01,4.42
2026-03-25,2026-09-01,4.47
2026-03-25,2026-10-01,4.58
2026-03-25,2026-11-01,4.66
2026-03-25,2026-12-01,4.66
2026-03-25,2027-01-01,4.66
2026-03-25,2027-02-01,4.66
2026-03-25,2027-03-01,4.66
2026-03-25,2027-04-01,4.65
2026-03-25,2027-05-01,4.62
2026-03-25,2027-06-01,4.61
2026-03-25,2027-07-01,4.58
2026-03-25,2027-08-01,4.56
2026-03-26,2026-03-01,3.96
2026-03-26,2026-04-01,4.09
2026-03-26,2026-05-01,4.25
2026-03-26,2026-06-01,4.32
2026-03-26,2026-07-01,4.38
2026-03-26,2026-08-01,4.48
2026-03-26,2026-09-01,4.56
2026-03-26,2026-10-01,4.68
2026-03-26,2026-11-01,4.76
2026-03-26,2026-12-01,4.77
2026-03-26,2027-01-01,4.77
2026-03-26,2027-02-01,4.76
2026-03-26,2027-03-01,4.75
2026-03-26,2027-04-01,4.75
2026-03-26,2027-05-01,4.72
2026-03-26,2027-06-01,4.72
2026-03-26,2027-07-01,4.69
2026-03-26,2027-08-01,4.67
2026-03-27,2026-03-01,3.96
2026-03-27,2026-04-01,4.09
2026-03-27,2026-05-01,4.25
2026-03-27,2026-06-01,4.33
2026-03-27,2026-07-01,4.38
2026-03-27,2026-08-01,4.5
2026-03-27,2026-09-01,4.58
2026-03-27,2026-10-01,4.71
2026-03-27,2026-11-01,4.81
2026-03-27,2026-12-01,4.83
2026-03-27,2027-01-01,4.83
2026-03-27,2027-02-01,4.83
2026-03-27,2027-03-01,4.83
2026-03-27,2027-04-01,4.84
2026-03-27,2027-05-01,4.83
2026-03-27,2027-06-01,4.81
2026-03-27,2027-07-01,4.8
2026-03-27,2027-08-01,4.78
2026-03-30,2026-03-01,3.96
2026-03-30,2026-04-01,4.09
2026-03-30,2026-05-01,4.24
2026-03-30,2026-06-01,4.31
2026-03-30,2026-07-01,4.34
2026-03-30,2026-08-01,4.45
2026-03-30,2026-09-01,4.52
2026-03-30,2026-10-01,4.64
2026-03-30,2026-11-01,4.73
2026-03-30,2026-12-01,4.74
2026-03-30,2027-01-01,4.74
2026-03-30,2027-02-01,4.74
2026-03-30,2027-03-01,4.74
2026-03-30,2027-04-01,4.74
2026-03-30,2027-05-01,4.72
2026-03-30,2027-06-01,4.72
2026-03-30,2027-07-01,4.69
2026-03-30,2027-08-01,4.67
2026-03-31,2026-03-01,3.96
2026-03-31,2026-04-01,4.09
2026-03-31,2026-05-01,4.23
2026-03-31,2026-06-01,4.3
2026-03-31,2026-07-01,4.33
2026-03-31,2026-08-01,4.44
2026-03-31,2026-09-01,4.5
2026-03-31,2026-10-01,4.61
2026-03-31,2026-11-01,4.69
2026-03-31,2026-12-01,4.69
2026-03-31,2027-01-01,4.69
2026-03-31,2027-02-01,4.69
2026-03-31,2027-03-01,4.69
2026-03-31,2027-04-01,4.68
2026-03-31,2027-05-01,4.67
2026-03-31,2027-06-01,4.65
2026-03-31,2027-07-01,4.62
2026-03-31,2027-08-01,4.61
2026-04-01,2026-04-01,4.09
2026-04-01,2026-05-01,4.22
2026-04-01,2026-06-01,4.27
2026-04-01,2026-07-01,4.31
2026-04-01,2026-08-01,4.39
2026-04-01,2026-09-01,4.44
2026-04-01,2026-10-01,4.54
2026-04-01,2026-11-01,4.61
2026-04-01,2026-12-01,4.62
2026-04-01,2027-01-01,4.62
2026-04-01,2027-02-01,4.61
2026-04-01,2027-03-01,4.61
2026-04-01,2027-04-01,4.61
2026-04-01,2027-05-01,4.59
2026-04-01,2027-06-01,4.58
2026-04-01,2027-07-01,4.56
2026-04-01,2027-08-01,4.54
2026-04-01,2027-09-01,4.53
2026-04-02,2026-04-01,4.09
2026-04-02,2026-05-01,4.23
2026-04-02,2026-06-01,4.3
2026-04-02,2026-07-01,4.34
2026-04-02,2026-08-01,4.45
2026-04-02,2026-09-01,4.53
2026-04-02,2026-10-01,4.64
2026-04-02,2026-11-01,4.72
2026-04-02,2026-12-01,4.74
2026-04-02,2027-01-01,4.75
2026-04-02,2027-02-01,4.75
2026-04-02,2027-03-01,4.75
2026-04-02,2027-04-01,4.75
2026-04-02,2027-05-01,4.74
2026-04-02,2027-06-01,4.73
2026-04-02,2027-07-01,4.71
2026-04-02,2027-08-01,4.69
2026-04-02,2027-09-01,4.68
2026-04-03,2026-04-01,4.09
2026-04-03,2026-05-01,4.23
2026-04-03,2026-06-01,4.3
2026-04-03,2026-07-01,4.34
2026-04-03,2026-08-01,4.45
2026-04-03,2026-09-01,4.53
2026-04-03,2026-10-01,4.64
2026-04-03,2026-11-01,4.72
2026-04-03,2026-12-01,4.74
2026-04-03,2027-01-01,4.75
2026-04-03,2027-02-01,4.75
2026-04-03,2027-03-01,4.75
2026-04-03,2027-04-01,4.75
2026-04-03,2027-05-01,4.74
2026-04-03,2027-06-01,4.73
2026-04-03,2027-07-01,4.71
2026-04-03,2027-08-01,4.69
2026-04-03,2027-09-01,4.68
2026-04-06,2026-04-01,4.09
2026-04-06,2026-05-01,4.23
2026-04-06,2026-06-01,4.3
2026-04-06,2026-07-01,4.34
2026-04-06,2026-08-01,4.45
2026-04-06,2026-09-01,4.53
2026-04-06,2026-10-01,4.64
2026-04-06,2026-11-01,4.72
2026-04-06,2026-12-01,4.74
2026-04-06,2027-01-01,4.75
2026-04-06,2027-02-01,4.75
2026-04-06,2027-03-01,4.75
2026-04-06,2027-04-01,4.75
2026-04-06,2027-05-01,4.74
2026-04-06,2027-06-01,4.73
2026-04-06,2027-07-01,4.71
2026-04-06,2027-08-01,4.69
2026-04-06,2027-09-01,4.68
2026-04-07,2026-04-01,4.09
2026-04-07,2026-05-01,4.23
2026-04-07,2026-06-01,4.3
2026-04-07,2026-07-01,4.34
2026-04-07,2026-08-01,4.45
2026-04-07,2026-09-01,4.51
2026-04-07,2026-10-01,4.62
2026-04-07,2026-11-01,4.7
2026-04-07,2026-12-01,4.7
2026-04-07,2027-01-01,4.7
2026-04-07,2027-02-01,4.7
2026-04-07,2027-03-01,4.7
2026-04-07,2027-04-01,4.7
2026-04-07,2027-05-01,4.69
2026-04-07,2027-06-01,4.67
2026-04-07,2027-07-01,4.65
2026-04-07,2027-08-01,4.63
2026-04-07,2027-09-01,4.61
2026-04-08,2026-04-01,4.09
2026-04-08,2026-05-01,4.22
2026-04-08,2026-06-01,4.28
2026-04-08,2026-07-01,4.31
2026-04-08,2026-08-01,4.41
2026-04-08,2026-09-01,4.47
2026-04-08,2026-10-01,4.53
2026-04-08,2026-11-01,4.6
2026-04-08,2026-12-01,4.61
2026-04-08,2027-01-01,4.61
2026-04-08,2027-02-01,4.6
2026-04-08,2027-03-01,4.59
2026-04-08,2027-04-01,4.59
2026-04-08,2027-05-01,4.57
2026-04-08,2027-06-01,4.56
2026-04-08,2027-07-01,4.53
2026-04-08,2027-08-01,4.51
2026-04-08,2027-09-01,4.5
2026-04-09,2026-04-01,4.09
2026-04-09,2026-05-01,4.23
2026-04-09,2026-06-01,4.28
2026-04-09,2026-07-01,4.33
2026-04-09,2026-08-01,4.42
2026-04-09,2026-09-01,4.48
2026-04-09,2026-10-01,4.56
2026-04-09,2026-11-01,4.64
2026-04-09,2026-12-01,4.64
2026-04-09,2027-01-01,4.64
2026-04-09,2027-02-01,4.64
2026-04-09,2027-03-01,4.64
2026-04-09,2027-04-01,4.64
2026-04-09,2027-05-01,4.61
2026-04-09,2027-06-01,4.6
2026-04-09,2027-07-01,4.58
2026-04-09,2027-08-01,4.56
2026-04-09,2027-09-01,4.55
2026-04-10,2026-04-01,4.09
2026-04-10,2026-05-01,4.23
2026-04-10,2026-06-01,4.29
2026-04-10,2026-07-01,4.33
2026-04-10,2026-08-01,4.43
2026-04-10,2026-09-01,4.49
2026-04-10,2026-10-01,4.58
2026-04-10,2026-11-01,4.66
2026-04-10,2026-12-01,4.67
2026-04-10,2027-01-01,4.67
2026-04-10,2027-02-01,4.67
2026-04-10,2027-03-01,4.67
2026-04-10,2027-04-01,4.67
2026-04-10,2027-05-01,4.66
2026-04-10,2027-06-01,4.64
2026-04-10,2027-07-01,4.62
2026-04-10,2027-08-01,4.6
2026-04-10,2027-09-01,4.58
2026-04-13,2026-04-01,4.09
2026-04-13,2026-05-01,4.23
2026-04-13,2026-06-01,4.3
2026-04-13,2026-07-01,4.34
2026-04-13,2026-08-01,4.45
2026-04-13,2026-09-01,4.51
2026-04-13,2026-10-01,4.61
2026-04-13,2026-11-01,4.69
2026-04-13,2026-12-01,4.7
2026-04-13,2027-01-01,4.72
2026-04-13,2027-02-01,4.72
2026-04-13,2027-03-01,4.73
2026-04-13,2027-04-01,4.73
2026-04-13,2027-05-01,4.71
2026-04-13,2027-06-01,4.69
2026-04-13,2027-07-01,4.67
2026-04-13,2027-08-01,4.64
2026-04-13,2027-09-01,4.63
2026-04-14,2026-04-01,4.09
2026-04-14,2026-05-01,4.23
2026-04-14,2026-06-01,4.29
2026-04-14,2026-07-01,4.32
2026-04-14,2026-08-01,4.42
2026-04-14,2026-09-01,4.48
2026-04-14,2026-10-01,4.57
2026-04-14,2026-11-01,4.64
2026-04-14,2026-12-01,4.66
2026-04-14,2027-01-01,4.66
2026-04-14,2027-02-01,4.65
2026-04-14,2027-03-01,4.65
2026-04-14,2027-04-01,4.64
2026-04-14,2027-05-01,4.62
2026-04-14,2027-06-01,4.61
2026-04-14,2027-07-01,4.58
2026-04-14,2027-08-01,4.56
2026-04-14,2027-09-01,4.55
2026-04-15,2026-04-01,4.09
2026-04-15,2026-05-01,4.24
2026-04-15,2026-06-01,4.3
2026-04-15,2026-07-01,4.33
2026-04-15,2026-08-01,4.42
2026-04-15,2026-09-01,4.48
2026-04-15,2026-10-01,4.56
2026-04-15,2026-11-01,4.62
2026-04-15,2026-12-01,4.61
2026-04-15,2027-01-01,4.63
2026-04-15,2027-02-01,4.62
2026-04-15,2027-03-01,4.62
2026-04-15,2027-04-01,4.61
2026-04-15,2027-05-01,4.59
2026-04-15,2027-06-01,4.58
2026-04-15,2027-07-01,4.56
2026-04-15,2027-08-01,4.53
2026-04-15,2027-09-01,4.52
2026-04-16,2026-04-01,4.09
2026-04-16,2026-05-01,4.25
2026-04-16,2026-06-01,4.31
2026-04-16,2026-07-01,4.34
2026-04-16,2026-08-01,4.44
2026-04-16,2026-09-01,4.5
2026-04-16,2026-10-01,4.57
2026-04-16,2026-11-01,4.64
2026-04-16,2026-12-01,4.64
2026-04-16,2027-01-01,4.64
2026-04-16,2027-02-01,4.64
2026-04-16,2027-03-01,4.64
2026-04-16,2027-04-01,4.63
2026-04-16,2027-05-01,4.61
2026-04-16,2027-06-01,4.59
2026-04-16,2027-07-01,4.57
2026-04-16,2027-08-01,4.55
2026-04-16,2027-09-01,4.53
2026-04-17,2026-04-01,4.09
2026-04-17,2026-05-01,4.25
2026-04-17,2026-06-01,4.33
2026-04-17,2026-07-01,4.36
2026-04-17,2026-08-01,4.46
2026-04-17,2026-09-01,4.52
2026-04-17,2026-10-01,4.59
2026-04-17,2026-11-01,4.66
2026-04-17,2026-12-01,4.67
2026-04-17,2027-01-01,4.67
2026-04-17,2027-02-01,4.67
2026-04-17,2027-03-01,4.66
2026-04-17,2027-04-01,4.66
2026-04-17,2027-05-01,4.63
2026-04-17,2027-06-01,4.62
2026-04-17,2027-07-01,4.59
2026-04-17,2027-08-01,4.58
2026-04-17,2027-09-01,4.56
2026-04-20,2026-04-01,4.09
2026-04-20,2026-05-01,4.25
2026-04-20,2026-06-01,4.31
2026-04-20,2026-07-01,4.34
2026-04-20,2026-08-01,4.43
2026-04-20,2026-09-01,4.47
2026-04-20,2026-10-01,4.54
2026-04-20,2026-11-01,4.59
2026-04-20,2026-12-01,4.6
2026-04-20,2027-01-01,4.6
2026-04-20,2027-02-01,4.59
2026-04-20,2027-03-01,4.59
2026-04-20,2027-04-01,4.58
2026-04-20,2027-05-01,4.56
2026-04-20,2027-06-01,4.55
2026-04-20,2027-07-01,4.53
2026-04-20,2027-08-01,4.51
2026-04-20,2027-09-01,4.5
2026-04-21,2026-04-01,4.09
2026-04-21,2026-05-01,4.25
2026-04-21,2026-06-01,4.31
2026-04-21,2026-07-01,4.34
2026-04-21,2026-08-01,4.43
2026-04-21,2026-09-01,4.47
2026-04-21,2026-10-01,4.53
2026-04-21,2026-11-01,4.58
2026-04-21,2026-12-01,4.58
2026-04-21,2027-01-01,4.58
2026-04-21,2027-02-01,4.58
2026-04-21,2027-03-01,4.56
2026-04-21,2027-04-01,4.56
2026-04-21,2027-05-01,4.53
2026-04-21,2027-06-01,4.52
2026-04-21,2027-07-01,4.49
2026-04-21,2027-08-01,4.47
2026-04-21,2027-09-01,4.46
2026-04-22,2026-04-01,4.09
2026-04-22,2026-05-01,4.25
2026-04-22,2026-06-01,4.31
2026-04-22,2026-07-01,4.36
2026-04-22,2026-08-01,4.44
2026-04-22,2026-09-01,4.5
2026-04-22,2026-10-01,4.56
2026-04-22,2026-11-01,4.61
2026-04-22,2026-12-01,4.63
2026-04-22,2027-01-01,4.63
2026-04-22,2027-02-01,4.62
2026-04-22,2027-03-01,4.61
2026-04-22,2027-04-01,4.61
2026-04-22,2027-05-01,4.58
2026-04-22,2027-06-01,4.57
2026-04-22,2027-07-01,4.55
2026-04-22,2027-08-01,4.53
2026-04-22,2027-09-01,4.52
2026-04-23,2026-04-01,4.09
2026-04-23,2026-05-01,4.25
2026-04-23,2026-06-01,4.31
2026-04-23,2026-07-01,4.36
2026-04-23,2026-08-01,4.46
2026-04-23,2026-09-01,4.52
2026-04-23,2026-10-01,4.6
2026-04-23,2026-11-01,4.68
2026-04-23,2026-12-01,4.69
2026-04-23,2027-01-01,4.7
2026-04-23,2027-02-01,4.69
2026-04-23,2027-03-01,4.69
2026-04-23,2027-04-01,4.69
2026-04-23,2027-05-01,4.67
2026-04-23,2027-06-01,4.66
2026-04-23,2027-07-01,4.64
2026-04-23,2027-08-01,4.62
2026-04-23,2027-09-01,4.6
2026-04-24,2026-04-01,4.09
2026-04-24,2026-05-01,4.25
2026-04-24,2026-06-01,4.33
2026-04-24,2026-07-01,4.36
2026-04-24,2026-08-01,4.46
2026-04-24,2026-09-01,4.52
2026-04-24,2026-10-01,4.61
2026-04-24,2026-11-01,4.69
2026-04-24,2026-12-01,4.71
2026-04-24,2027-01-01,4.71
2026-04-24,2027-02-01,4.71
2026-04-24,2027-03-01,4.7
2026-04-24,2027-04-01,4.69
2026-04-24,2027-05-01,4.68
2026-04-24,2027-06-01,4.67
2026-04-24,2027-07-01,4.65
2026-04-24,2027-08-01,4.63
2026-04-24,2027-09-01,4.61
2026-04-27,2026-04-01,4.09
2026-04-27,2026-05-01,4.26
2026-04-27,2026-06-01,4.33
2026-04-27,2026-07-01,4.36
2026-04-27,2026-08-01,4.47
2026-04-27,2026-09-01,4.53
2026-04-27,2026-10-01,4.62
2026-04-27,2026-11-01,4.7
2026-04-27,2026-12-01,4.72
2026-04-27,2027-01-01,4.72
2026-04-27,2027-02-01,4.72
2026-04-27,2027-03-01,4.71
2026-04-27,2027-04-01,4.7
2026-04-27,2027-05-01,4.69
2026-04-27,2027-06-01,4.67
2026-04-27,2027-07-01,4.66
2026-04-27,2027-08-01,4.64
2026-04-27,2027-09-01,4.62
2026-04-28,2026-04-01,4.09
2026-04-28,2026-05-01,4.26
2026-04-28,2026-06-01,4.33
2026-04-28,2026-07-01,4.39
2026-04-28,2026-08-01,4.5
2026-04-28,2026-09-01,4.56
2026-04-28,2026-10-01,4.64
2026-04-28,2026-11-01,4.73
2026-04-28,2026-12-01,4.75
2026-04-28,2027-01-01,4.74
2026-04-28,2027-02-01,4.75
2026-04-28,2027-03-01,4.75
2026-04-28,2027-04-01,4.74
2026-04-28,2027-05-01,4.72
2026-04-28,2027-06-01,4.71
2026-04-28,2027-07-01,4.69
2026-04-28,2027-08-01,4.67
2026-04-28,2027-09-01,4.66
2026-04-29,2026-04-01,4.09
2026-04-29,2026-05-01,4.25
2026-04-29,2026-06-01,4.31
2026-04-29,2026-07-01,4.36
2026-04-29,2026-08-01,4.46
2026-04-29,2026-09-01,4.52
2026-04-29,2026-10-01,4.6
2026-04-29,2026-11-01,4.68
2026-04-29,2026-12-01,4.7
2026-04-29,2027-01-01,4.7
2026-04-29,2027-02-01,4.7
2026-04-29,2027-03-01,4.7
2026-04-29,2027-04-01,4.69
2026-04-29,2027-05-01,4.67
2026-04-29,2027-06-01,4.66
2026-04-29,2027-07-01,4.64
2026-04-29,2027-08-01,4.62
2026-04-29,2027-09-01,4.61
2026-04-30,2026-04-01,4.09
2026-04-30,2026-05-01,4.26
2026-04-30,2026-06-01,4.33
2026-04-30,2026-07-01,4.39
2026-04-30,2026-08-01,4.5
2026-04-30,2026-09-01,4.56
2026-04-30,2026-10-01,4.67
2026-04-30,2026-11-01,4.76
2026-04-30,2026-12-01,4.78
2026-04-30,2027-01-01,4.78
2026-04-30,2027-02-01,4.8
2026-04-30,2027-03-01,4.8
2026-04-30,2027-04-01,4.8
2026-04-30,2027-05-01,4.78
2026-04-30,2027-06-01,4.78
2026-04-30,2027-07-01,4.76
2026-04-30,2027-08-01,4.74
2026-04-30,2027-09-01,4.72
2026-05-01,2026-05-01,4.25
2026-05-01,2026-06-01,4.32
2026-05-01,2026-07-01,4.37
2026-05-01,2026-08-01,4.48
2026-05-01,2026-09-01,4.55
2026-05-01,2026-10-01,4.64
2026-05-01,2026-11-01,4.72
2026-05-01,2026-12-01,4.74
2026-05-01,2027-01-01,4.75
2026-05-01,2027-02-01,4.75
2026-05-01,2027-03-01,4.75
2026-05-01,2027-04-01,4.75
2026-05-01,2027-05-01,4.72
2026-05-01,2027-06-01,4.71
2026-05-01,2027-07-01,4.69
2026-05-01,2027-08-01,4.67
2026-05-01,2027-09-01,4.66
2026-05-01,2027-10-01,4.64
2026-05-04,2026-05-01,4.26
2026-05-04,2026-06-01,4.33
2026-05-04,2026-07-01,4.36
2026-05-04,2026-08-01,4.47
2026-05-04,2026-09-01,4.53
2026-05-04,2026-10-01,4.61
2026-05-04,2026-11-01,4.69
2026-05-04,2026-12-01,4.72
2026-05-04,2027-01-01,4.72
2026-05-04,2027-02-01,4.73
2026-05-04,2027-03-01,4.72
2026-05-04,2027-04-01,4.71
2026-05-04,2027-05-01,4.69
2026-05-04,2027-06-01,4.67
2026-05-04,2027-07-01,4.65
2026-05-04,2027-08-01,4.63
2026-05-04,2027-09-01,4.61
2026-05-04,2027-10-01,4.59
2026-05-05,2026-05-01,4.31
2026-05-05,2026-06-01,4.37
2026-05-05,2026-07-01,4.39
2026-05-05,2026-08-01,4.48
2026-05-05,2026-09-01,4.53
2026-05-05,2026-10-01,4.61
2026-05-05,2026-11-01,4.67
2026-05-05,2026-12-01,4.68
2026-05-05,2027-01-01,4.68
2026-05-05,2027-02-01,4.69
2026-05-05,2027-03-01,4.69
2026-05-05,2027-04-01,4.67
2026-05-05,2027-05-01,4.65
2026-05-05,2027-06-01,4.64
2026-05-05,2027-07-01,4.61
2026-05-05,2027-08-01,4.58
2026-05-05,2027-09-01,4.56
2026-05-05,2027-10-01,4.55
2026-05-06,2026-05-01,4.31
2026-05-06,2026-06-01,4.38
2026-05-06,2026-07-01,4.39
2026-05-06,2026-08-01,4.48
2026-05-06,2026-09-01,4.54
2026-05-06,2026-10-01,4.6
2026-05-06,2026-11-01,4.67
2026-05-06,2026-12-01,4.68
2026-05-06,2027-01-01,4.68
2026-05-06,2027-02-01,4.69
2026-05-06,2027-03-01,4.69
2026-05-06,2027-04-01,4.67
2026-05-06,2027-05-01,4.64
2026-05-06,2027-06-01,4.64
2026-05-06,2027-07-01,4.61
2026-05-06,2027-08-01,4.6
2026-05-06,2027-09-01,4.58
2026-05-06,2027-10-01,4.56
2026-05-07,2026-05-01,4.31
2026-05-07,2026-06-01,4.37
2026-05-07,2026-07-01,4.39
2026-05-07,2026-08-01,4.48
2026-05-07,2026-09-01,4.53
2026-05-07,2026-10-01,4.58
2026-05-07,2026-11-01,4.64
2026-05-07,2026-12-01,4.66
2026-05-07,2027-01-01,4.66
2026-05-07,2027-02-01,4.67
2026-05-07,2027-03-01,4.66
2026-05-07,2027-04-01,4.64
2026-05-07,2027-05-01,4.62
2026-05-07,2027-06-01,4.61
2026-05-07,2027-07-01,4.58
2026-05-07,2027-08-01,4.57
2026-05-07,2027-09-01,4.55
2026-05-07,2027-10-01,4.53
2026-05-08,2026-05-01,4.31
2026-05-08,2026-06-01,4.37
2026-05-08,2026-07-01,4.4
2026-05-08,2026-08-01,4.49
2026-05-08,2026-09-01,4.55
2026-05-08,2026-10-01,4.62
2026-05-08,2026-11-01,4.68
2026-05-08,2026-12-01,4.69
2026-05-08,2027-01-01,4.69
2026-05-08,2027-02-01,4.7
2026-05-08,2027-03-01,4.7
2026-05-08,2027-04-01,4.69
2026-05-08,2027-05-01,4.67
2026-05-08,2027-06-01,4.66
2026-05-08,2027-07-01,4.64
2026-05-08,2027-08-01,4.61
2026-05-08,2027-09-01,4.6
2026-05-08,2027-10-01,4.58
2026-05-11,2026-05-01,4.31
2026-05-11,2026-06-01,4.37
2026-05-11,2026-07-01,4.39
2026-05-11,2026-08-01,4.49
2026-05-11,2026-09-01,4.55
2026-05-11,2026-10-01,4.62
2026-05-11,2026-11-01,4.69
2026-05-11,2026-12-01,4.71
2026-05-11,2027-01-01,4.72
2026-05-11,2027-02-01,4.72
2026-05-11,2027-03-01,4.72
2026-05-11,2027-04-01,4.71
2026-05-11,2027-05-01,4.69
2026-05-11,2027-06-01,4.68
2026-05-11,2027-07-01,4.66
2026-05-11,2027-08-01,4.64
2026-05-11,2027-09-01,4.62
2026-05-11,2027-10-01,4.61
2026-05-12,2026-05-01,4.31
2026-05-12,2026-06-01,4.37
2026-05-12,2026-07-01,4.4
2026-05-12,2026-08-01,4.5
2026-05-12,2026-09-01,4.56
2026-05-12,2026-10-01,4.64
2026-05-12,2026-11-01,4.71
2026-05-12,2026-12-01,4.73
2026-05-12,2027-01-01,4.73
2026-05-12,2027-02-01,4.73
2026-05-12,2027-03-01,4.73
2026-05-12,2027-04-01,4.72
2026-05-12,2027-05-01,4.71
2026-05-12,2027-06-01,4.7
2026-05-12,2027-07-01,4.68
2026-05-12,2027-08-01,4.66
2026-05-12,2027-09-01,4.64
2026-05-12,2027-10-01,4.63
2026-05-13,2026-05-01,4.31
2026-05-13,2026-06-01,4.37
2026-05-13,2026-07-01,4.4
2026-05-13,2026-08-01,4.52
2026-05-13,2026-09-01,4.58
2026-05-13,2026-10-01,4.66
2026-05-13,2026-11-01,4.75
2026-05-13,2026-12-01,4.77
2026-05-13,2027-01-01,4.77
2026-05-13,2027-02-01,4.77
2026-05-13,2027-03-01,4.77
2026-05-13,2027-04-01,4.77
2026-05-13,2027-05-01,4.75
2026-05-13,2027-06-01,4.73
2026-05-13,2027-07-01,4.71
2026-05-13,2027-08-01,4.69
2026-05-13,2027-09-01,4.68
2026-05-13,2027-10-01,4.67
2026-05-14,2026-05-01,4.31
2026-05-14,2026-06-01,4.36
2026-05-14,2026-07-01,4.39
2026-05-14,2026-08-01,4.5
2026-05-14,2026-09-01,4.56
2026-05-14,2026-10-01,4.62
2026-05-14,2026-11-01,4.69
2026-05-14,2026-12-01,4.7
2026-05-14,2027-01-01,4.7
2026-05-14,2027-02-01,4.71
2026-05-14,2027-03-01,4.71
2026-05-14,2027-04-01,4.69
2026-05-14,2027-05-01,4.67
2026-05-14,2027-06-01,4.66
2026-05-14,2027-07-01,4.64
2026-05-14,2027-08-01,4.62
2026-05-14,2027-09-01,4.61
2026-05-14,2027-10-01,4.59
2026-05-15,2026-05-01,4.31
2026-05-15,2026-06-01,4.37
2026-05-15,2026-07-01,4.39
2026-05-15,2026-08-01,4.5
2026-05-15,2026-09-01,4.57
2026-05-15,2026-10-01,4.63
2026-05-15,2026-11-01,4.71
2026-05-15,2026-12-01,4.73
2026-05-15,2027-01-01,4.74
2026-05-15,2027-02-01,4.75
2026-05-15,2027-03-01,4.75
2026-05-15,2027-04-01,4.73
2026-05-15,2027-05-01,4.72
2026-05-15,2027-06-01,4.7
2026-05-15,2027-07-01,4.69
2026-05-15,2027-08-01,4.67
2026-05-15,2027-09-01,4.66
2026-05-15,2027-10-01,4.64
2026-05-18,2026-05-01,4.31
2026-05-18,2026-06-01,4.36
2026-05-18,2026-07-01,4.39
2026-05-18,2026-08-01,4.49
2026-05-18,2026-09-01,4.55
2026-05-18,2026-10-01,4.62
2026-05-18,2026-11-01,4.71
2026-05-18,2026-12-01,4.72
2026-05-18,2027-01-01,4.73
2026-05-18,2027-02-01,4.73
2026-05-18,2027-03-01,4.73
2026-05-18,2027-04-01,4.73
2026-05-18,2027-05-01,4.72
2026-05-18,2027-06-01,4.71
2026-05-18,2027-07-01,4.69
2026-05-18,2027-08-01,4.68
2026-05-18,2027-09-01,4.67
2026-05-18,2027-10-01,4.65
2026-05-19,2026-05-01,4.31
2026-05-19,2026-06-01,4.36
2026-05-19,2026-07-01,4.38
2026-05-19,2026-08-01,4.48
2026-05-19,2026-09-01,4.54
2026-05-19,2026-10-01,4.6
2026-05-19,2026-11-01,4.67
2026-05-19,2026-12-01,4.68
2026-05-19,2027-01-01,4.69
2026-05-19,2027-02-01,4.69
2026-05-19,2027-03-01,4.69
2026-05-19,2027-04-01,4.68
2026-05-19,2027-05-01,4.67
2026-05-19,2027-06-01,4.66
2026-05-19,2027-07-01,4.64
2026-05-19,2027-08-01,4.62
2026-05-19,2027-09-01,4.61
2026-05-19,2027-10-01,4.59
2026-05-20,2026-05-01,4.31
2026-05-20,2026-06-01,4.36
2026-05-20,2026-07-01,4.39
2026-05-20,2026-08-01,4.48
2026-05-20,2026-09-01,4.55
2026-05-20,2026-10-01,4.6
2026-05-20,2026-11-01,4.67
2026-05-20,2026-12-01,4.69
2026-05-20,2027-01-01,4.69
2026-05-20,2027-02-01,4.7
2026-05-20,2027-03-01,4.7
2026-05-20,2027-04-01,4.69
2026-05-20,2027-05-01,4.69
2026-05-20,2027-06-01,4.68
2026-05-20,2027-07-01,4.67
2026-05-20,2027-08-01,4.66
2026-05-20,2027-09-01,4.64
2026-05-20,2027-10-01,4.62
2026-05-21,2026-05-01,4.31
2026-05-21,2026-06-01,4.36
2026-05-21,2026-07-01,4.36
2026-05-21,2026-08-01,4.44
2026-05-21,2026-09-01,4.48
2026-05-21,2026-10-01,4.53
2026-05-21,2026-11-01,4.59
2026-05-21,2026-12-01,4.61
2026-05-21,2027-01-01,4.62
2026-05-21,2027-02-01,4.62
2026-05-21,2027-03-01,4.62
2026-05-21,2027-04-01,4.61
2026-05-21,2027-05-01,4.6
2026-05-21,2027-06-01,4.59
2026-05-21,2027-07-01,4.57
2026-05-21,2027-08-01,4.56
2026-05-21,2027-09-01,4.54
2026-05-21,2027-10-01,4.52
2026-05-22,2026-05-01,4.31
2026-05-22,2026-06-01,4.36
2026-05-22,2026-07-01,4.36
2026-05-22,2026-08-01,4.44
2026-05-22,2026-09-01,4.48
2026-05-22,2026-10-01,4.51
2026-05-22,2026-11-01,4.56
2026-05-22,2026-12-01,4.58
2026-05-22,2027-01-01,4.59
2026-05-22,2027-02-01,4.59
2026-05-22,2027-03-01,4.59
2026-05-22,2027-04-01,4.58
2026-05-22,2027-05-01,4.56
2026-05-22,2027-06-01,4.55
2026-05-22,2027-07-01,4.53
2026-05-22,2027-08-01,4.51
2026-05-22,2027-09-01,4.5
2026-05-22,2027-10-01,4.47
2026-05-25,2026-05-01,4.31
2026-05-25,2026-06-01,4.35
2026-05-25,2026-07-01,4.36
2026-05-25,2026-08-01,4.43
2026-05-25,2026-09-01,4.47
2026-05-25,2026-10-01,4.52
2026-05-25,2026-11-01,4.57
2026-05-25,2026-12-01,4.58
2026-05-25,2027-01-01,4.58
2026-05-25,2027-02-01,4.59
2026-05-25,2027-03-01,4.58
2026-05-25,2027-04-01,4.58
2026-05-25,2027-05-01,4.56
2026-05-25,2027-06-01,4.54
2026-05-25,2027-07-01,4.52
2026-05-25,2027-08-01,4.49
2026-05-25,2027-09-01,4.47
2026-05-25,2027-10-01,4.45
2026-05-26,2026-05-01,4.31
2026-05-26,2026-06-01,4.36
2026-05-26,2026-07-01,4.36
2026-05-26,2026-08-01,4.44
2026-05-26,2026-09-01,4.48
2026-05-26,2026-10-01,4.53
2026-05-26,2026-11-01,4.58
2026-05-26,2026-12-01,4.6
2026-05-26,2027-01-01,4.61
2026-05-26,2027-02-01,4.61
2026-05-26,2027-03-01,4.61
2026-05-26,2027-04-01,4.59
2026-05-26,2027-05-01,4.57
2026-05-26,2027-06-01,4.56
2026-05-26,2027-07-01,4.53
2026-05-26,2027-08-01,4.51
2026-05-26,2027-09-01,4.49
2026-05-26,2027-10-01,4.47
2026-05-27,2026-05-01,4.31
2026-05-27,2026-06-01,4.35
2026-05-27,2026-07-01,4.35
2026-05-27,2026-08-01,4.42
2026-05-27,2026-09-01,4.47
2026-05-27,2026-10-01,4.5
2026-05-27,2026-11-01,4.55
2026-05-27,2026-12-01,4.56
2026-05-27,2027-01-01,4.56
2026-05-27,2027-02-01,4.56
2026-05-27,2027-03-01,4.55
2026-05-27,2027-04-01,4.53
2026-05-27,2027-05-01,4.52
2026-05-27,2027-06-01,4.5
2026-05-27,2027-07-01,4.47
2026-05-27,2027-08-01,4.45
2026-05-27,2027-09-01,4.44
2026-05-27,2027-10-01,4.41
2026-05-28,2026-05-01,4.31
2026-05-28,2026-06-01,4.35
2026-05-28,2026-07-01,4.36
2026-05-28,2026-08-01,4.43
2026-05-28,2026-09-01,4.47
2026-05-28,2026-10-01,4.51
2026-05-28,2026-11-01,4.56
2026-05-28,2026-12-01,4.57
2026-05-28,2027-01-01,4.57
2026-05-28,2027-02-01,4.57
2026-05-28,2027-03-01,4.56
2026-05-28,2027-04-01,4.55
2026-05-28,2027-05-01,4.53
2026-05-28,2027-06-01,4.52
2026-05-28,2027-07-01,4.49
2026-05-28,2027-08-01,4.47
2026-05-28,2027-09-01,4.45
2026-05-28,2027-10-01,4.42
2026-05-29,2026-05-01,4.31
2026-05-29,2026-06-01,4.35
2026-05-29,2026-07-01,4.35
2026-05-29,2026-08-01,4.42
2026-05-29,2026-09-01,4.45
2026-05-29,2026-10-01,4.49
2026-05-29,2026-11-01,4.53
2026-05-29,2026-12-01,4.53
2026-05-29,2027-01-01,4.53
2026-05-29,2027-02-01,4.53
2026-05-29,2027-03-01,4.52
2026-05-29,2027-04-01,4.5
2026-05-29,2027-05-01,4.48
2026-05-29,2027-06-01,4.47
2026-05-29,2027-07-01,4.44
2026-05-29,2027-08-01,4.42
2026-05-29,2027-09-01,4.4
2026-05-29,2027-10-01,4.38
2026-06-01,2026-06-01,4.35
2026-06-01,2026-07-01,4.35
2026-06-01,2026-08-01,4.42
2026-06-01,2026-09-01,4.46
2026-06-01,2026-10-01,4.5
2026-06-01,2026-11-01,4.53
2026-06-01,2026-12-01,4.56
2026-06-01,2027-01-01,4.56
2026-06-01,2027-02-01,4.56
2026-06-01,2027-03-01,4.55
2026-06-01,2027-04-01,4.55
2026-06-01,2027-05-01,4.53
2026-06-01,2027-06-01,4.51
2026-06-01,2027-07-01,4.48
2026-06-01,2027-08-01,4.46
2026-06-01,2027-09-01,4.44
2026-06-01,2027-10-01,4.42
2026-06-01,2027-11-01,4.39
2026-06-02,2026-06-01,4.35
2026-06-02,2026-07-01,4.36
2026-06-02,2026-08-01,4.43
2026-06-02,2026-09-01,4.47
2026-06-02,2026-10-01,4.5
2026-06-02,2026-11-01,4.54
2026-06-02,2026-12-01,4.56
2026-06-02,2027-01-01,4.56
2026-06-02,2027-02-01,4.56
2026-06-02,2027-03-01,4.56
2026-06-02,2027-04-01,4.55
2026-06-02,2027-05-01,4.53
2026-06-02,2027-06-01,4.52
2026-06-02,2027-07-01,4.49
2026-06-02,2027-08-01,4.47
2026-06-02,2027-09-01,4.45
2026-06-02,2027-10-01,4.42
2026-06-02,2027-11-01,4.4
2026-06-03,2026-06-01,4.35
2026-06-03,2026-07-01,4.36
2026-06-03,2026-08-01,4.44
2026-06-03,2026-09-01,4.48
2026-06-03,2026-10-01,4.52
2026-06-03,2026-11-01,4.57
2026-06-03,2026-12-01,4.59
2026-06-03,2027-01-01,4.59
2026-06-03,2027-02-01,4.59
2026-06-03,2027-03-01,4.59
2026-06-03,2027-04-01,4.58
2026-06-03,2027-05-01,4.56
2026-06-03,2027-06-01,4.55
2026-06-03,2027-07-01,4.53
2026-06-03,2027-08-01,4.5
2026-06-03,2027-09-01,4.48
2026-06-03,2027-10-01,4.46
2026-06-03,2027-11-01,4.44
2026-06-04,2026-06-01,4.35
2026-06-04,2026-07-01,4.36
2026-06-04,2026-08-01,4.44
2026-06-04,2026-09-01,4.48
2026-06-04,2026-10-01,4.53
2026-06-04,2026-11-01,4.57
2026-06-04,2026-12-01,4.59
2026-06-04,2027-01-01,4.59
2026-06-04,2027-02-01,4.59
2026-06-04,2027-03-01,4.59
2026-06-04,2027-04-01,4.58
2026-06-04,2027-05-01,4.56
2026-06-04,2027-06-01,4.56
2026-06-04,2027-07-01,4.53
2026-06-04,2027-08-01,4.51
2026-06-04,2027-09-01,4.49
2026-06-04,2027-10-01,4.47
2026-06-04,2027-11-01,4.44
2026-06-05,2026-06-01,4.35
2026-06-05,2026-07-01,4.36
2026-06-05,2026-08-01,4.43
2026-06-05,2026-09-01,4.47
2026-06-05,2026-10-01,4.51
2026-06-05,2026-11-01,4.56
2026-06-05,2026-12-01,4.58
2026-06-05,2027-01-01,4.58
2026-06-05,2027-02-01,4.58
2026-06-05,2027-03-01,4.58
2026-06-05,2027-04-01,4.56
2026-06-05,2027-05-01,4.55
2026-06-05,2027-06-01,4.54
2026-06-05,2027-07-01,4.52
2026-06-05,2027-08-01,4.5
2026-06-05,2027-09-01,4.48
2026-06-05,2027-10-01,4.46
2026-06-05,2027-11-01,4.44
2026-06-08,2026-06-01,4.35
2026-06-08,2026-07-01,4.36
2026-06-08,2026-08-01,4.43
2026-06-08,2026-09-01,4.47
2026-06-08,2026-10-01,4.51
2026-06-08,2026-11-01,4.56
2026-06-08,2026-12-01,4.58
2026-06-08,2027-01-01,4.58
2026-06-08,2027-02-01,4.58
2026-06-08,2027-03-01,4.58
2026-06-08,2027-04-01,4.56
2026-06-08,2027-05-01,4.55
2026-06-08,2027-06-01,4.54
2026-06-08,2027-07-01,4.52
2026-06-08,2027-08-01,4.5
2026-06-08,2027-09-01,4.48
2026-06-08,2027-10-01,4.46
2026-06-08,2027-11-01,4.44
2026-06-09,2026-06-01,4.35
2026-06-09,2026-07-01,4.35
2026-06-09,2026-08-01,4.42
2026-06-09,2026-09-01,4.45
2026-06-09,2026-10-01,4.49
2026-06-09,2026-11-01,4.55
2026-06-09,2026-12-01,4.56
2026-06-09,2027-01-01,4.56
2026-06-09,2027-02-01,4.57
2026-06-09,2027-03-01,4.57
2026-06-09,2027-04-01,4.56
2026-06-09,2027-05-01,4.55
2026-06-09,2027-06-01,4.54
2026-06-09,2027-07-01,4.52
2026-06-09,2027-08-01,4.5
2026-06-09,2027-09-01,4.47
2026-06-09,2027-10-01,4.45
2026-06-09,2027-11-01,4.43
2026-06-10,2026-06-01,4.35
2026-06-10,2026-07-01,4.35
2026-06-10,2026-08-01,4.4
2026-06-10,2026-09-01,4.43
2026-06-10,2026-10-01,4.45
2026-06-10,2026-11-01,4.5
2026-06-10,2026-12-01,4.52
2026-06-10,2027-01-01,4.52
2026-06-10,2027-02-01,4.52
2026-06-10,2027-03-01,4.52
2026-06-10,2027-04-01,4.51
2026-06-10,2027-05-01,4.49
2026-06-10,2027-06-01,4.48
2026-06-10,2027-07-01,4.45
2026-06-10,2027-08-01,4.44
2026-06-10,2027-09-01,4.42
2026-06-10,2027-10-01,4.39
2026-06-10,2027-11-01,4.36
2026-06-11,2026-06-01,4.35
2026-06-11,2026-07-01,4.35
2026-06-11,2026-08-01,4.4
2026-06-11,2026-09-01,4.44
2026-06-11,2026-10-01,4.44
2026-06-11,2026-11-01,4.48
2026-06-11,2026-12-01,4.5
2026-06-11,2027-01-01,4.5
2026-06-11,2027-02-01,4.51
2026-06-11,2027-03-01,4.51
2026-06-11,2027-04-01,4.5
2026-06-11,2027-05-01,4.48
2026-06-11,2027-06-01,4.47
2026-06-11,2027-07-01,4.44
2026-06-11,2027-08-01,4.42
2026-06-11,2027-09-01,4.41
2026-06-11,2027-10-01,4.38
2026-06-11,2027-11-01,4.36
2026-06-12,2026-06-01,4.35
2026-06-12,2026-07-01,4.35
2026-06-12,2026-08-01,4.38
2026-06-12,2026-09-01,4.42
2026-06-12,2026-10-01,4.42
2026-06-12,2026-11-01,4.47
2026-06-12,2026-12-01,4.48
2026-06-12,2027-01-01,4.48
2026-06-12,2027-02-01,4.49
2026-06-12,2027-03-01,4.49
2026-06-12,2027-04-01,4.48
2026-06-12,2027-05-01,4.46
2026-06-12,2027-06-01,4.45
2026-06-12,2027-07-01,4.42
2026-06-12,2027-08-01,4.41
2026-06-12,2027-09-01,4.39
2026-06-12,2027-10-01,4.36
2026-06-12,2027-11-01,4.33
2026-06-15,2026-06-01,4.35
2026-06-15,2026-07-01,4.35
2026-06-15,2026-08-01,4.4
2026-06-15,2026-09-01,4.42
2026-06-15,2026-10-01,4.43
2026-06-15,2026-11-01,4.47
2026-06-15,2026-12-01,4.48
2026-06-15,2027-01-01,4.48
2026-06-15,2027-02-01,4.49
2026-06-15,2027-03-01,4.48
2026-06-15,2027-04-01,4.47
2026-06-15,2027-05-01,4.44
2026-06-15,2027-06-01,4.44
2026-06-15,2027-07-01,4.41
2026-06-15,2027-08-01,4.38
2026-06-15,2027-09-01,4.36
2026-06-15,2027-10-01,4.33
2026-06-15,2027-11-01,4.31
2026-06-16,2026-06-01,4.34
2026-06-16,2026-07-01,4.34
2026-06-16,2026-08-01,4.39
2026-06-16,2026-09-01,4.42
2026-06-16,2026-10-01,4.42
2026-06-16,2026-11-01,4.46
2026-06-16,2026-12-01,4.47
2026-06-16,2027-01-01,4.47
2026-06-16,2027-02-01,4.47
2026-06-16,2027-03-01,4.47
2026-06-16,2027-04-01,4.45
2026-06-16,2027-05-01,4.42
2026-06-16,2027-06-01,4.41
2026-06-16,2027-07-01,4.39
2026-06-16,2027-08-01,4.36
2026-06-16,2027-09-01,4.33
2026-06-16,2027-10-01,4.31
2026-06-16,2027-11-01,4.28
2026-06-17,2026-06-01,4.34
2026-06-17,2026-07-01,4.34
2026-06-17,2026-08-01,4.39
2026-06-17,2026-09-01,4.42
2026-06-17,2026-10-01,4.42
2026-06-17,2026-11-01,4.45
2026-06-17,2026-12-01,4.47
2026-06-17,2027-01-01,4.47
2026-06-17,2027-02-01,4.45
2026-06-17,2027-03-01,4.44
2026-06-17,2027-04-01,4.42
2026-06-17,2027-05-01,4.4
2026-06-17,2027-06-01,4.39
2026-06-17,2027-07-01,4.35
2026-06-17,2027-08-01,4.32
2026-06-17,2027-09-01,4.3
2026-06-17,2027-10-01,4.27
2026-06-17,2027-11-01,4.23
2026-06-18,2026-06-01,4.34
2026-06-18,2026-07-01,4.34
2026-06-18,2026-08-01,4.39
2026-06-18,2026-09-01,4.42
2026-06-18,2026-10-01,4.44
2026-06-18,2026-11-01,4.48
2026-06-18,2026-12-01,4.5
2026-06-18,2027-01-01,4.5
2026-06-18,2027-02-01,4.49
2026-06-18,2027-03-01,4.48
2026-06-18,2027-04-01,4.47
2026-06-18,2027-05-01,4.44
2026-06-18,2027-06-01,4.42
2026-06-18,2027-07-01,4.39
2026-06-18,2027-08-01,4.36
2026-06-18,2027-09-01,4.34
2026-06-18,2027-10-01,4.31
2026-06-18,2027-11-01,4.28
2026-06-19,2026-06-01,4.34
2026-06-19,2026-07-01,4.34
2026-06-19,2026-08-01,4.41
2026-06-19,2026-09-01,4.43
2026-06-19,2026-10-01,4.44
2026-06-19,2026-11-01,4.5
2026-06-19,2026-12-01,4.52
2026-06-19,2027-01-01,4.52
2026-06-19,2027-02-01,4.51
2026-06-19,2027-03-01,4.5
2026-06-19,2027-04-01,4.49
2026-06-19,2027-05-01,4.47
2026-06-19,2027-06-01,4.45
2026-06-19,2027-07-01,4.42
2026-06-19,2027-08-01,4.4
2026-06-19,2027-09-01,4.38
2026-06-19,2027-10-01,4.35
2026-06-19,2027-11-01,4.32
2026-06-22,2026-06-01,4.34
2026-06-22,2026-07-01,4.34
2026-06-22,2026-08-01,4.4
2026-06-22,2026-09-01,4.42
2026-06-22,2026-10-01,4.44
2026-06-22,2026-11-01,4.5
2026-06-22,2026-12-01,4.52
2026-06-22,2027-01-01,4.52
2026-06-22,2027-02-01,4.51
2026-06-22,2027-03-01,4.5
2026-06-22,2027-04-01,4.48
2026-06-22,2027-05-01,4.47
2026-06-22,2027-06-01,4.45
2026-06-22,2027-07-01,4.42
2026-06-22,2027-08-01,4.39
2026-06-22,2027-09-01,4.37
2026-06-22,2027-10-01,4.34
2026-06-22,2027-11-01,4.31
2026-06-23,2026-06-01,4.34
2026-06-23,2026-07-01,4.34
2026-06-23,2026-08-01,4.39
2026-06-23,2026-09-01,4.42
2026-06-23,2026-10-01,4.44
2026-06-23,2026-11-01,4.48
2026-06-23,2026-12-01,4.48
2026-06-23,2027-01-01,4.48
2026-06-23,2027-02-01,4.47
2026-06-23,2027-03-01,4.47
2026-06-23,2027-04-01,4.44
2026-06-23,2027-05-01,4.42
2026-06-23,2027-06-01,4.4
2026-06-23,2027-07-01,4.37
2026-06-23,2027-08-01,4.34
2026-06-23,2027-09-01,4.31
2026-06-23,2027-10-01,4.29
2026-06-23,2027-11-01,4.25
2026-06-24,2026-06-01,4.34
2026-06-24,2026-07-01,4.34
2026-06-24,2026-08-01,4.4
2026-06-24,2026-09-01,4.42
2026-06-24,2026-10-01,4.45
2026-06-24,2026-11-01,4.47
2026-06-24,2026-12-01,4.49
2026-06-24,2027-01-01,4.49
2026-06-24,2027-02-01,4.48
2026-06-24,2027-03-01,4.47
2026-06-24,2027-04-01,4.45
2026-06-24,2027-05-01,4.42
2026-06-24,2027-06-01,4.41
2026-06-24,2027-07-01,4.38
2026-06-24,2027-08-01,4.34
2026-06-24,2027-09-01,4.31
2026-06-24,2027-10-01,4.29
2026-06-24,2027-11-01,4.26
2026-06-25,2026-06-01,4.34
2026-06-25,2026-07-01,4.34
2026-06-25,2026-08-01,4.38
2026-06-25,2026-09-01,4.4
2026-06-25,2026-10-01,4.42
2026-06-25,2026-11-01,4.45
2026-06-25,2026-12-01,4.46
2026-06-25,2027-01-01,4.46
2026-06-25,2027-02-01,4.44
2026-06-25,2027-03-01,4.43
2026-06-25,2027-04-01,4.41
2026-06-25,2027-05-01,4.38
2026-06-25,2027-06-01,4.36
2026-06-25,2027-07-01,4.33
2026-06-25,2027-08-01,4.31
2026-06-25,2027-09-01,4.28
2026-06-25,2027-10-01,4.25
2026-06-25,2027-11-01,4.22
2026-06-26,2026-06-01,4.34
2026-06-26,2026-07-01,4.34
2026-06-26,2026-08-01,4.38
2026-06-26,2026-09-01,4.39
2026-06-26,2026-10-01,4.41
2026-06-26,2026-11-01,4.44
2026-06-26,2026-12-01,4.44
2026-06-26,2027-01-01,4.44
2026-06-26,2027-02-01,4.42
2026-06-26,2027-03-01,4.41
2026-06-26,2027-04-01,4.39
2026-06-26,2027-05-01,4.36
2026-06-26,2027-06-01,4.34
2026-06-26,2027-07-01,4.32
2026-06-26,2027-08-01,4.29
2026-06-26,2027-09-01,4.27
2026-06-26,2027-10-01,4.24
2026-06-26,2027-11-01,4.21
2026-06-29,2026-06-01,4.34
2026-06-29,2026-07-01,4.34
2026-06-29,2026-08-01,4.39
2026-06-29,2026-09-01,4.4
2026-06-29,2026-10-01,4.41
2026-06-29,2026-11-01,4.45
2026-06-29,2026-12-01,4.45
2026-06-29,2027-01-01,4.45
2026-06-29,2027-02-01,4.44
2026-06-29,2027-03-01,4.42
2026-06-29,2027-04-01,4.41
2026-06-29,2027-05-01,4.39
2026-06-29,2027-06-01,4.37
2026-06-29,2027-07-01,4.34
2026-06-29,2027-08-01,4.31
2026-06-29,2027-09-01,4.29
2026-06-29,2027-10-01,4.27
2026-06-29,2027-11-01,4.23
2026-06-30,2026-06-01,4.34
2026-06-30,2026-07-01,4.34
2026-06-30,2026-08-01,4.39
2026-06-30,2026-09-01,4.39
2026-06-30,2026-10-01,4.42
2026-06-30,2026-11-01,4.45
2026-06-30,2026-12-01,4.45
2026-06-30,2027-01-01,4.45
2026-06-30,2027-02-01,4.44
2026-06-30,2027-03-01,4.42
2026-06-30,2027-04-01,4.4
2026-06-30,2027-05-01,4.38
2026-06-30,2027-06-01,4.36
2026-06-30,2027-07-01,4.33
2026-06-30,2027-08-01,4.31
2026-06-30,2027-09-01,4.28
2026-06-30,2027-10-01,4.25
2026-06-30,2027-11-01,4.22
2026-07-01,2026-07-01,4.34
2026-07-01,2026-08-01,4.39
2026-07-01,2026-09-01,4.4
2026-07-01,2026-10-01,4.42
2026-07-01,2026-11-01,4.47
2026-07-01,2026-12-01,4.47
2026-07-01,2027-01-01,4.48
2026-07-01,2027-02-01,4.47
2026-07-01,2027-03-01,4.45
2026-07-01,2027-04-01,4.44
2026-07-01,2027-05-01,4.42
2026-07-01,2027-06-01,4.41
2026-07-01,2027-07-01,4.38
2026-07-01,2027-08-01,4.36
2026-07-01,2027-09-01,4.33
2026-07-01,2027-10-01,4.31
2026-07-01,2027-11-01,4.27
2026-07-01,2027-12-01,4.25
2026-07-02,2026-07-01,4.34
2026-07-02,2026-08-01,4.39
2026-07-02,2026-09-01,4.4
2026-07-02,2026-10-01,4.42
2026-07-02,2026-11-01,4.47
2026-07-02,2026-12-01,4.49
2026-07-02,2027-01-01,4.48
2026-07-02,2027-02-01,4.47
2026-07-02,2027-03-01,4.47
2026-07-02,2027-04-01,4.45
2026-07-02,2027-05-01,4.42
2026-07-02,2027-06-01,4.42
2026-07-02,2027-07-01,4.39
2026-07-02,2027-08-01,4.38
2026-07-02,2027-09-01,4.35
2026-07-02,2027-10-01,4.33
2026-07-02,2027-11-01,4.3
2026-07-02,2027-12-01,4.28
2026-07-03,2026-07-01,4.34
2026-07-03,2026-08-01,4.38
2026-07-03,2026-09-01,4.39
2026-07-03,2026-10-01,4.41
2026-07-03,2026-11-01,4.47
2026-07-03,2026-12-01,4.46
2026-07-03,2027-01-01,4.45
2026-07-03,2027-02-01,4.44
2026-07-03,2027-03-01,4.43
2026-07-03,2027-04-01,4.42
2026-07-03,2027-05-01,4.39
2026-07-03,2027-06-01,4.38
2026-07-03,2027-07-01,4.36
2026-07-03,2027-08-01,4.33
2026-07-03,2027-09-01,4.31
2026-07-03,2027-10-01,4.29
2026-07-03,2027-11-01,4.26
2026-07-03,2027-12-01,4.25
2026-07-06,2026-07-01,4.34
2026-07-06,2026-08-01,4.38
2026-07-06,2026-09-01,4.39
2026-07-06,2026-10-01,4.41
2026-07-06,2026-11-01,4.46
2026-07-06,2026-12-01,4.45
2026-07-06,2027-01-01,4.45
2026-07-06,2027-02-01,4.44
2026-07-06,2027-03-01,4.42
2026-07-06,2027-04-01,4.42
2026-07-06,2027-05-01,4.38
2026-07-06,2027-06-01,4.37
2026-07-06,2027-07-01,4.35
2026-07-06,2027-08-01,4.33
2026-07-06,2027-09-01,4.31
2026-07-06,2027-10-01,4.28
2026-07-06,2027-11-01,4.25
2026-07-06,2027-12-01,4.24
2026-07-07,2026-07-01,4.34
2026-07-07,2026-08-01,4.38
2026-07-07,2026-09-01,4.39
2026-07-07,2026-10-01,4.42
2026-07-07,2026-11-01,4.46
2026-07-07,2026-12-01,4.45
2026-07-07,2027-01-01,4.45
2026-07-07,2027-02-01,4.44
2026-07-07,2027-03-01,4.43
2026-07-07,2027-04-01,4.42
2026-07-07,2027-05-01,4.38
2026-07-07,2027-06-01,4.36
2026-07-07,2027-07-01,4.34
2026-07-07,2027-08-01,4.33
2026-07-07,2027-09-01,4.3
2026-07-07,2027-10-01,4.28
2026-07-07,2027-11-01,4.25
2026-07-07,2027-12-01,4.23
2026-07-08,2026-07-01,4.34
2026-07-08,2026-08-01,4.38
2026-07-08,2026-09-01,4.39
2026-07-08,2026-10-01,4.42
2026-07-08,2026-11-01,4.47
2026-07-08,2026-12-01,4.47
2026-07-08,2027-01-01,4.47
2026-07-08,2027-02-01,4.47
2026-07-08,2027-03-01,4.45
2026-07-08,2027-04-01,4.44
2026-07-08,2027-05-01,4.41
2026-07-08,2027-06-01,4.4
2026-07-08,2027-07-01,4.38
2026-07-08,2027-08-01,4.36
2026-07-08,2027-09-01,4.34
2026-07-08,2027-10-01,4.33
2026-07-08,2027-11-01,4.3
2026-07-08,2027-12-01,4.29
2026-07-09,2026-07-01,4.34
2026-07-09,2026-08-01,4.38
2026-07-09,2026-09-01,4.39
2026-07-09,2026-10-01,4.44
2026-07-09,2026-11-01,4.49
2026-07-09,2026-12-01,4.49
2026-07-09,2027-01-01,4.49
2026-07-09,2027-02-01,4.48
2026-07-09,2027-03-01,4.47
2026-07-09,2027-04-01,4.45
2026-07-09,2027-05-01,4.43
2026-07-09,2027-06-01,4.42
2026-07-09,2027-07-01,4.41
2026-07-09,2027-08-01,4.39
2026-07-09,2027-09-01,4.36
2026-07-09,2027-10-01,4.35
2026-07-09,2027-11-01,4.33
2026-07-09,2027-12-01,4.31
2026-07-10,2026-07-01,4.34
2026-07-10,2026-08-01,4.38
2026-07-10,2026-09-01,4.39
2026-07-10,2026-10-01,4.42
2026-07-10,2026-11-01,4.47
2026-07-10,2026-12-01,4.47
2026-07-10,2027-01-01,4.47
2026-07-10,2027-02-01,4.46
2026-07-10,2027-03-01,4.44
2026-07-10,2027-04-01,4.44
2026-07-10,2027-05-01,4.41
2026-07-10,2027-06-01,4.39
2026-07-10,2027-07-01,4.38
2026-07-10,2027-08-01,4.36
2026-07-10,2027-09-01,4.34
2026-07-10,2027-10-01,4.32
2026-07-10,2027-11-01,4.3
2026-07-10,2027-12-01,4.28
2026-07-13,2026-07-01,4.35
2026-07-13,2026-08-01,4.38
2026-07-13,2026-09-01,4.4
2026-07-13,2026-10-01,4.42
2026-07-13,2026-11-01,4.47
2026-07-13,2026-12-01,4.48
2026-07-13,2027-01-01,4.49
2026-07-13,2027-02-01,4.47
2026-07-13,2027-03-01,4.47
2026-07-13,2027-04-01,4.45
2026-07-13,2027-05-01,4.43
2026-07-13,2027-06-01,4.42
2026-07-13,2027-07-01,4.4
2026-07-13,2027-08-01,4.38
2026-07-13,2027-09-01,4.36
2026-07-13,2027-10-01,4.34
2026-07-13,2027-11-01,4.33
2026-07-13,2027-12-01,4.31
2026-07-14,2026-07-01,4.35
2026-07-14,2026-08-01,4.39
2026-07-14,2026-09-01,4.41
2026-07-14,2026-10-01,4.44
2026-07-14,2026-11-01,4.5
2026-07-14,2026-12-01,4.5
2026-07-14,2027-01-01,4.5
2026-07-14,2027-02-01,4.5
2026-07-14,2027-03-01,4.48
2026-07-14,2027-04-01,4.48
2026-07-14,2027-05-01,4.45
2026-07-14,2027-06-01,4.45
2026-07-14,2027-07-01,4.44
2026-07-14,2027-08-01,4.42
2026-07-14,2027-09-01,4.4
2026-07-14,2027-10-01,4.38
2026-07-14,2027-11-01,4.36
2026-07-14,2027-12-01,4.35
2026-07-15,2026-07-01,4.35
2026-07-15,2026-08-01,4.38
2026-07-15,2026-09-01,4.41
2026-07-15,2026-10-01,4.44
2026-07-15,2026-11-01,4.5
2026-07-15,2026-12-01,4.5
2026-07-15,2027-01-01,4.5
2026-07-15,2027-02-01,4.5
2026-07-15,2027-03-01,4.5
2026-07-15,2027-04-01,4.48
2026-07-15,2027-05-01,4.47
2026-07-15,2027-06-01,4.46
2026-07-15,2027-07-01,4.44
2026-07-15,2027-08-01,4.42
2026-07-15,2027-09-01,4.41
2026-07-15,2027-10-01,4.39
2026-07-15,2027-11-01,4.36
2026-07-15,2027-12-01,4.35
2026-07-16,2026-07-01,4.35
2026-07-16,2026-08-01,4.38
2026-07-16,2026-09-01,4.39
2026-07-16,2026-10-01,4.44
2026-07-16,2026-11-01,4.5
2026-07-16,2026-12-01,4.5
2026-07-16,2027-01-01,4.5
2026-07-16,2027-02-01,4.5
2026-07-16,2027-03-01,4.5
2026-07-16,2027-04-01,4.49
2026-07-16,2027-05-01,4.46
2026-07-16,2027-06-01,4.45
2026-07-16,2027-07-01,4.44
2026-07-16,2027-08-01,4.42
2026-07-16,2027-09-01,4.4
2026-07-16,2027-10-01,4.38
2026-07-16,2027-11-01,4.35
2026-07-16,2027-12-01,4.33
2026-07-17,2026-07-01,4.34
2026-07-17,2026-08-01,4.38
2026-07-17,2026-09-01,4.4
2026-07-17,2026-10-01,4.43
2026-07-17,2026-11-01,4.5
2026-07-17,2026-12-01,4.5
2026-07-17,2027-01-01,4.5
2026-07-17,2027-02-01,4.51
2026-07-17,2027-03-01,4.5
2026-07-17,2027-04-01,4.5
2026-07-17,2027-05-01,4.47
2026-07-17,2027-06-01,4.47
2026-07-17,2027-07-01,4.45
2026-07-17,2027-08-01,4.44
2026-07-17,2027-09-01,4.42
2026-07-17,2027-10-01,4.4
2026-07-17,2027-11-01,4.38
2026-07-17,2027-12-01,4.36
2026-07-20,2026-07-01,4.34
2026-07-20,2026-08-01,4.39
2026-07-20,2026-09-01,4.41
2026-07-20,2026-10-01,4.45
2026-07-20,2026-11-01,4.53
2026-07-20,2026-12-01,4.55
2026-07-20,2027-01-01,4.55
2026-07-20,2027-02-01,4.56
2026-07-20,2027-03-01,4.56
2026-07-20,2027-04-01,4.55
2026-07-20,2027-05-01,4.53
2026-07-20,2027-06-01,4.53
2026-07-20,2027-07-01,4.52
2026-07-20,2027-08-01,4.5
2026-07-20,2027-09-01,4.5
2026-07-20,2027-10-01,4.47
2026-07-20,2027-11-01,4.45
2026-07-20,2027-12-01,4.44
2026-07-21,2026-07-01,4.35
2026-07-21,2026-08-01,4.38
2026-07-21,2026-09-01,4.41
2026-07-21,2026-10-01,4.43
2026-07-21,2026-11-01,4.5
2026-07-21,2026-12-01,4.52
2026-07-21,2027-01-01,4.53
2026-07-21,2027-02-01,4.53
2026-07-21,2027-03-01,4.53
2026-07-21,2027-04-01,4.53
2026-07-21,2027-05-01,4.5
2026-07-21,2027-06-01,4.5
2026-07-21,2027-07-01,4.5
2026-07-21,2027-08-01,4.48
2026-07-21,2027-09-01,4.47
2026-07-21,2027-10-01,4.44
2026-07-21,2027-11-01,4.42
2026-07-21,2027-12-01,4.41
2026-07-22,2026-07-01,4.35
2026-07-22,2026-08-01,4.38
2026-07-22,2026-09-01,4.4
2026-07-22,2026-10-01,4.44
2026-07-22,2026-11-01,4.51
2026-07-22,2026-12-01,4.53
2026-07-22,2027-01-01,4.54
2026-07-22,2027-02-01,4.55
2026-07-22,2027-03-01,4.55
2026-07-22,2027-04-01,4.55
2026-07-22,2027-05-01,4.53
2026-07-22,2027-06-01,4.53
2026-07-22,2027-07-01,4.52
2026-07-22,2027-08-01,4.5
2026-07-22,2027-09-01,4.49
2026-07-22,2027-10-01,4.47
2026-07-22,2027-11-01,4.45
2026-07-22,2027-12-01,4.44
2026-07-23,2026-07-01,4.35
2026-07-23,2026-08-01,4.41
2026-07-23,2026-09-01,4.44
2026-07-23,2026-10-01,4.47
2026-07-23,2026-11-01,4.56
2026-07-23,2026-12-01,4.58
2026-07-23,2027-01-01,4.59
2026-07-23,2027-02-01,4.6
2026-07-23,2027-03-01,4.61
2026-07-23,2027-04-01,4.61
2026-07-23,2027-05-01,4.58
2026-07-23,2027-06-01,4.59
2026-07-23,2027-07-01,4.58
2026-07-23,2027-08-01,4.56
2026-07-23,2027-09-01,4.55
2026-07-23,2027-10-01,4.53
2026-07-23,2027-11-01,4.5
2026-07-23,2027-12-01,4.5
2026-07-24,2026-07-01,4.35
2026-07-24,2026-08-01,4.42
2026-07-24,2026-09-01,4.44
2026-07-24,2026-10-01,4.49
2026-07-24,2026-11-01,4.6
2026-07-24,2026-12-01,4.64
2026-07-24,2027-01-01,4.66
2026-07-24,2027-02-01,4.69
2026-07-24,2027-03-01,4.71
2026-07-24,2027-04-01,4.71
2026-07-24,2027-05-01,4.69
2026-07-24,2027-06-01,4.69
2026-07-24,2027-07-01,4.69
2026-07-24,2027-08-01,4.69
2026-07-24,2027-09-01,4.67
2026-07-24,2027-10-01,4.65
2026-07-24,2027-11-01,4.63
2026-07-24,2027-12-01,4.62
2026-07-27,2026-07-01,4.35
2026-07-27,2026-08-01,4.39
2026-07-27,2026-09-01,4.41
2026-07-27,2026-10-01,4.44
2026-07-27,2026-11-01,4.53
2026-07-27,2026-12-01,4.56
2026-07-27,2027-01-01,4.58
2026-07-27,2027-02-01,4.61
2026-07-27,2027-03-01,4.62
2026-07-27,2027-04-01,4.61
2026-07-27,2027-05-01,4.6
2026-07-27,2027-06-01,4.6
2026-07-27,2027-07-01,4.6
2026-07-27,2027-08-01,4.58
2026-07-27,2027-09-01,4.58
2026-07-27,2027-10-01,4.56
2026-07-27,2027-11-01,4.53
2026-07-27,2027-12-01,4.52
2026-07-28,2026-07-01,4.35
2026-07-28,2026-08-01,4.39
2026-07-28,2026-09-01,4.4
2026-07-28,2026-10-01,4.44
2026-07-28,2026-11-01,4.52
2026-07-28,2026-12-01,4.55
2026-07-28,2027-01-01,4.56
2026-07-28,2027-02-01,4.58
2026-07-28,2027-03-01,4.59
2026-07-28,2027-04-01,4.58
2026-07-28,2027-05-01,4.56
2026-07-28,2027-06-01,4.56
2026-07-28,2027-07-01,4.55
2026-07-28,2027-08-01,4.53
2026-07-28,2027-09-01,4.52
2026-07-28,2027-10-01,4.5
2026-07-28,2027-11-01,4.47
2026-07-28,2027-12-01,4.45
2026-07-29,2026-07-01,4.35
2026-07-29,2026-08-01,4.36
2026-07-29,2026-09-01,4.36
2026-07-29,2026-10-01,4.38
2026-07-29,2026-11-01,4.44
2026-07-29,2026-12-01,4.47
2026-07-29,2027-01-01,4.48
2026-07-29,2027-02-01,4.5
2026-07-29,2027-03-01,4.51
2026-07-29,2027-04-01,4.5
2026-07-29,2027-05-01,4.47
2026-07-29,2027-06-01,4.47
2026-07-29,2027-07-01,4.47
2026-07-29,2027-08-01,4.45
2026-07-29,2027-09-01,4.44
2026-07-29,2027-10-01,4.42
2026-07-29,2027-11-01,4.39
2026-07-29,2027-12-01,4.36
2026-07-30,2026-07-01,4.35
2026-07-30,2026-08-01,4.35
2026-07-30,2026-09-01,4.36
2026-07-30,2026-10-01,4.38
2026-07-30,2026-11-01,4.47
2026-07-30,2026-12-01,4.49
2026-07-30,2027-01-01,4.5
2026-07-30,2027-02-01,4.53
2026-07-30,2027-03-01,4.54
2026-07-30,2027-04-01,4.55
2026-07-30,2027-05-01,4.52
2026-07-30,2027-06-01,4.52
2026-07-30,2027-07-01,4.52
2026-07-30,2027-08-01,4.5
2026-07-30,2027-09-01,4.48
2026-07-30,2027-10-01,4.47
2026-07-30,2027-11-01,4.44
2026-07-30,2027-12-01,4.42
2026-07-31,2026-07-01,4.35
2026-07-31,2026-08-01,4.36
2026-07-31,2026-09-01,4.36
2026-07-31,2026-10-01,4.38
2026-07-31,2026-11-01,4.44
2026-07-31,2026-12-01,4.47
2026-07-31,2027-01-01,4.47
2026-07-31,2027-02-01,4.5
2026-07-31,2027-03-01,4.5
2026-07-31,2027-04-01,4.5
2026-07-31,2027-05-01,4.48
2026-07-31,2027-06-01,4.47
2026-07-31,2027-07-01,4.47
2026-07-31,2027-08-01,4.45
2026-07-31,2027-09-01,4.44
2026-07-31,2027-10-01,4.42
2026-07-31,2027-11-01,4.38
2026-07-31,2027-12-01,4.36
2026-08-03,2026-08-01,4.35
2026-08-03,2026-09-01,4.36
2026-08-03,2026-10-01,4.39
2026-08-03,2026-11-01,4.45
2026-08-03,2026-12-01,4.47
2026-08-03,2027-01-01,4.48
2026-08-03,2027-02-01,4.5
2026-08-03,2027-03-01,4.51
2026-08-03,2027-04-01,4.5
2026-08-03,2027-05-01,4.48
2026-08-03,2027-06-01,4.48
2026-08-03,2027-07-01,4.47
2026-08-03,2027-08-01,4.46
2026-08-03,2027-09-01,4.44
2026-08-03,2027-10-01,4.42
2026-08-03,2027-11-01,4.39
2026-08-03,2027-12-01,4.36
2026-08-03,2028-01-01,4.36
2026-08-04,2026-08-01,4.36
2026-08-04,2026-09-01,4.36
2026-08-04,2026-10-01,4.39
2026-08-04,2026-11-01,4.47
2026-08-04,2026-12-01,4.48
2026-08-04,2027-01-01,4.5
2026-08-04,2027-02-01,4.53
2026-08-04,2027-03-01,4.53
2026-08-04,2027-04-01,4.53
2026-08-04,2027-05-01,4.52
2026-08-04,2027-06-01,4.52
2026-08-04,2027-07-01,4.52
2026-08-04,2027-08-01,4.5
2026-08-04,2027-09-01,4.48
2026-08-04,2027-10-01,4.46
2026-08-04,2027-11-01,4.43
2026-08-04,2027-12-01,4.41
2026-08-04,2028-01-01,4.39
2026-08-05,2026-08-01,4.35
2026-08-05,2026-09-01,4.36
2026-08-05,2026-10-01,4.38
2026-08-05,2026-11-01,4.44
2026-08-05,2026-12-01,4.46
2026-08-05,2027-01-01,4.47
2026-08-05,2027-02-01,4.49
2026-08-05,2027-03-01,4.5
2026-08-05,2027-04-01,4.49
2026-08-05,2027-05-01,4.47
2026-08-05,2027-06-01,4.46
2026-08-05,2027-07-01,4.46
2026-08-05,2027-08-01,4.44
2026-08-05,2027-09-01,4.43
2026-08-05,2027-10-01,4.41
2026-08-05,2027-11-01,4.38
2026-08-05,2027-12-01,4.36
2026-08-05,2028-01-01,4.34
2026-08-06,2026-08-01,4.35
2026-08-06,2026-09-01,4.35
2026-08-06,2026-10-01,4.38
2026-08-06,2026-11-01,4.44
2026-08-06,2026-12-01,4.46
2026-08-06,2027-01-01,4.47
2026-08-06,2027-02-01,4.48
2026-08-06,2027-03-01,4.5
2026-08-06,2027-04-01,4.5
2026-08-06,2027-05-01,4.47
2026-08-06,2027-06-01,4.47
2026-08-06,2027-07-01,4.47
2026-08-06,2027-08-01,4.45
2026-08-06,2027-09-01,4.44
2026-08-06,2027-10-01,4.41
2026-08-06,2027-11-01,4.39
2026-08-06,2027-12-01,4.36
2026-08-06,2028-01-01,4.35
2026-08-07,2026-08-01,4.35
2026-08-07,2026-09-01,4.35
2026-08-07,2026-10-01,4.38
2026-08-07,2026-11-01,4.45
2026-08-07,2026-12-01,4.47
2026-08-07,2027-01-01,4.47
2026-08-07,2027-02-01,4.49
2026-08-07,2027-03-01,4.5
2026-08-07,2027-04-01,4.5
2026-08-07,2027-05-01,4.47
2026-08-07,2027-06-01,4.47
2026-08-07,2027-07-01,4.47
2026-08-07,2027-08-01,4.45
2026-08-07,2027-09-01,4.44
2026-08-07,2027-10-01,4.45
2026-08-07,2027-11-01,4.42
2026-08-07,2027-12-01,4.41
2026-08-07,2028-01-01,4.39
2026-08-10,2026-08-01,4.36
2026-08-10,2026-09-01,4.36
2026-08-10,2026-10-01,4.39
2026-08-10,2026-11-01,4.47
2026-08-10,2026-12-01,4.48
2026-08-10,2027-01-01,4.49
2026-08-10,2027-02-01,4.52
2026-08-10,2027-03-01,4.53
2026-08-10,2027-04-01,4.53
2026-08-10,2027-05-01,4.52
2026-08-10,2027-06-01,4.51
2026-08-10,2027-07-01,4.51
2026-08-10,2027-08-01,4.5
2026-08-10,2027-09-01,4.48
2026-08-10,2027-10-01,4.47
2026-08-10,2027-11-01,4.44
2026-08-10,2027-12-01,4.42
2026-08-10,2028-01-01,4.41
2026-08-11,2026-08-01,4.34
2026-08-11,2026-09-01,4.35
2026-08-11,2026-10-01,4.39
2026-08-11,2026-11-01,4.48
2026-08-11,2026-12-01,4.51
2026-08-11,2027-01-01,4.52
2026-08-11,2027-02-01,4.55
2026-08-11,2027-03-01,4.56
2026-08-11,2027-04-01,4.55
2026-08-11,2027-05-01,4.54
2026-08-11,2027-06-01,4.54
2026-08-11,2027-07-01,4.54
2026-08-11,2027-08-01,4.53
2026-08-11,2027-09-01,4.52
2026-08-11,2027-10-01,4.5
2026-08-11,2027-11-01,4.47
2026-08-11,2027-12-01,4.45
2026-08-11,2028-01-01,4.44
2026-08-12,2026-08-01,4.34
2026-08-12,2026-09-01,4.35
2026-08-12,2026-10-01,4.39
2026-08-12,2026-11-01,4.47
2026-08-12,2026-12-01,4.5
2026-08-12,2027-01-01,4.51
2026-08-12,2027-02-01,4.53
2026-08-12,2027-03-01,4.55
2026-08-12,2027-04-01,4.55
2026-08-12,2027-05-01,4.53
2026-08-12,2027-06-01,4.53
2026-08-12,2027-07-01,4.52
2026-08-12,2027-08-01,4.52
2026-08-12,2027-09-01,4.5
2026-08-12,2027-10-01,4.48
2026-08-12,2027-11-01,4.46
2026-08-12,2027-12-01,4.44
2026-08-12,2028-01-01,4.43
2026-08-13,2026-08-01,4.34
2026-08-13,2026-09-01,4.35
2026-08-13,2026-10-01,4.38
2026-08-13,2026-11-01,4.46
2026-08-13,2026-12-01,4.47
2026-08-13,2027-01-01,4.49
2026-08-13,2027-02-01,4.5
2026-08-13,2027-03-01,4.51
2026-08-13,2027-04-01,4.51
2026-08-13,2027-05-01,4.48
2026-08-13,2027-06-01,4.48
2026-08-13,2027-07-01,4.48
2026-08-13,2027-08-01,4.47
2026-08-13,2027-09-01,4.45
2026-08-13,2027-10-01,4.44
2026-08-13,2027-11-01,4.41
2026-08-13,2027-12-01,4.39
2026-08-13,2028-01-01,4.38
2026-08-14,2026-08-01,4.34
2026-08-14,2026-09-01,4.35
2026-08-14,2026-10-01,4.39
2026-08-14,2026-11-01,4.47
2026-08-14,2026-12-01,4.48
2026-08-14,2027-01-01,4.48
2026-08-14,2027-02-01,4.5
2026-08-14,2027-03-01,4.51
2026-08-14,2027-04-01,4.52
2026-08-14,2027-05-01,4.48
2026-08-14,2027-06-01,4.48
2026-08-14,2027-07-01,4.48
2026-08-14,2027-08-01,4.47
2026-08-14,2027-09-01,4.46
2026-08-14,2027-10-01,4.44
2026-08-14,2027-11-01,4.41
2026-08-14,2027-12-01,4.39
2026-08-14,2028-01-01,4.38
2026-08-17,2026-08-01,4.34
2026-08-17,2026-09-01,4.35
2026-08-17,2026-10-01,4.38
2026-08-17,2026-11-01,4.45
2026-08-17,2026-12-01,4.48
2026-08-17,2027-01-01,4.49
2026-08-17,2027-02-01,4.51
2026-08-17,2027-03-01,4.52
2026-08-17,2027-04-01,4.52
2026-08-17,2027-05-01,4.5
2026-08-17,2027-06-01,4.5
2026-08-17,2027-07-01,4.49
2026-08-17,2027-08-01,4.48
2026-08-17,2027-09-01,4.47
2026-08-17,2027-10-01,4.45
2026-08-17,2027-11-01,4.43
2026-08-17,2027-12-01,4.42
2026-08-17,2028-01-01,4.4
2026-08-18,2026-08-01,4.34
2026-08-18,2026-09-01,4.35
2026-08-18,2026-10-01,4.39
2026-08-18,2026-11-01,4.46
2026-08-18,2026-12-01,4.5
2026-08-18,2027-01-01,4.51
2026-08-18,2027-02-01,4.53
2026-08-18,2027-03-01,4.55
2026-08-18,2027-04-01,4.55
2026-08-18,2027-05-01,4.53
2026-08-18,2027-06-01,4.53
2026-08-18,2027-07-01,4.53
2026-08-18,2027-08-01,4.53
2026-08-18,2027-09-01,4.52
2026-08-18,2027-10-01,4.5
2026-08-18,2027-11-01,4.47
2026-08-18,2027-12-01,4.46
2026-08-18,2028-01-01,4.44
2026-08-19,2026-08-01,4.34
2026-08-19,2026-09-01,4.35
2026-08-19,2026-10-01,4.38
2026-08-19,2026-11-01,4.47
2026-08-19,2026-12-01,4.5
2026-08-19,2027-01-01,4.5
2026-08-19,2027-02-01,4.53
2026-08-19,2027-03-01,4.53
2026-08-19,2027-04-01,4.53
2026-08-19,2027-05-01,4.52
2026-08-19,2027-06-01,4.52
2026-08-19,2027-07-01,4.51
2026-08-19,2027-08-01,4.5
2026-08-19,2027-09-01,4.49
2026-08-19,2027-10-01,4.47
2026-08-19,2027-11-01,4.45
2026-08-19,2027-12-01,4.44
2026-08-19,2028-01-01,4.42
2026-08-20,2026-08-01,4.34
2026-08-20,2026-09-01,4.35
2026-08-20,2026-10-01,4.37
2026-08-20,2026-11-01,4.46
2026-08-20,2026-12-01,4.47
2026-08-20,2027-01-01,4.48
2026-08-20,2027-02-01,4.5
2026-08-20,2027-03-01,4.51
2026-08-20,2027-04-01,4.51
2026-08-20,2027-05-01,4.5
2026-08-20,2027-06-01,4.5
2026-08-20,2027-07-01,4.49
2026-08-20,2027-08-01,4.48
2026-08-20,2027-09-01,4.47
2026-08-20,2027-10-01,4.45
2026-08-20,2027-11-01,4.42
2026-08-20,2027-12-01,4.41
2026-08-20,2028-01-01,4.39
2026-08-21,2026-08-01,4.34
2026-08-21,2026-09-01,4.35
2026-08-21,2026-10-01,4.38
2026-08-21,2026-11-01,4.45
2026-08-21,2026-12-01,4.5
2026-08-21,2027-01-01,4.5
2026-08-21,2027-02-01,4.53
2026-08-21,2027-03-01,4.53
2026-08-21,2027-04-01,4.53
2026-08-21,2027-05-01,4.53
2026-08-21,2027-06-01,4.53
2026-08-21,2027-07-01,4.53
2026-08-21,2027-08-01,4.52
2026-08-21,2027-09-01,4.5
2026-08-21,2027-10-01,4.5
2026-08-21,2027-11-01,4.47
2026-08-21,2027-12-01,4.45
2026-08-21,2028-01-01,4.44
2026-08-24,2026-08-01,4.34
2026-08-24,2026-09-01,4.35
2026-08-24,2026-10-01,4.37
2026-08-24,2026-11-01,4.45
2026-08-24,2026-12-01,4.47
2026-08-24,2027-01-01,4.48
2026-08-24,2027-02-01,4.5
2026-08-24,2027-03-01,4.52
2026-08-24,2027-04-01,4.51
2026-08-24,2027-05-01,4.5
2026-08-24,2027-06-01,4.5
2026-08-24,2027-07-01,4.5
2026-08-24,2027-08-01,4.48
2026-08-24,2027-09-01,4.47
2026-08-24,2027-10-01,4.45
2026-08-24,2027-11-01,4.43
2026-08-24,2027-12-01,4.42
2026-08-24,2028-01-01,4.41
2026-08-25,2026-08-01,4.34
2026-08-25,2026-09-01,4.35
2026-08-25,2026-10-01,4.38
2026-08-25,2026-11-01,4.47
2026-08-25,2026-12-01,4.49
2026-08-25,2027-01-01,4.5
2026-08-25,2027-02-01,4.52
2026-08-25,2027-03-01,4.53
2026-08-25,2027-04-01,4.53
2026-08-25,2027-05-01,4.52
2026-08-25,2027-06-01,4.52
2026-08-25,2027-07-01,4.51
2026-08-25,2027-08-01,4.5
2026-08-25,2027-09-01,4.49
2026-08-25,2027-10-01,4.47
2026-08-25,2027-11-01,4.44
2026-08-25,2027-12-01,4.43
2026-08-25,2028-01-01,4.42
2026-08-26,2026-08-01,4.34
2026-08-26,2026-09-01,4.35
2026-08-26,2026-10-01,4.44
2026-08-26,2026-11-01,4.54
2026-08-26,2026-12-01,4.56
2026-08-26,2027-01-01,4.57
2026-08-26,2027-02-01,4.59
2026-08-26,2027-03-01,4.6
2026-08-26,2027-04-01,4.59
2026-08-26,2027-05-01,4.59
2026-08-26,2027-06-01,4.59
2026-08-26,2027-07-01,4.58
2026-08-26,2027-08-01,4.57
2026-08-26,2027-09-01,4.56
2026-08-26,2027-10-01,4.54
2026-08-26,2027-11-01,4.52
2026-08-26,2027-12-01,4.5
2026-08-26,2028-01-01,4.48
2026-08-27,2026-08-01,4.34
2026-08-27,2026-09-01,4.35
2026-08-27,2026-10-01,4.47
2026-08-27,2026-11-01,4.58
2026-08-27,2026-12-01,4.61
2026-08-27,2027-01-01,4.62
2026-08-27,2027-02-01,4.66
2026-08-27,2027-03-01,4.67
2026-08-27,2027-04-01,4.67
2026-08-27,2027-05-01,4.67
2026-08-27,2027-06-01,4.66
2026-08-27,2027-07-01,4.65
2026-08-27,2027-08-01,4.64
2026-08-27,2027-09-01,4.62
2026-08-27,2027-10-01,4.61
2026-08-27,2027-11-01,4.58
2026-08-27,2027-12-01,4.56
2026-08-27,2028-01-01,4.55
2026-08-28,2026-08-01,4.34
2026-08-28,2026-09-01,4.35
2026-08-28,2026-10-01,4.46
2026-08-28,2026-11-01,4.58
2026-08-28,2026-12-01,4.61
2026-08-28,2027-01-01,4.61
2026-08-28,2027-02-01,4.64
2026-08-28,2027-03-01,4.66
2026-08-28,2027-04-01,4.66
2026-08-28,2027-05-01,4.65
2026-08-28,2027-06-01,4.65
2026-08-28,2027-07-01,4.64
2026-08-28,2027-08-01,4.63
2026-08-28,2027-09-01,4.61
2026-08-28,2027-10-01,4.59
2026-08-28,2027-11-01,4.56
2026-08-28,2027-12-01,4.55
2026-08-28,2028-01-01,4.53
2026-08-31,2026-08-01,4.34
2026-08-31,2026-09-01,4.35
2026-08-31,2026-10-01,4.47
2026-08-31,2026-11-01,4.58
2026-08-31,2026-12-01,4.61
2026-08-31,2027-01-01,4.61
2026-08-31,2027-02-01,4.65
2026-08-31,2027-03-01,4.67
2026-08-31,2027-04-01,4.67
2026-08-31,2027-05-01,4.66
2026-08-31,2027-06-01,4.66
2026-08-31,2027-07-01,4.66
2026-08-31,2027-08-01,4.64
2026-08-31,2027-09-01,4.63
2026-08-31,2027-10-01,4.61
2026-08-31,2027-11-01,4.58
2026-08-31,2027-12-01,4.56
2026-08-31,2028-01-01,4.54
2026-09-01,2026-09-01,4.35
2026-09-01,2026-10-01,4.48
2026-09-01,2026-11-01,4.59
2026-09-01,2026-12-01,4.62
2026-09-01,2027-01-01,4.64
2026-09-01,2027-02-01,4.68
2026-09-01,2027-03-01,4.7
2026-09-01,2027-04-01,4.7
2026-09-01,2027-05-01,4.7
2026-09-01,2027-06-01,4.7
2026-09-01,2027-07-01,4.7
2026-09-01,2027-08-01,4.69
2026-09-01,2027-09-01,4.69
2026-09-01,2027-10-01,4.67
2026-09-01,2027-11-01,4.64
2026-09-01,2027-12-01,4.62
2026-09-01,2028-01-01,4.61
2026-09-01,2028-02-01,4.58
2026-09-02,2026-09-01,4.35
2026-09-02,2026-10-01,4.54
2026-09-02,2026-11-01,4.64
2026-09-02,2026-12-01,4.69
2026-09-02,2027-01-01,4.7
2026-09-02,2027-02-01,4.75
2026-09-02,2027-03-01,4.78
2026-09-02,2027-04-01,4.78
2026-09-02,2027-05-01,4.79
2026-09-02,2027-06-01,4.8
2026-09-02,2027-07-01,4.8
2026-09-02,2027-08-01,4.8
2026-09-02,2027-09-01,4.79
2026-09-02,2027-10-01,4.78
2026-09-02,2027-11-01,4.75
2026-09-02,2027-12-01,4.73
2026-09-02,2028-01-01,4.72
2026-09-02,2028-02-01,4.69
2026-09-03,2026-09-01,4.35
2026-09-03,2026-10-01,4.5
2026-09-03,2026-11-01,4.61
2026-09-03,2026-12-01,4.64
2026-09-03,2027-01-01,4.66
2026-09-03,2027-02-01,4.69
2026-09-03,2027-03-01,4.72
2026-09-03,2027-04-01,4.72
2026-09-03,2027-05-01,4.73
2026-09-03,2027-06-01,4.73
2026-09-03,2027-07-01,4.73
2026-09-03,2027-08-01,4.73
2026-09-03,2027-09-01,4.72
2026-09-03,2027-10-01,4.71
2026-09-03,2027-11-01,4.69
2026-09-03,2027-12-01,4.67
2026-09-03,2028-01-01,4.66
2026-09-03,2028-02-01,4.62
2026-09-04,2026-09-01,4.35
2026-09-04,2026-10-01,4.5
2026-09-04,2026-11-01,4.61
2026-09-04,2026-12-01,4.63
2026-09-04,2027-01-01,4.64
2026-09-04,2027-02-01,4.67
2026-09-04,2027-03-01,4.7
2026-09-04,2027-04-01,4.72
2026-09-04,2027-05-01,4.72
2026-09-04,2027-06-01,4.72
2026-09-04,2027-07-01,4.72
2026-09-04,2027-08-01,4.72
2026-09-04,2027-09-01,4.71
2026-09-04,2027-10-01,4.7
2026-09-04,2027-11-01,4.67
2026-09-04,2027-12-01,4.66
2026-09-04,2028-01-01,4.64
2026-09-04,2028-02-01,4.61
2026-09-07,2026-09-01,4.36
2026-09-07,2026-10-01,4.52
2026-09-07,2026-11-01,4.62
2026-09-07,2026-12-01,4.66
2026-09-07,2027-01-01,4.67
2026-09-07,2027-02-01,4.72
2026-09-07,2027-03-01,4.75
2026-09-07,2027-04-01,4.75
2026-09-07,2027-05-01,4.77
2026-09-07,2027-06-01,4.77
2026-09-07,2027-07-01,4.77
2026-09-07,2027-08-01,4.77
2026-09-07,2027-09-01,4.75
2026-09-07,2027-10-01,4.74
2026-09-07,2027-11-01,4.71
2026-09-07,2027-12-01,4.69
2026-09-07,2028-01-01,4.67
2026-09-07,2028-02-01,4.64
2026-09-08,2026-09-01,4.35
2026-09-08,2026-10-01,4.52
2026-09-08,2026-11-01,4.61
2026-09-08,2026-12-01,4.66
2026-09-08,2027-01-01,4.67
2026-09-08,2027-02-01,4.71
2026-09-08,2027-03-01,4.74
2026-09-08,2027-04-01,4.75
2026-09-08,2027-05-01,4.76
2026-09-08,2027-06-01,4.77
2026-09-08,2027-07-01,4.76
2026-09-08,2027-08-01,4.75
2026-09-08,2027-09-01,4.75
2026-09-08,2027-10-01,4.73
2026-09-08,2027-11-01,4.7
2026-09-08,2027-12-01,4.68
2026-09-08,2028-01-01,4.66
2026-09-08,2028-02-01,4.64
2026-09-09,2026-09-01,4.36
2026-09-09,2026-10-01,4.53
2026-09-09,2026-11-01,4.62
2026-09-09,2026-12-01,4.68
2026-09-09,2027-01-01,4.69
2026-09-09,2027-02-01,4.75
2026-09-09,2027-03-01,4.78
2026-09-09,2027-04-01,4.8
2026-09-09,2027-05-01,4.8
2026-09-09,2027-06-01,4.8
2026-09-09,2027-07-01,4.81
2026-09-09,2027-08-01,4.8
2026-09-09,2027-09-01,4.79
2026-09-09,2027-10-01,4.78
2026-09-09,2027-11-01,4.75
2026-09-09,2027-12-01,4.73
2026-09-09,2028-01-01,4.71
2026-09-09,2028-02-01,4.69
2026-09-10,2026-09-01,4.36
2026-09-10,2026-10-01,4.53
2026-09-10,2026-11-01,4.62
2026-09-10,2026-12-01,4.67
2026-09-10,2027-01-01,4.69
2026-09-10,2027-02-01,4.75
2026-09-10,2027-03-01,4.79
2026-09-10,2027-04-01,4.81
2026-09-10,2027-05-01,4.81
2026-09-10,2027-06-01,4.81
2026-09-10,2027-07-01,4.83
2026-09-10,2027-08-01,4.83
2026-09-10,2027-09-01,4.82
2026-09-10,2027-10-01,4.81
2026-09-10,2027-11-01,4.78
2026-09-10,2027-12-01,4.77
2026-09-10,2028-01-01,4.75
2026-09-10,2028-02-01,4.72
2026-09-11,2026-09-01,4.36
2026-09-11,2026-10-01,4.54
2026-09-11,2026-11-01,4.67
2026-09-11,2026-12-01,4.71
2026-09-11,2027-01-01,4.72
2026-09-11,2027-02-01,4.81
2026-09-11,2027-03-01,4.86
2026-09-11,2027-04-01,4.91
2026-09-11,2027-05-01,4.94
2026-09-11,2027-06-01,4.96
2026-09-11,2027-07-01,4.98
2026-09-11,2027-08-01,4.98
2026-09-11,2027-09-01,4.98
2026-09-11,2027-10-01,4.98
2026-09-11,2027-11-01,4.97
2026-09-11,2027-12-01,4.95
2026-09-11,2028-01-01,4.93
2026-09-11,2028-02-01,4.91
2026-09-14,2026-09-01,4.36
2026-09-14,2026-10-01,4.54
2026-09-14,2026-11-01,4.66
2026-09-14,2026-12-01,4.7
2026-09-14,2027-01-01,4.72
2026-09-14,2027-02-01,4.79
2026-09-14,2027-03-01,4.84
2026-09-14,2027-04-01,4.89
2026-09-14,2027-05-01,4.92
2026-09-14,2027-06-01,4.93
2026-09-14,2027-07-01,4.94
2026-09-14,2027-08-01,4.95
2026-09-14,2027-09-01,4.94
2026-09-14,2027-10-01,4.94
2026-09-14,2027-11-01,4.92
2026-09-14,2027-12-01,4.91
2026-09-14,2028-01-01,4.89
2026-09-14,2028-02-01,4.86
2026-09-15,2026-09-01,4.36
2026-09-15,2026-10-01,4.55
2026-09-15,2026-11-01,4.67
2026-09-15,2026-12-01,4.73
2026-09-15,2027-01-01,4.74
2026-09-15,2027-02-01,4.83
2026-09-15,2027-03-01,4.89
2026-09-15,2027-04-01,4.94
2026-09-15,2027-05-01,5.01
2026-09-15,2027-06-01,5.03
2026-09-15,2027-07-01,5.05
2026-09-15,2027-08-01,5.05
2026-09-15,2027-09-01,5.05
2026-09-15,2027-10-01,5.06
2026-09-15,2027-11-01,5.05
2026-09-15,2027-12-01,5.03
2026-09-15,2028-01-01,5.0
2026-09-15,2028-02-01,4.97
2026-09-16,2026-09-01,4.36
2026-09-16,2026-10-01,4.54
2026-09-16,2026-11-01,4.65
2026-09-16,2026-12-01,4.7
2026-09-16,2027-01-01,4.72
2026-09-16,2027-02-01,4.8
2026-09-16,2027-03-01,4.86
2026-09-16,2027-04-01,4.91
2026-09-16,2027-05-01,4.97
2026-09-16,2027-06-01,4.98
2026-09-16,2027-07-01,5.0
2026-09-16,2027-08-01,5.0
2026-09-16,2027-09-01,5.0
2026-09-16,2027-10-01,5.0
2026-09-16,2027-11-01,4.98
2026-09-16,2027-12-01,4.96
2026-09-16,2028-01-01,4.94
2026-09-16,2028-02-01,4.91
2026-09-17,2026-09-01,4.36
2026-09-17,2026-10-01,4.56
2026-09-17,2026-11-01,4.67
2026-09-17,2026-12-01,4.71
2026-09-17,2027-01-01,4.72
2026-09-17,2027-02-01,4.8
2026-09-17,2027-03-01,4.86
2026-09-17,2027-04-01,4.89
2026-09-17,2027-05-01,4.94
2026-09-17,2027-06-01,4.95
2026-09-17,2027-07-01,4.97
2026-09-17,2027-08-01,4.97
2026-09-17,2027-09-01,4.97
2026-09-17,2027-10-01,4.97
2026-09-17,2027-11-01,4.94
2026-09-17,2027-12-01,4.92
2026-09-17,2028-01-01,4.91
2026-09-17,2028-02-01,4.87
2026-09-18,2026-09-01,4.36
2026-09-18,2026-10-01,4.56
2026-09-18,2026-11-01,4.69
2026-09-18,2026-12-01,4.72
2026-09-18,2027-01-01,4.73
2026-09-18,2027-02-01,4.81
2026-09-18,2027-03-01,4.86
2026-09-18,2027-04-01,4.89
2026-09-18,2027-05-01,4.94
2026-09-18,2027-06-01,4.94
2026-09-18,2027-07-01,4.94
2026-09-18,2027-08-01,4.94
2026-09-18,2027-09-01,4.94
2026-09-18,2027-10-01,4.94
2026-09-18,2027-11-01,4.92
2026-09-18,2027-12-01,4.9
2026-09-18,2028-01-01,4.88
2026-09-18,2028-02-01,4.84
2026-09-21,2026-09-01,4.36
2026-09-21,2026-10-01,4.57
2026-09-21,2026-11-01,4.69
2026-09-21,2026-12-01,4.75
2026-09-21,2027-01-01,4.76
2026-09-21,2027-02-01,4.83
2026-09-21,2027-03-01,4.89
2026-09-21,2027-04-01,4.93
2026-09-21,2027-05-01,4.98
2026-09-21,2027-06-01,4.99
2026-09-21,2027-07-01,4.99
2026-09-21,2027-08-01,4.99
2026-09-21,2027-09-01,4.98
2026-09-21,2027-10-01,4.98
2026-09-21,2027-11-01,4.96
2026-09-21,2027-12-01,4.94
2026-09-21,2028-01-01,4.92
2026-09-21,2028-02-01,4.89
2026-09-22,2026-09-01,4.36
2026-09-22,2026-10-01,4.57
2026-09-22,2026-11-01,4.7
2026-09-22,2026-12-01,4.75
2026-09-22,2027-01-01,4.75
2026-09-22,2027-02-01,4.83
2026-09-22,2027-03-01,4.88
2026-09-22,2027-04-01,4.92
2026-09-22,2027-05-01,4.98
2026-09-22,2027-06-01,5.0
2026-09-22,2027-07-01,5.0
2026-09-22,2027-08-01,5.0
2026-09-22,2027-09-01,5.0
2026-09-22,2027-10-01,5.0
2026-09-22,2027-11-01,4.98
2026-09-22,2027-12-01,4.97
2026-09-22,2028-01-01,4.94
2026-09-22,2028-02-01,4.92
2026-09-23,2026-09-01,4.36
2026-09-23,2026-10-01,4.56
2026-09-23,2026-11-01,4.67
2026-09-23,2026-12-01,4.72
2026-09-23,2027-01-01,4.72
2026-09-23,2027-02-01,4.79
2026-09-23,2027-03-01,4.84
2026-09-23,2027-04-01,4.88
2026-09-23,2027-05-01,4.92
2026-09-23,2027-06-01,4.94
2026-09-23,2027-07-01,4.94
2026-09-23,2027-08-01,4.94
2026-09-23,2027-09-01,4.94
2026-09-23,2027-10-01,4.94
2026-09-23,2027-11-01,4.92
2026-09-23,2027-12-01,4.9
2026-09-23,2028-01-01,4.88
2026-09-23,2028-02-01,4.84
2026-09-24,2026-09-01,4.36
2026-09-24,2026-10-01,4.58
2026-09-24,2026-11-01,4.69
2026-09-24,2026-12-01,4.75
2026-09-24,2027-01-01,4.75
2026-09-24,2027-02-01,4.83
2026-09-24,2027-03-01,4.88
2026-09-24,2027-04-01,4.92
2026-09-24,2027-05-01,4.99
2026-09-24,2027-06-01,5.0
2026-09-24,2027-07-01,5.02
2026-09-24,2027-08-01,5.02
2026-09-24,2027-09-01,5.02
2026-09-24,2027-10-01,5.03
2026-09-24,2027-11-01,5.02
2026-09-24,2027-12-01,5.0
2026-09-24,2028-01-01,5.0
2026-09-24,2028-02-01,4.97
2026-09-25,2026-09-01,4.36
2026-09-25,2026-10-01,4.58
2026-09-25,2026-11-01,4.69
2026-09-25,2026-12-01,4.73
2026-09-25,2027-01-01,4.75
2026-09-25,2027-02-01,4.82
2026-09-25,2027-03-01,4.87
2026-09-25,2027-04-01,4.91
2026-09-25,2027-05-01,4.97
2026-09-25,2027-06-01,4.98
2026-09-25,2027-07-01,5.0
2026-09-25,2027-08-01,5.0
2026-09-25,2027-09-01,5.0
2026-09-25,2027-10-01,5.0
2026-09-25,2027-11-01,5.0
2026-09-25,2027-12-01,4.99
2026-09-25,2028-01-01,4.98
2026-09-25,2028-02-01,4.95
2026-09-28,2026-09-01,4.36
2026-09-28,2026-10-01,4.58
2026-09-28,2026-11-01,4.7
2026-09-28,2026-12-01,4.75
2026-09-28,2027-01-01,4.76
2026-09-28,2027-02-01,4.83
2026-09-28,2027-03-01,4.89
2026-09-28,2027-04-01,4.93
2026-09-28,2027-05-01,4.99
2026-09-28,2027-06-01,5.0
2026-09-28,2027-07-01,5.03
2026-09-28,2027-08-01,5.03
2026-09-28,2027-09-01,5.03
2026-09-28,2027-10-01,5.03
2026-09-28,2027-11-01,5.03
2026-09-28,2027-12-01,5.02
2026-09-28,2028-01-01,5.0
2026-09-28,2028-02-01,4.98
2026-09-29,2026-09-01,4.36
2026-09-29,2026-10-01,4.59
2026-09-29,2026-11-01,4.69
2026-09-29,2026-12-01,4.74
2026-09-29,2027-01-01,4.75
2026-09-29,2027-02-01,4.81
2026-09-29,2027-03-01,4.86
2026-09-29,2027-04-01,4.89
2026-09-29,2027-05-01,4.94
2026-09-29,2027-06-01,4.95
2026-09-29,2027-07-01,4.95
2026-09-29,2027-08-01,4.96
2026-09-29,2027-09-01,4.96
2026-09-29,2027-10-01,4.96
2026-09-29,2027-11-01,4.95
2026-09-29,2027-12-01,4.94
2026-09-29,2028-01-01,4.92
2026-09-29,2028-02-01,4.89
2026-09-30,2026-10-01,4.595
2026-09-30,2026-11-01,4.65
2026-09-30,2026-12-01,4.685
2026-09-30,2027-01-01,4.7
2026-09-30,2027-02-01,4.765
2026-09-30,2027-03-01,4.81
2026-09-30,2027-04-01,4.85
2026-09-30,2027-05-01,4.9
2026-09-30,2027-06-01,4.91
2026-09-30,2027-07-01,4.92
2026-09-30,2027-08-01,4.915
2026-09-30,2027-09-01,4.91
2026-09-30,2027-10-01,4.905
2026-09-30,2027-11-01,4.895
2026-09-30,2027-12-01,4.88
2026-09-30,2028-01-01,4.87
2026-09-30,2028-02-01,4.84
2026-10-01,2026-10-01,4.595
2026-10-01,2026-11-01,4.665
2026-10-01,2026-12-01,4.71
2026-10-01,2027-01-01,4.725
2026-10-01,2027-02-01,4.785
2026-10-01,2027-03-01,4.83
2026-10-01,2027-04-01,4.88
2026-10-01,2027-05-01,4.935
2026-10-01,2027-06-01,4.945
2026-10-01,2027-07-01,4.96
2026-10-01,2027-08-01,4.955
2026-10-01,2027-09-01,4.955
2026-10-01,2027-10-01,4.95
2026-10-01,2027-11-01,4.94
2026-10-01,2027-12-01,4.93
2026-10-01,2028-01-01,4.92
2026-10-01,2028-02-01,4.895
2026-10-01,2028-03-01,4.89
2026-10-02,2026-10-01,4.595
2026-10-02,2026-11-01,4.645
2026-10-02,2026-12-01,4.675
2026-10-02,2027-01-01,4.685
2026-10-02,2027-02-01,4.74
2026-10-02,2027-03-01,4.785
2026-10-02,2027-04-01,4.835
2026-10-02,2027-05-01,4.875
2026-10-02,2027-06-01,4.89
2026-10-02,2027-07-01,4.895
2026-10-02,2027-08-01,4.895
2026-10-02,2027-09-01,4.895
2026-10-02,2027-10-01,4.89
2026-10-02,2027-11-01,4.88
2026-10-02,2027-12-01,4.87
2026-10-02,2028-01-01,4.86
2026-10-02,2028-02-01,4.835
2026-10-02,2028-03-01,4.83
