as_at,decision_date,implied_rate,change_bp,cumulative_bp
2025-01-02,2025-02-18,4.18,-17.0,-17.0
2025-01-02,2025-04-01,4.0041,-17.59,-34.59
2025-01-02,2025-05-20,3.84,-16.41,-51.0
2025-01-02,2025-07-08,3.7861,-5.39,-56.39
2025-01-02,2025-08-12,3.7,-8.61,-65.0
2025-01-02,2025-09-30,3.63,-7.0,-72.0
2025-01-02,2025-11-04,3.5954,-3.46,-75.46
2025-01-02,2025-12-09,3.56,-3.54,-79.0
2025-01-02,2026-02-03,3.5376,-2.24,-81.24
2025-01-02,2026-03-17,3.54,0.24,-81.0
2025-01-02,2026-05-05,3.54,-0.0,-81.0
2025-01-02,2026-06-16,3.54,0.0,-81.0
2025-01-03,2025-02-18,4.17,-18.0,-18.0
2025-01-03,2025-04-01,4.0045,-16.55,-34.55
2025-01-03,2025-05-20,3.84,-16.45,-51.0
2025-01-03,2025-07-08,3.7726,-6.74,-57.74
2025-01-03,2025-08-12,3.68,-9.26,-67.0
2025-01-03,2025-09-30,3.62,-6.0,-73.0
2025-01-03,2025-11-04,3.5623,-5.77,-78.77
2025-01-03,2025-12-09,3.53,-3.23,-82.0
2025-01-03,2026-02-03,3.5076,-2.24,-84.24
2025-01-03,2026-03-17,3.5,-0.76,-85.0
2025-01-03,2026-05-05,3.5,0.0,-85.0
2025-01-03,2026-06-16,3.5214,2.14,-82.86
2025-01-06,2025-02-18,4.18,-17.0,-17.0
2025-01-06,2025-04-01,4.0455,-13.45,-30.45
2025-01-06,2025-05-20,3.88,-16.55,-47.0
2025-01-06,2025-07-08,3.8261,-5.39,-52.39
2025-01-06,2025-08-12,3.74,-8.61,-61.0
2025-01-06,2025-09-30,3.68,-6.0,-67.0
2025-01-06,2025-11-04,3.6338,-4.62,-71.62
2025-01-06,2025-12-09,3.59,-4.38,-76.0
2025-01-06,2026-02-03,3.5788,-1.12,-77.12
2025-01-06,2026-03-17,3.57,-0.88,-78.0
2025-01-06,2026-05-05,3.5819,1.19,-76.81
2025-01-06,2026-06-16,3.5992,1.73,-75.08
2025-01-07,2025-02-18,4.18,-17.0,-17.0
2025-01-07,2025-04-01,4.0559,-12.41,-29.41
2025-01-07,2025-05-20,3.9,-15.59,-45.0
2025-01-07,2025-07-08,3.8461,-5.39,-50.39
2025-01-07,2025-08-12,3.76,-8.61,-59.0
2025-01-07,2025-09-30,3.71,-5.0,-64.0
2025-01-07,2025-11-04,3.6638,-4.62,-68.62
2025-01-07,2025-12-09,3.63,-3.38,-72.0
2025-01-07,2026-02-03,3.6188,-1.12,-73.12
2025-01-07,2026-03-17,3.62,0.12,-73.0
2025-01-07,2026-05-05,3.62,0.0,-73.0
2025-01-07,2026-06-16,3.6414,2.14,-70.86
2025-01-08,2025-02-18,4.15,-20.0,-20.0
2025-01-08,2025-04-01,4.0362,-11.38,-31.38
2025-01-08,2025-05-20,3.87,-16.62,-48.0
2025-01-08,2025-07-08,3.8161,-5.39,-53.39
2025-01-08,2025-08-12,3.73,-8.61,-62.0
2025-01-08,2025-09-30,3.68,-5.0,-67.0
2025-01-08,2025-11-04,3.6454,-3.46,-70.46
2025-01-08,2025-12-09,3.6,-4.54,-75.0
2025-01-08,2026-02-03,3.5888,-1.12,-76.12
2025-01-08,2026-03-17,3.59,0.12,-76.0
2025-01-08,2026-05-05,3.6019,1.19,-74.81
2025-01-08,2026-06-16,3.5978,-0.41,-75.22
2025-01-09,2025-02-18,4.15,-20.0,-20.0
2025-01-09,2025-04-01,4.0362,-11.38,-31.38
2025-01-09,2025-05-20,3.86,-17.62,-49.0
2025-01-09,2025-07-08,3.8061,-5.39,-54.39
2025-01-09,2025-08-12,3.71,-9.61,-64.0
2025-01-09,2025-09-30,3.66,-5.0,-69.0
2025-01-09,2025-11-04,3.6138,-4.62,-73.62
2025-01-09,2025-12-09,3.59,-2.38,-76.0
2025-01-09,2026-02-03,3.5676,-2.24,-78.24
2025-01-09,2026-03-17,3.56,-0.76,-79.0
2025-01-09,2026-05-05,3.56,0.0,-79.0
2025-01-09,2026-06-16,3.5814,2.14,-76.86
2025-01-10,2025-02-18,4.15,-20.0,-20.0
2025-01-10,2025-04-01,4.0466,-10.34,-30.34
2025-01-10,2025-05-20,3.88,-16.66,-47.0
2025-01-10,2025-07-08,3.8261,-5.39,-52.39
2025-01-10,2025-08-12,3.73,-9.61,-62.0
2025-01-10,2025-09-30,3.68,-5.0,-67.0
2025-01-10,2025-11-04,3.6454,-3.46,-70.46
2025-01-10,2025-12-09,3.6,-4.54,-75.0
2025-01-10,2026-02-03,3.5888,-1.12,-76.12
2025-01-10,2026-03-17,3.58,-0.88,-77.0
2025-01-10,2026-05-05,3.5919,1.19,-75.81
2025-01-10,2026-06-16,3.6092,1.73,-74.08
2025-01-13,2025-02-18,4.18,-17.0,-17.0
2025-01-13,2025-04-01,4.0869,-9.31,-26.31
2025-01-13,2025-05-20,3.96,-12.69,-39.0
2025-01-13,2025-07-08,3.9196,-4.04,-43.04
2025-01-13,2025-08-12,3.83,-8.96,-52.0
2025-01-13,2025-09-30,3.79,-4.0,-56.0
2025-01-13,2025-11-04,3.7554,-3.46,-59.46
2025-01-13,2025-12-09,3.73,-2.54,-62.0
2025-01-13,2026-02-03,3.7076,-2.24,-64.24
2025-01-13,2026-03-17,3.71,0.24,-64.0
2025-01-13,2026-05-05,3.7219,1.19,-62.81
2025-01-13,2026-06-16,3.7392,1.73,-61.08
2025-01-14,2025-02-18,4.18,-17.0,-17.0
2025-01-14,2025-04-01,4.0869,-9.31,-26.31
2025-01-14,2025-05-20,3.95,-13.69,-40.0
2025-01-14,2025-07-08,3.923,-2.7,-42.7
2025-01-14,2025-08-12,3.82,-10.3,-53.0
2025-01-14,2025-09-30,3.78,-4.0,-57.0
2025-01-14,2025-11-04,3.7569,-2.31,-59.31
2025-01-14,2025-12-09,3.73,-2.69,-62.0
2025-01-14,2026-02-03,3.7076,-2.24,-64.24
2025-01-14,2026-03-17,3.71,0.24,-64.0
2025-01-14,2026-05-05,3.7219,1.19,-62.81
2025-01-14,2026-06-16,3.7392,1.73,-61.08
2025-01-15,2025-02-18,4.17,-18.0,-18.0
2025-01-15,2025-04-01,4.0872,-8.28,-26.28
2025-01-15,2025-05-20,3.95,-13.72,-40.0
2025-01-15,2025-07-08,3.923,-2.7,-42.7
2025-01-15,2025-08-12,3.82,-10.3,-53.0
2025-01-15,2025-09-30,3.79,-3.0,-56.0
2025-01-15,2025-11-04,3.7554,-3.46,-59.46
2025-01-15,2025-12-09,3.73,-2.54,-62.0
2025-01-15,2026-02-03,3.7076,-2.24,-64.24
2025-01-15,2026-03-17,3.71,0.24,-64.0
2025-01-15,2026-05-05,3.7338,2.38,-61.62
2025-01-15,2026-06-16,3.7256,-0.82,-62.44
2025-01-16,2025-02-18,4.17,-18.0,-18.0
2025-01-16,2025-04-01,4.0666,-10.34,-28.34
2025-01-16,2025-05-20,3.92,-14.66,-43.0
2025-01-16,2025-07-08,3.8526,-6.74,-49.74
2025-01-16,2025-08-12,3.76,-9.26,-59.0
2025-01-16,2025-09-30,3.71,-5.0,-64.0
2025-01-16,2025-11-04,3.6754,-3.46,-67.46
2025-01-16,2025-12-09,3.65,-2.54,-70.0
2025-01-16,2026-02-03,3.6276,-2.24,-72.24
2025-01-16,2026-03-17,3.62,-0.76,-73.0
2025-01-16,2026-05-05,3.6319,1.19,-71.81
2025-01-16,2026-06-16,3.6278,-0.41,-72.22
2025-01-17,2025-02-18,4.18,-17.0,-17.0
2025-01-17,2025-04-01,4.0766,-10.34,-27.34
2025-01-17,2025-05-20,3.93,-14.66,-42.0
2025-01-17,2025-07-08,3.8761,-5.39,-47.39
2025-01-17,2025-08-12,3.76,-11.61,-59.0
2025-01-17,2025-09-30,3.73,-3.0,-62.0
2025-01-17,2025-11-04,3.6954,-3.46,-65.46
2025-01-17,2025-12-09,3.68,-1.54,-67.0
2025-01-17,2026-02-03,3.6688,-1.12,-68.12
2025-01-17,2026-03-17,3.65,-1.88,-70.0
2025-01-17,2026-05-05,3.65,-0.0,-70.0
2025-01-17,2026-06-16,3.6714,2.14,-67.86
2025-01-20,2025-02-18,4.18,-17.0,-17.0
2025-01-20,2025-04-01,4.0766,-10.34,-27.34
2025-01-20,2025-05-20,3.92,-15.66,-43.0
2025-01-20,2025-07-08,3.8526,-6.74,-49.74
2025-01-20,2025-08-12,3.76,-9.26,-59.0
2025-01-20,2025-09-30,3.71,-5.0,-64.0
2025-01-20,2025-11-04,3.6754,-3.46,-67.46
2025-01-20,2025-12-09,3.65,-2.54,-70.0
2025-01-20,2026-02-03,3.6276,-2.24,-72.24
2025-01-20,2026-03-17,3.62,-0.76,-73.0
2025-01-20,2026-05-05,3.6319,1.19,-71.81
2025-01-20,2026-06-16,3.6278,-0.41,-72.22
2025-01-21,2025-02-18,4.17,-18.0,-18.0
2025-01-21,2025-04-01,4.0666,-10.34,-28.34
2025-01-21,2025-05-20,3.9,-16.66,-45.0
2025-01-21,2025-07-08,3.8326,-6.74,-51.74
2025-01-21,2025-08-12,3.73,-10.26,-62.0
2025-01-21,2025-09-30,3.67,-6.0,-68.0
2025-01-21,2025-11-04,3.6469,-2.31,-70.31
2025-01-21,2025-12-09,3.61,-3.69,-74.0
2025-01-21,2026-02-03,3.5876,-2.24,-76.24
2025-01-21,2026-03-17,3.59,0.24,-76.0
2025-01-21,2026-05-05,3.59,-0.0,-76.0
2025-01-21,2026-06-16,3.59,0.0,-76.0
2025-01-22,2025-02-18,4.17,-18.0,-18.0
2025-01-22,2025-04-01,4.0666,-10.34,-28.34
2025-01-22,2025-05-20,3.9,-16.66,-45.0
2025-01-22,2025-07-08,3.8596,-4.04,-49.04
2025-01-22,2025-08-12,3.74,-11.96,-61.0
2025-01-22,2025-09-30,3.7,-4.0,-65.0
2025-01-22,2025-11-04,3.6769,-2.31,-67.31
2025-01-22,2025-12-09,3.64,-3.69,-71.0
2025-01-22,2026-02-03,3.6176,-2.24,-73.24
2025-01-22,2026-03-17,3.62,0.24,-73.0
2025-01-22,2026-05-05,3.62,0.0,-73.0
2025-01-22,2026-06-16,3.6414,2.14,-70.86
2025-01-23,2025-02-18,4.16,-19.0,-19.0
2025-01-23,2025-04-01,4.0669,-9.31,-28.31
2025-01-23,2025-05-20,3.9,-16.69,-45.0
2025-01-23,2025-07-08,3.8461,-5.39,-50.39
2025-01-23,2025-08-12,3.74,-10.61,-61.0
2025-01-23,2025-09-30,3.7,-4.0,-65.0
2025-01-23,2025-11-04,3.6654,-3.46,-68.46
2025-01-23,2025-12-09,3.63,-3.54,-72.0
2025-01-23,2026-02-03,3.6188,-1.12,-73.12
2025-01-23,2026-03-17,3.61,-0.88,-74.0
2025-01-23,2026-05-05,3.6219,1.19,-72.81
2025-01-23,2026-06-16,3.6178,-0.41,-73.22
2025-01-24,2025-02-18,4.15,-20.0,-20.0
2025-01-24,2025-04-01,4.0569,-9.31,-29.31
2025-01-24,2025-05-20,3.89,-16.69,-46.0
2025-01-24,2025-07-08,3.8226,-6.74,-52.74
2025-01-24,2025-08-12,3.72,-10.26,-63.0
2025-01-24,2025-09-30,3.68,-4.0,-67.0
2025-01-24,2025-11-04,3.6454,-3.46,-70.46
2025-01-24,2025-12-09,3.62,-2.54,-73.0
2025-01-24,2026-02-03,3.5976,-2.24,-75.24
2025-01-24,2026-03-17,3.59,-0.76,-76.0
2025-01-24,2026-05-05,3.59,-0.0,-76.0
2025-01-24,2026-06-16,3.6114,2.14,-73.86
2025-01-27,2025-02-18,4.15,-20.0,-20.0
2025-01-27,2025-04-01,4.0672,-8.28,-28.28
2025-01-27,2025-05-20,3.89,-17.72,-46.0
2025-01-27,2025-07-08,3.8226,-6.74,-52.74
2025-01-27,2025-08-12,3.71,-11.26,-64.0
2025-01-27,2025-09-30,3.67,-4.0,-68.0
2025-01-27,2025-11-04,3.6469,-2.31,-70.31
2025-01-27,2025-12-09,3.61,-3.69,-74.0
2025-01-27,2026-02-03,3.5876,-2.24,-76.24
2025-01-27,2026-03-17,3.59,0.24,-76.0
2025-01-27,2026-05-05,3.59,-0.0,-76.0
2025-01-27,2026-06-16,3.59,0.0,-76.0
2025-01-28,2025-02-18,4.15,-20.0,-20.0
2025-01-28,2025-04-01,4.0466,-10.34,-30.34
2025-01-28,2025-05-20,3.85,-19.66,-50.0
2025-01-28,2025-07-08,3.7826,-6.74,-56.74
2025-01-28,2025-08-12,3.67,-11.26,-68.0
2025-01-28,2025-09-30,3.63,-4.0,-72.0
2025-01-28,2025-11-04,3.5838,-4.62,-76.62
2025-01-28,2025-12-09,3.56,-2.38,-79.0
2025-01-28,2026-02-03,3.5376,-2.24,-81.24
2025-01-28,2026-03-17,3.54,0.24,-81.0
2025-01-28,2026-05-05,3.54,-0.0,-81.0
2025-01-28,2026-06-16,3.54,0.0,-81.0
2025-01-29,2025-02-18,4.12,-23.0,-23.0
2025-01-29,2025-04-01,4.0062,-11.38,-34.38
2025-01-29,2025-05-20,3.8,-20.62,-55.0
2025-01-29,2025-07-08,3.7191,-8.09,-63.09
2025-01-29,2025-08-12,3.61,-10.91,-74.0
2025-01-29,2025-09-30,3.56,-5.0,-79.0
2025-01-29,2025-11-04,3.5138,-4.62,-83.62
2025-01-29,2025-12-09,3.49,-2.38,-86.0
2025-01-29,2026-02-03,3.4788,-1.12,-87.12
2025-01-29,2026-03-17,3.48,0.12,-87.0
2025-01-29,2026-05-05,3.48,-0.0,-87.0
2025-01-29,2026-06-16,3.5014,2.14,-84.86
2025-01-30,2025-02-18,4.098,-25.2,-25.2
2025-01-30,2025-04-01,4.007,-9.1,-34.3
2025-01-30,2025-05-20,3.8,-20.7,-55.0
2025-01-30,2025-07-08,3.7326,-6.74,-61.74
2025-01-30,2025-08-12,3.59,-14.26,-76.0
2025-01-30,2025-09-30,3.56,-3.0,-79.0
2025-01-30,2025-11-04,3.5138,-4.62,-83.62
2025-01-30,2025-12-09,3.49,-2.38,-86.0
2025-01-30,2026-02-03,3.4788,-1.12,-87.12
2025-01-30,2026-03-17,3.48,0.12,-87.0
2025-01-30,2026-05-05,3.48,-0.0,-87.0
2025-01-31,2025-02-18,4.11,-24.0,-24.0
2025-01-31,2025-04-01,4.0066,-10.34,-34.34
2025-01-31,2025-05-20,3.82,-18.66,-53.0
2025-01-31,2025-07-08,3.7391,-8.09,-61.09
2025-01-31,2025-08-12,3.6,-13.91,-75.0
2025-01-31,2025-09-30,3.57,-3.0,-78.0
2025-01-31,2025-11-04,3.5354,-3.46,-81.46
2025-01-31,2025-12-09,3.51,-2.54,-84.0
2025-01-31,2026-02-03,3.4876,-2.24,-86.24
2025-01-31,2026-03-17,3.48,-0.76,-87.0
2025-01-31,2026-05-05,3.48,-0.0,-87.0
2025-01-31,2026-06-16,3.5014,2.14,-84.86
2025-02-03,2025-02-18,4.11,-24.0,-24.0
2025-02-03,2025-04-01,3.9755,-13.45,-37.45
2025-02-03,2025-05-20,3.76,-21.55,-59.0
2025-02-03,2025-07-08,3.7196,-4.04,-63.04
2025-02-03,2025-08-12,3.56,-15.96,-79.0
2025-02-03,2025-09-30,3.51,-5.0,-84.0
2025-02-03,2025-11-04,3.4754,-3.46,-87.46
2025-02-03,2025-12-09,3.45,-2.54,-90.0
2025-02-03,2026-02-03,3.4276,-2.24,-92.24
2025-02-03,2026-03-17,3.43,0.24,-92.0
2025-02-03,2026-05-05,3.43,-0.0,-92.0
2025-02-03,2026-06-16,3.44,1.0,-91.0
2025-02-04,2025-02-18,4.12,-23.0,-23.0
2025-02-04,2025-04-01,3.9959,-12.41,-35.41
2025-02-04,2025-05-20,3.79,-20.59,-56.0
2025-02-04,2025-07-08,3.7091,-8.09,-64.09
2025-02-04,2025-08-12,3.57,-13.91,-78.0
2025-02-04,2025-09-30,3.53,-4.0,-82.0
2025-02-04,2025-11-04,3.4954,-3.46,-85.46
2025-02-04,2025-12-09,3.47,-2.54,-88.0
2025-02-04,2026-02-03,3.4588,-1.12,-89.12
2025-02-04,2026-03-17,3.45,-0.88,-90.0
2025-02-04,2026-05-05,3.45,0.0,-90.0
2025-02-04,2026-06-16,3.46,1.0,-89.0
2025-02-05,2025-02-18,4.12,-23.0,-23.0
2025-02-05,2025-04-01,4.0062,-11.38,-34.38
2025-02-05,2025-05-20,3.79,-21.62,-56.0
2025-02-05,2025-07-08,3.7091,-8.09,-64.09
2025-02-05,2025-08-12,3.57,-13.91,-78.0
2025-02-05,2025-09-30,3.53,-4.0,-82.0
2025-02-05,2025-11-04,3.4838,-4.62,-86.62
2025-02-05,2025-12-09,3.46,-2.38,-89.0
2025-02-05,2026-02-03,3.4488,-1.12,-90.12
2025-02-05,2026-03-17,3.43,-1.88,-92.0
2025-02-05,2026-05-05,3.43,-0.0,-92.0
2025-02-05,2026-06-16,3.45,2.0,-90.0
2025-02-06,2025-02-18,4.11,-24.0,-24.0
2025-02-06,2025-04-01,4.0066,-10.34,-34.34
2025-02-06,2025-05-20,3.79,-21.66,-56.0
2025-02-06,2025-07-08,3.7091,-8.09,-64.09
2025-02-06,2025-08-12,3.56,-14.91,-79.0
2025-02-06,2025-09-30,3.52,-4.0,-83.0
2025-02-06,2025-11-04,3.4738,-4.62,-87.62
2025-02-06,2025-12-09,3.45,-2.38,-90.0
2025-02-06,2026-02-03,3.4276,-2.24,-92.24
2025-02-06,2026-03-17,3.42,-0.76,-93.0
2025-02-06,2026-05-05,3.42,-0.0,-93.0
2025-02-06,2026-06-16,3.43,1.0,-92.0
2025-02-07,2025-02-18,4.12,-23.0,-23.0
2025-02-07,2025-04-01,4.0166,-10.34,-33.34
2025-02-07,2025-05-20,3.81,-20.66,-54.0
2025-02-07,2025-07-08,3.7426,-6.74,-60.74
2025-02-07,2025-08-12,3.59,-15.26,-76.0
2025-02-07,2025-09-30,3.56,-3.0,-79.0
2025-02-07,2025-11-04,3.5023,-5.77,-84.77
2025-02-07,2025-12-09,3.48,-2.23,-87.0
2025-02-07,2026-02-03,3.4688,-1.12,-88.12
2025-02-07,2026-03-17,3.46,-0.88,-89.0
2025-02-07,2026-05-05,3.46,0.0,-89.0
2025-02-07,2026-06-16,3.46,-0.0,-89.0
2025-02-10,2025-02-18,4.12,-23.0,-23.0
2025-02-10,2025-04-01,4.0269,-9.31,-32.31
2025-02-10,2025-05-20,3.84,-18.69,-51.0
2025-02-10,2025-07-08,3.7726,-6.74,-57.74
2025-02-10,2025-08-12,3.62,-15.26,-73.0
2025-02-10,2025-09-30,3.59,-3.0,-76.0
2025-02-10,2025-11-04,3.5554,-3.46,-79.46
2025-02-10,2025-12-09,3.52,-3.54,-83.0
2025-02-10,2026-02-03,3.5088,-1.12,-84.12
2025-02-10,2026-03-17,3.5,-0.88,-85.0
2025-02-10,2026-05-05,3.5119,1.19,-83.81
2025-02-10,2026-06-16,3.51,-0.19,-84.0
2025-02-11,2025-02-18,4.12,-23.0,-23.0
2025-02-11,2025-04-01,4.0372,-8.28,-31.28
2025-02-11,2025-05-20,3.84,-19.72,-51.0
2025-02-11,2025-07-08,3.7726,-6.74,-57.74
2025-02-11,2025-08-12,3.62,-15.26,-73.0
2025-02-11,2025-09-30,3.59,-3.0,-76.0
2025-02-11,2025-11-04,3.5554,-3.46,-79.46
2025-02-11,2025-12-09,3.52,-3.54,-83.0
2025-02-11,2026-02-03,3.5088,-1.12,-84.12
2025-02-11,2026-03-17,3.5,-0.88,-85.0
2025-02-11,2026-05-05,3.5119,1.19,-83.81
2025-02-11,2026-06-16,3.51,-0.19,-84.0
2025-02-12,2025-02-18,4.13,-22.0,-22.0
2025-02-12,2025-04-01,4.0472,-8.28,-30.28
2025-02-12,2025-05-20,3.87,-17.72,-48.0
2025-02-12,2025-07-08,3.8026,-6.74,-54.74
2025-02-12,2025-08-12,3.67,-13.26,-68.0
2025-02-12,2025-09-30,3.64,-3.0,-71.0
2025-02-12,2025-11-04,3.5938,-4.62,-75.62
2025-02-12,2025-12-09,3.57,-2.38,-78.0
2025-02-12,2026-02-03,3.5588,-1.12,-79.12
2025-02-12,2026-03-17,3.56,0.12,-79.0
2025-02-12,2026-05-05,3.5719,1.19,-77.81
2025-02-12,2026-06-16,3.58,0.81,-77.0
2025-02-13,2025-02-18,4.13,-22.0,-22.0
2025-02-13,2025-04-01,4.0472,-8.28,-30.28
2025-02-13,2025-05-20,3.88,-16.72,-47.0
2025-02-13,2025-07-08,3.7991,-8.09,-55.09
2025-02-13,2025-08-12,3.68,-11.91,-67.0
2025-02-13,2025-09-30,3.65,-3.0,-70.0
2025-02-13,2025-11-04,3.6154,-3.46,-73.46
2025-02-13,2025-12-09,3.58,-3.54,-77.0
2025-02-13,2026-02-03,3.5688,-1.12,-78.12
2025-02-13,2026-03-17,3.57,0.12,-78.0
2025-02-13,2026-05-05,3.57,0.0,-78.0
2025-02-13,2026-06-16,3.59,2.0,-76.0
2025-02-14,2025-02-18,4.13,-22.0,-22.0
2025-02-14,2025-04-01,4.0472,-8.28,-30.28
2025-02-14,2025-05-20,3.87,-17.72,-48.0
2025-02-14,2025-07-08,3.8026,-6.74,-54.74
2025-02-14,2025-08-12,3.68,-12.26,-67.0
2025-02-14,2025-09-30,3.65,-3.0,-70.0
2025-02-14,2025-11-04,3.6038,-4.62,-74.62
2025-02-14,2025-12-09,3.57,-3.38,-78.0
2025-02-14,2026-02-03,3.57,0.0,-78.0
2025-02-14,2026-03-17,3.57,0.0,-78.0
2025-02-14,2026-05-05,3.57,0.0,-78.0
2025-02-14,2026-06-16,3.58,1.0,-77.0
2025-02-17,2025-02-18,4.13,-22.0,-22.0
2025-02-17,2025-04-01,4.0472,-8.28,-30.28
2025-02-17,2025-05-20,3.88,-16.72,-47.0
2025-02-17,2025-07-08,3.8261,-5.39,-52.39
2025-02-17,2025-08-12,3.7,-12.61,-65.0
2025-02-17,2025-09-30,3.67,-3.0,-68.0
2025-02-17,2025-11-04,3.6354,-3.46,-71.46
2025-02-17,2025-12-09,3.6,-3.54,-75.0
2025-02-17,2026-02-03,3.5888,-1.12,-76.12
2025-02-17,2026-03-17,3.59,0.12,-76.0
2025-02-17,2026-05-05,3.6019,1.19,-74.81
2025-02-17,2026-06-16,3.61,0.81,-74.0
2025-02-18,2025-02-18,4.09,-26.0,-26.0
2025-02-18,2025-04-01,4.0486,-4.14,-30.14
2025-02-18,2025-05-20,3.9,-14.86,-45.0
2025-02-18,2025-07-08,3.8865,-1.35,-46.35
2025-02-18,2025-08-12,3.74,-14.65,-61.0
2025-02-18,2025-09-30,3.73,-1.0,-62.0
2025-02-18,2025-11-04,3.6954,-3.46,-65.46
2025-02-18,2025-12-09,3.66,-3.54,-69.0
2025-02-18,2026-02-03,3.6488,-1.12,-70.12
2025-02-18,2026-03-17,3.65,0.12,-70.0
2025-02-18,2026-05-05,3.65,-0.0,-70.0
2025-02-18,2026-06-16,3.67,2.0,-68.0
2025-02-19,2025-04-01,4.0586,-4.14,-4.14
2025-02-19,2025-05-20,3.9,-15.86,-20.0
2025-02-19,2025-07-08,3.8596,-4.04,-24.04
2025-02-19,2025-08-12,3.73,-12.96,-37.0
2025-02-19,2025-09-30,3.71,-2.0,-39.0
2025-02-19,2025-11-04,3.6869,-2.31,-41.31
2025-02-19,2025-12-09,3.65,-3.69,-45.0
2025-02-19,2026-02-03,3.65,0.0,-45.0
2025-02-19,2026-03-17,3.65,0.0,-45.0
2025-02-19,2026-05-05,3.6619,1.19,-43.81
2025-02-19,2026-06-16,3.67,0.81,-43.0
2025-02-20,2025-04-01,4.0586,-4.14,-4.14
2025-02-20,2025-05-20,3.92,-13.86,-18.0
2025-02-20,2025-07-08,3.8796,-4.04,-22.04
2025-02-20,2025-08-12,3.76,-11.96,-34.0
2025-02-20,2025-09-30,3.73,-3.0,-37.0
2025-02-20,2025-11-04,3.6954,-3.46,-40.46
2025-02-20,2025-12-09,3.67,-2.54,-43.0
2025-02-20,2026-02-03,3.67,-0.0,-43.0
2025-02-20,2026-03-17,3.68,1.0,-42.0
2025-02-20,2026-05-05,3.68,-0.0,-42.0
2025-02-20,2026-06-16,3.68,0.0,-42.0
2025-02-21,2025-04-01,4.0586,-4.14,-4.14
2025-02-21,2025-05-20,3.91,-14.86,-19.0
2025-02-21,2025-07-08,3.883,-2.7,-21.7
2025-02-21,2025-08-12,3.76,-12.3,-34.0
2025-02-21,2025-09-30,3.72,-4.0,-38.0
2025-02-21,2025-11-04,3.6969,-2.31,-40.31
2025-02-21,2025-12-09,3.65,-4.69,-45.0
2025-02-21,2026-02-03,3.65,0.0,-45.0
2025-02-21,2026-03-17,3.65,0.0,-45.0
2025-02-21,2026-05-05,3.6619,1.19,-43.81
2025-02-21,2026-06-16,3.67,0.81,-43.0
2025-02-24,2025-04-01,4.0586,-4.14,-4.14
2025-02-24,2025-05-20,3.9,-15.86,-20.0
2025-02-24,2025-07-08,3.8596,-4.04,-24.04
2025-02-24,2025-08-12,3.71,-14.96,-39.0
2025-02-24,2025-09-30,3.68,-3.0,-42.0
2025-02-24,2025-11-04,3.6223,-5.77,-47.77
2025-02-24,2025-12-09,3.59,-3.23,-51.0
2025-02-24,2026-02-03,3.6012,1.12,-49.88
2025-02-24,2026-03-17,3.59,-1.12,-51.0
2025-02-24,2026-05-05,3.59,-0.0,-51.0
2025-02-24,2026-06-16,3.6,1.0,-50.0
2025-02-25,2025-04-01,4.0586,-4.14,-4.14
2025-02-25,2025-05-20,3.89,-16.86,-21.0
2025-02-25,2025-07-08,3.8361,-5.39,-26.39
2025-02-25,2025-08-12,3.68,-15.61,-42.0
2025-02-25,2025-09-30,3.65,-3.0,-45.0
2025-02-25,2025-11-04,3.5923,-5.77,-50.77
2025-02-25,2025-12-09,3.56,-3.23,-54.0
2025-02-25,2026-02-03,3.5488,-1.12,-55.12
2025-02-25,2026-03-17,3.54,-0.88,-56.0
2025-02-25,2026-05-05,3.54,-0.0,-56.0
2025-02-25,2026-06-16,3.54,0.0,-56.0
2025-02-26,2025-04-01,4.0586,-4.14,-4.14
2025-02-26,2025-05-20,3.9,-15.86,-20.0
2025-02-26,2025-07-08,3.8191,-8.09,-28.09
2025-02-26,2025-08-12,3.68,-13.91,-42.0
2025-02-26,2025-09-30,3.64,-4.0,-46.0
2025-02-26,2025-11-04,3.5823,-5.77,-51.77
2025-02-26,2025-12-09,3.54,-4.23,-56.0
2025-02-26,2026-02-03,3.54,0.0,-56.0
2025-02-26,2026-03-17,3.53,-1.0,-57.0
2025-02-26,2026-05-05,3.5181,-1.19,-58.19
2025-02-26,2026-06-16,3.53,1.19,-57.0
2025-02-27,2025-04-01,4.069,-3.1,-3.1
2025-02-27,2025-05-20,3.91,-15.9,-19.0
2025-02-27,2025-07-08,3.8291,-8.09,-27.09
2025-02-27,2025-08-12,3.68,-14.91,-42.0
2025-02-27,2025-09-30,3.64,-4.0,-46.0
2025-02-27,2025-11-04,3.5823,-5.77,-51.77
2025-02-27,2025-12-09,3.54,-4.23,-56.0
2025-02-27,2026-02-03,3.54,0.0,-56.0
2025-02-27,2026-03-17,3.53,-1.0,-57.0
2025-02-27,2026-05-05,3.5181,-1.19,-58.19
2025-02-27,2026-06-16,3.53,1.19,-57.0
2025-02-28,2025-04-01,4.069,-3.1,-3.1
2025-02-28,2025-05-20,3.9,-16.9,-20.0
2025-02-28,2025-07-08,3.8057,-9.43,-29.43
2025-02-28,2025-08-12,3.64,-16.57,-46.0
2025-02-28,2025-09-30,3.6,-4.0,-50.0
2025-02-28,2025-11-04,3.5423,-5.77,-55.77
2025-02-28,2025-12-09,3.5,-4.23,-60.0
2025-02-28,2026-02-03,3.4776,-2.24,-62.24
2025-02-28,2026-03-17,3.46,-1.76,-64.0
2025-02-28,2026-05-05,3.46,0.0,-64.0
2025-02-28,2026-06-16,3.45,-1.0,-65.0
2025-03-03,2025-04-01,4.069,-3.1,-3.1
2025-03-03,2025-05-20,3.92,-14.9,-18.0
2025-03-03,2025-07-08,3.8122,-10.78,-28.78
2025-03-03,2025-08-12,3.65,-16.22,-45.0
2025-03-03,2025-09-30,3.62,-3.0,-48.0
2025-03-03,2025-11-04,3.5508,-6.92,-54.92
2025-03-03,2025-12-09,3.51,-4.08,-59.0
2025-03-03,2026-02-03,3.4988,-1.12,-60.12
2025-03-03,2026-03-17,3.48,-1.88,-62.0
2025-03-03,2026-05-05,3.48,-0.0,-62.0
2025-03-03,2026-06-16,3.48,0.0,-62.0
2025-03-04,2025-04-01,4.0483,-5.17,-5.17
2025-03-04,2025-05-20,3.88,-16.83,-22.0
2025-03-04,2025-07-08,3.7587,-12.13,-34.13
2025-03-04,2025-08-12,3.59,-16.87,-51.0
2025-03-04,2025-09-30,3.56,-3.0,-54.0
2025-03-04,2025-11-04,3.5023,-5.77,-59.77
2025-03-04,2025-12-09,3.45,-5.23,-65.0
2025-03-04,2026-02-03,3.4276,-2.24,-67.24
2025-03-04,2026-03-17,3.43,0.24,-67.0
2025-03-04,2026-05-05,3.4181,-1.19,-68.19
2025-03-04,2026-06-16,3.42,0.19,-68.0
2025-03-04,2026-08-11,3.4355,1.55,-66.45
2025-03-05,2025-04-01,4.069,-3.1,-3.1
2025-03-05,2025-05-20,3.9,-16.9,-20.0
2025-03-05,2025-07-08,3.7787,-12.13,-32.13
2025-03-05,2025-08-12,3.62,-15.87,-48.0
2025-03-05,2025-09-30,3.57,-5.0,-53.0
2025-03-05,2025-11-04,3.5008,-6.92,-59.92
2025-03-05,2025-12-09,3.48,-2.08,-62.0
2025-03-05,2026-02-03,3.4576,-2.24,-64.24
2025-03-05,2026-03-17,3.45,-0.76,-65.0
2025-03-05,2026-05-05,3.45,0.0,-65.0
2025-03-05,2026-06-16,3.45,0.0,-65.0
2025-03-05,2026-08-11,3.45,0.0,-65.0
2025-03-06,2025-04-01,4.069,-3.1,-3.1
2025-03-06,2025-05-20,3.92,-14.9,-18.0
2025-03-06,2025-07-08,3.8122,-10.78,-28.78
2025-03-06,2025-08-12,3.65,-16.22,-45.0
2025-03-06,2025-09-30,3.62,-3.0,-48.0
2025-03-06,2025-11-04,3.5508,-6.92,-54.92
2025-03-06,2025-12-09,3.53,-2.08,-57.0
2025-03-06,2026-02-03,3.5076,-2.24,-59.24
2025-03-06,2026-03-17,3.51,0.24,-59.0
2025-03-06,2026-05-05,3.51,0.0,-59.0
2025-03-06,2026-06-16,3.52,1.0,-58.0
2025-03-06,2026-08-11,3.5355,1.55,-56.45
2025-03-07,2025-04-01,4.069,-3.1,-3.1
2025-03-07,2025-05-20,3.9,-16.9,-20.0
2025-03-07,2025-07-08,3.7922,-10.78,-30.78
2025-03-07,2025-08-12,3.61,-18.22,-49.0
2025-03-07,2025-09-30,3.56,-5.0,-54.0
2025-03-07,2025-11-04,3.4792,-8.08,-62.08
2025-03-07,2025-12-09,3.46,-1.92,-64.0
2025-03-07,2026-02-03,3.4488,-1.12,-65.12
2025-03-07,2026-03-17,3.43,-1.88,-67.0
2025-03-07,2026-05-05,3.43,-0.0,-67.0
2025-03-07,2026-06-16,3.43,0.0,-67.0
2025-03-07,2026-08-11,3.43,0.0,-67.0
2025-03-10,2025-04-01,4.069,-3.1,-3.1
2025-03-10,2025-05-20,3.9,-16.9,-20.0
2025-03-10,2025-07-08,3.8057,-9.43,-29.43
2025-03-10,2025-08-12,3.62,-18.57,-48.0
2025-03-10,2025-09-30,3.57,-5.0,-53.0
2025-03-10,2025-11-04,3.5008,-6.92,-59.92
2025-03-10,2025-12-09,3.48,-2.08,-62.0
2025-03-10,2026-02-03,3.4576,-2.24,-64.24
2025-03-10,2026-03-17,3.45,-0.76,-65.0
2025-03-10,2026-05-05,3.45,0.0,-65.0
2025-03-10,2026-06-16,3.45,0.0,-65.0
2025-03-10,2026-08-11,3.4655,1.55,-63.45
2025-03-11,2025-04-01,4.069,-3.1,-3.1
2025-03-11,2025-05-20,3.89,-17.9,-21.0
2025-03-11,2025-07-08,3.7822,-10.78,-31.78
2025-03-11,2025-08-12,3.59,-19.22,-51.0
2025-03-11,2025-09-30,3.54,-5.0,-56.0
2025-03-11,2025-11-04,3.4362,-10.38,-66.38
2025-03-11,2025-12-09,3.42,-1.62,-68.0
2025-03-11,2026-02-03,3.3976,-2.24,-70.24
2025-03-11,2026-03-17,3.37,-2.76,-73.0
2025-03-11,2026-05-05,3.37,0.0,-73.0
2025-03-11,2026-06-16,3.37,0.0,-73.0
2025-03-11,2026-08-11,3.3855,1.55,-71.45
2025-03-12,2025-04-01,4.069,-3.1,-3.1
2025-03-12,2025-05-20,3.9,-16.9,-20.0
2025-03-12,2025-07-08,3.7922,-10.78,-30.78
2025-03-12,2025-08-12,3.62,-17.22,-48.0
2025-03-12,2025-09-30,3.54,-8.0,-56.0
2025-03-12,2025-11-04,3.4592,-8.08,-64.08
2025-03-12,2025-12-09,3.43,-2.92,-67.0
2025-03-12,2026-02-03,3.4076,-2.24,-69.24
2025-03-12,2026-03-17,3.39,-1.76,-71.0
2025-03-12,2026-05-05,3.39,0.0,-71.0
2025-03-12,2026-06-16,3.4,1.0,-70.0
2025-03-12,2026-08-11,3.4,0.0,-70.0
2025-03-13,2025-04-01,4.069,-3.1,-3.1
2025-03-13,2025-05-20,3.9,-16.9,-20.0
2025-03-13,2025-07-08,3.8191,-8.09,-28.09
2025-03-13,2025-08-12,3.63,-18.91,-47.0
2025-03-13,2025-09-30,3.57,-6.0,-53.0
2025-03-13,2025-11-04,3.4662,-10.38,-63.38
2025-03-13,2025-12-09,3.45,-1.62,-65.0
2025-03-13,2026-02-03,3.4276,-2.24,-67.24
2025-03-13,2026-03-17,3.42,-0.76,-68.0
2025-03-13,2026-05-05,3.42,-0.0,-68.0
2025-03-13,2026-06-16,3.42,0.0,-68.0
2025-03-13,2026-08-11,3.4355,1.55,-66.45
2025-03-14,2025-04-01,4.069,-3.1,-3.1
2025-03-14,2025-05-20,3.91,-15.9,-19.0
2025-03-14,2025-07-08,3.7887,-12.13,-31.13
2025-03-14,2025-08-12,3.62,-16.87,-48.0
2025-03-14,2025-09-30,3.55,-7.0,-55.0
2025-03-14,2025-11-04,3.4462,-10.38,-65.38
2025-03-14,2025-12-09,3.43,-1.62,-67.0
2025-03-14,2026-02-03,3.4076,-2.24,-69.24
2025-03-14,2026-03-17,3.39,-1.76,-71.0
2025-03-14,2026-05-05,3.39,0.0,-71.0
2025-03-14,2026-06-16,3.4,1.0,-70.0
2025-03-14,2026-08-11,3.4,0.0,-70.0
2025-03-17,2025-04-01,4.069,-3.1,-3.1
2025-03-17,2025-05-20,3.91,-15.9,-19.0
2025-03-17,2025-07-08,3.8157,-9.43,-28.43
2025-03-17,2025-08-12,3.65,-16.57,-45.0
2025-03-17,2025-09-30,3.57,-8.0,-53.0
2025-03-17,2025-11-04,3.4662,-10.38,-63.38
2025-03-17,2025-12-09,3.45,-1.62,-65.0
2025-03-17,2026-02-03,3.4276,-2.24,-67.24
2025-03-17,2026-03-17,3.41,-1.76,-69.0
2025-03-17,2026-05-05,3.3981,-1.19,-70.19
2025-03-17,2026-06-16,3.41,1.19,-69.0
2025-03-17,2026-08-11,3.4255,1.55,-67.45
2025-03-18,2025-04-01,4.069,-3.1,-3.1
2025-03-18,2025-05-20,3.92,-14.9,-18.0
2025-03-18,2025-07-08,3.8257,-9.43,-27.43
2025-03-18,2025-08-12,3.66,-16.57,-44.0
2025-03-18,2025-09-30,3.59,-7.0,-51.0
2025-03-18,2025-11-04,3.4862,-10.38,-61.38
2025-03-18,2025-12-09,3.46,-2.62,-64.0
2025-03-18,2026-02-03,3.4488,-1.12,-65.12
2025-03-18,2026-03-17,3.42,-2.88,-68.0
2025-03-18,2026-05-05,3.42,-0.0,-68.0
2025-03-18,2026-06-16,3.42,0.0,-68.0
2025-03-18,2026-08-11,3.4355,1.55,-66.45
2025-03-19,2025-04-01,4.0793,-2.07,-2.07
2025-03-19,2025-05-20,3.93,-14.93,-17.0
2025-03-19,2025-07-08,3.8491,-8.09,-25.09
2025-03-19,2025-08-12,3.67,-17.91,-43.0
2025-03-19,2025-09-30,3.59,-8.0,-51.0
2025-03-19,2025-11-04,3.4977,-9.23,-60.23
2025-03-19,2025-12-09,3.48,-1.77,-62.0
2025-03-19,2026-02-03,3.4464,-3.36,-65.36
2025-03-19,2026-03-17,3.43,-1.64,-67.0
2025-03-19,2026-05-05,3.43,-0.0,-67.0
2025-03-19,2026-06-16,3.43,0.0,-67.0
2025-03-19,2026-08-11,3.4455,1.55,-65.45
2025-03-20,2025-04-01,4.069,-3.1,-3.1
2025-03-20,2025-05-20,3.91,-15.9,-19.0
2025-03-20,2025-07-08,3.8291,-8.09,-27.09
2025-03-20,2025-08-12,3.64,-18.91,-46.0
2025-03-20,2025-09-30,3.56,-8.0,-54.0
2025-03-20,2025-11-04,3.4677,-9.23,-63.23
2025-03-20,2025-12-09,3.43,-3.77,-67.0
2025-03-20,2026-02-03,3.4076,-2.24,-69.24
2025-03-20,2026-03-17,3.38,-2.76,-72.0
2025-03-20,2026-05-05,3.3681,-1.19,-73.19
2025-03-20,2026-06-16,3.38,1.19,-72.0
2025-03-20,2026-08-11,3.3955,1.55,-70.45
2025-03-21,2025-04-01,4.069,-3.1,-3.1
2025-03-21,2025-05-20,3.9,-16.9,-20.0
2025-03-21,2025-07-08,3.8191,-8.09,-28.09
2025-03-21,2025-08-12,3.64,-17.91,-46.0
2025-03-21,2025-09-30,3.56,-8.0,-54.0
2025-03-21,2025-11-04,3.4446,-11.54,-65.54
2025-03-21,2025-12-09,3.43,-1.46,-67.0
2025-03-21,2026-02-03,3.3964,-3.36,-70.36
2025-03-21,2026-03-17,3.39,-0.64,-71.0
2025-03-21,2026-05-05,3.3662,-2.38,-73.38
2025-03-21,2026-06-16,3.38,1.38,-72.0
2025-03-21,2026-08-11,3.3955,1.55,-70.45
2025-03-24,2025-04-01,4.0793,-2.07,-2.07
2025-03-24,2025-05-20,3.9,-17.93,-20.0
2025-03-24,2025-07-08,3.8191,-8.09,-28.09
2025-03-24,2025-08-12,3.63,-18.91,-47.0
2025-03-24,2025-09-30,3.54,-9.0,-56.0
2025-03-24,2025-11-04,3.4362,-10.38,-66.38
2025-03-24,2025-12-09,3.41,-2.62,-69.0
2025-03-24,2026-02-03,3.3876,-2.24,-71.24
2025-03-24,2026-03-17,3.36,-2.76,-74.0
2025-03-24,2026-05-05,3.3481,-1.19,-75.19
2025-03-24,2026-06-16,3.35,0.19,-75.0
2025-03-24,2026-08-11,3.35,0.0,-75.0
2025-03-25,2025-04-01,4.0793,-2.07,-2.07
2025-03-25,2025-05-20,3.92,-15.93,-18.0
2025-03-25,2025-07-08,3.8257,-9.43,-27.43
2025-03-25,2025-08-12,3.65,-17.57,-45.0
2025-03-25,2025-09-30,3.56,-9.0,-54.0
2025-03-25,2025-11-04,3.4446,-11.54,-65.54
2025-03-25,2025-12-09,3.43,-1.46,-67.0
2025-03-25,2026-02-03,3.4076,-2.24,-69.24
2025-03-25,2026-03-17,3.37,-3.76,-73.0
2025-03-25,2026-05-05,3.37,0.0,-73.0
2025-03-25,2026-06-16,3.37,0.0,-73.0
2025-03-25,2026-08-11,3.37,0.0,-73.0
2025-03-26,2025-04-01,4.0793,-2.07,-2.07
2025-03-26,2025-05-20,3.93,-14.93,-17.0
2025-03-26,2025-07-08,3.8491,-8.09,-25.09
2025-03-26,2025-08-12,3.68,-16.91,-42.0
2025-03-26,2025-09-30,3.59,-9.0,-51.0
2025-03-26,2025-11-04,3.4862,-10.38,-61.38
2025-03-26,2025-12-09,3.48,-0.62,-62.0
2025-03-26,2026-02-03,3.4464,-3.36,-65.36
2025-03-26,2026-03-17,3.42,-2.64,-68.0
2025-03-26,2026-05-05,3.4081,-1.19,-69.19
2025-03-26,2026-06-16,3.41,0.19,-69.0
2025-03-26,2026-08-11,3.4255,1.55,-67.45
2025-03-27,2025-04-01,4.0793,-2.07,-2.07
2025-03-27,2025-05-20,3.93,-14.93,-17.0
2025-03-27,2025-07-08,3.8491,-8.09,-25.09
2025-03-27,2025-08-12,3.68,-16.91,-42.0
2025-03-27,2025-09-30,3.62,-6.0,-48.0
2025-03-27,2025-11-04,3.5046,-11.54,-59.54
2025-03-27,2025-12-09,3.49,-1.46,-61.0
2025-03-27,2026-02-03,3.4564,-3.36,-64.36
2025-03-27,2026-03-17,3.43,-2.64,-67.0
2025-03-27,2026-05-05,3.4181,-1.19,-68.19
2025-03-27,2026-06-16,3.42,0.19,-68.0
2025-03-27,2026-08-11,3.4355,1.55,-66.45
2025-03-28,2025-04-01,4.0793,-2.07,-2.07
2025-03-28,2025-05-20,3.92,-15.93,-18.0
2025-03-28,2025-07-08,3.8526,-6.74,-24.74
2025-03-28,2025-08-12,3.68,-17.26,-42.0
2025-03-28,2025-09-30,3.59,-9.0,-51.0
2025-03-28,2025-11-04,3.4746,-11.54,-62.54
2025-03-28,2025-12-09,3.46,-1.46,-64.0
2025-03-28,2026-02-03,3.4264,-3.36,-67.36
2025-03-28,2026-03-17,3.4,-2.64,-70.0
2025-03-28,2026-05-05,3.3881,-1.19,-71.19
2025-03-28,2026-06-16,3.39,0.19,-71.0
2025-03-28,2026-08-11,3.39,-0.0,-71.0
2025-03-31,2025-04-01,4.069,-3.1,-3.1
2025-03-31,2025-05-20,3.89,-17.9,-21.0
2025-03-31,2025-07-08,3.8091,-8.09,-29.09
2025-03-31,2025-08-12,3.63,-17.91,-47.0
2025-03-31,2025-09-30,3.54,-9.0,-56.0
2025-03-31,2025-11-04,3.4131,-12.69,-68.69
2025-03-31,2025-12-09,3.4,-1.31,-70.0
2025-03-31,2026-02-03,3.3552,-4.48,-74.48
2025-03-31,2026-03-17,3.33,-2.52,-77.0
2025-03-31,2026-05-05,3.3181,-1.19,-78.19
2025-03-31,2026-06-16,3.32,0.19,-78.0
2025-03-31,2026-08-11,3.32,0.0,-78.0
2025-04-01,2025-04-01,4.0897,-1.03,-1.03
2025-04-01,2025-05-20,3.9,-18.97,-20.0
2025-04-01,2025-07-08,3.8191,-8.09,-28.09
2025-04-01,2025-08-12,3.63,-18.91,-47.0
2025-04-01,2025-09-30,3.55,-8.0,-55.0
2025-04-01,2025-11-04,3.4115,-13.85,-68.85
2025-04-01,2025-12-09,3.4,-1.15,-70.0
2025-04-01,2026-02-03,3.3552,-4.48,-74.48
2025-04-01,2026-03-17,3.33,-2.52,-77.0
2025-04-01,2026-05-05,3.3181,-1.19,-78.19
2025-04-01,2026-06-16,3.32,0.19,-78.0
2025-04-01,2026-08-11,3.32,0.0,-78.0
2025-04-02,2025-05-20,3.9,-20.0,-20.0
2025-04-02,2025-07-08,3.8191,-8.09,-28.09
2025-04-02,2025-08-12,3.63,-18.91,-47.0
2025-04-02,2025-09-30,3.54,-9.0,-56.0
2025-04-02,2025-11-04,3.4015,-13.85,-69.85
2025-04-02,2025-12-09,3.38,-2.15,-72.0
2025-04-02,2026-02-03,3.3464,-3.36,-75.36
2025-04-02,2026-03-17,3.32,-2.64,-78.0
2025-04-02,2026-05-05,3.3081,-1.19,-79.19
2025-04-02,2026-06-16,3.31,0.19,-79.0
2025-04-02,2026-08-11,3.31,0.0,-79.0
2025-04-03,2025-05-20,3.86,-24.0,-24.0
2025-04-03,2025-07-08,3.7387,-12.13,-36.13
2025-04-03,2025-08-12,3.51,-22.87,-59.0
2025-04-03,2025-09-30,3.43,-8.0,-67.0
2025-04-03,2025-11-04,3.28,-15.0,-82.0
2025-04-03,2025-12-09,3.24,-4.0,-86.0
2025-04-03,2026-02-03,3.1952,-4.48,-90.48
2025-04-03,2026-03-17,3.16,-3.52,-94.0
2025-04-03,2026-05-05,3.1481,-1.19,-95.19
2025-04-03,2026-06-16,3.15,0.19,-95.0
2025-04-03,2026-08-11,3.15,-0.0,-95.0
2025-04-04,2025-05-20,3.79,-31.0,-31.0
2025-04-04,2025-07-08,3.6283,-16.17,-47.17
2025-04-04,2025-08-12,3.34,-28.83,-76.0
2025-04-04,2025-09-30,3.24,-10.0,-86.0
2025-04-04,2025-11-04,3.1131,-12.69,-98.69
2025-04-04,2025-12-09,3.07,-4.31,-103.0
2025-04-04,2026-02-03,3.0252,-4.48,-107.48
2025-04-04,2026-03-17,2.99,-3.52,-111.0
2025-04-04,2026-05-05,2.9781,-1.19,-112.19
2025-04-04,2026-06-16,2.98,0.19,-112.0
2025-04-04,2026-08-11,2.98,-0.0,-112.0
2025-04-07,2025-05-20,3.68,-42.0,-42.0
2025-04-07,2025-07-08,3.4239,-25.61,-67.61
2025-04-07,2025-08-12,3.17,-25.39,-93.0
2025-04-07,2025-09-30,3.03,-14.0,-107.0
2025-04-07,2025-11-04,2.9031,-12.69,-119.69
2025-04-07,2025-12-09,2.89,-1.31,-121.0
2025-04-07,2026-02-03,2.8676,-2.24,-123.24
2025-04-07,2026-03-17,2.85,-1.76,-125.0
2025-04-07,2026-05-05,2.8381,-1.19,-126.19
2025-04-07,2026-06-16,2.84,0.19,-126.0
2025-04-07,2026-08-11,2.84,0.0,-126.0
2025-04-08,2025-05-20,3.73,-37.0,-37.0
2025-04-08,2025-07-08,3.5009,-22.91,-59.91
2025-04-08,2025-08-12,3.23,-27.09,-87.0
2025-04-08,2025-09-30,3.1,-13.0,-100.0
2025-04-08,2025-11-04,2.9731,-12.69,-112.69
2025-04-08,2025-12-09,2.96,-1.31,-114.0
2025-04-08,2026-02-03,2.9376,-2.24,-116.24
2025-04-08,2026-03-17,2.92,-1.76,-118.0
2025-04-08,2026-05-05,2.8962,-2.38,-120.38
2025-04-08,2026-06-16,2.9,0.38,-120.0
2025-04-08,2026-08-11,2.931,3.1,-116.9
2025-04-09,2025-05-20,3.62,-48.0,-48.0
2025-04-09,2025-07-08,3.3235,-29.65,-77.65
2025-04-09,2025-08-12,3.03,-29.35,-107.0
2025-04-09,2025-09-30,2.84,-19.0,-126.0
2025-04-09,2025-11-04,2.7246,-11.54,-137.54
2025-04-09,2025-12-09,2.74,1.54,-136.0
2025-04-09,2026-02-03,2.7288,-1.12,-137.12
2025-04-09,2026-03-17,2.71,-1.88,-139.0
2025-04-09,2026-05-05,2.71,0.0,-139.0
2025-04-09,2026-06-16,2.74,3.0,-136.0
2025-04-09,2026-08-11,2.771,3.1,-132.9
2025-04-10,2025-05-20,3.76,-34.0,-34.0
2025-04-10,2025-07-08,3.5039,-25.61,-59.61
2025-04-10,2025-08-12,3.23,-27.39,-87.0
2025-04-10,2025-09-30,3.06,-17.0,-104.0
2025-04-10,2025-11-04,2.91,-15.0,-119.0
2025-04-10,2025-12-09,2.91,0.0,-119.0
2025-04-10,2026-02-03,2.8876,-2.24,-121.24
2025-04-10,2026-03-17,2.86,-2.76,-124.0
2025-04-10,2026-05-05,2.86,0.0,-124.0
2025-04-10,2026-06-16,2.89,3.0,-121.0
2025-04-10,2026-08-11,2.9055,1.55,-119.45
2025-04-11,2025-05-20,3.73,-37.0,-37.0
2025-04-11,2025-07-08,3.4604,-26.96,-63.96
2025-04-11,2025-08-12,3.16,-30.04,-94.0
2025-04-11,2025-09-30,3.01,-15.0,-109.0
2025-04-11,2025-11-04,2.86,-15.0,-124.0
2025-04-11,2025-12-09,2.85,-1.0,-125.0
2025-04-11,2026-02-03,2.8276,-2.24,-127.24
2025-04-11,2026-03-17,2.81,-1.76,-129.0
2025-04-11,2026-05-05,2.8219,1.19,-127.81
2025-04-11,2026-06-16,2.84,1.81,-126.0
2025-04-11,2026-08-11,2.8555,1.55,-124.45
2025-04-14,2025-05-20,3.74,-36.0,-36.0
2025-04-14,2025-07-08,3.4704,-26.96,-62.96
2025-04-14,2025-08-12,3.2,-27.04,-90.0
2025-04-14,2025-09-30,3.05,-15.0,-105.0
2025-04-14,2025-11-04,2.9,-15.0,-120.0
2025-04-14,2025-12-09,2.9,0.0,-120.0
2025-04-14,2026-02-03,2.8776,-2.24,-122.24
2025-04-14,2026-03-17,2.87,-0.76,-123.0
2025-04-14,2026-05-05,2.8819,1.19,-121.81
2025-04-14,2026-06-16,2.9,1.81,-120.0
2025-04-14,2026-08-11,2.931,3.1,-116.9
2025-04-15,2025-05-20,3.76,-34.0,-34.0
2025-04-15,2025-07-08,3.477,-28.3,-62.3
2025-04-15,2025-08-12,3.19,-28.7,-91.0
2025-04-15,2025-09-30,3.04,-15.0,-106.0
2025-04-15,2025-11-04,2.9015,-13.85,-119.85
2025-04-15,2025-12-09,2.9,-0.15,-120.0
2025-04-15,2026-02-03,2.8888,-1.12,-121.12
2025-04-15,2026-03-17,2.86,-2.88,-124.0
2025-04-15,2026-05-05,2.86,0.0,-124.0
2025-04-15,2026-06-16,2.87,1.0,-123.0
2025-04-15,2026-08-11,2.901,3.1,-119.9
2025-04-16,2025-05-20,3.78,-32.0,-32.0
2025-04-16,2025-07-08,3.5239,-25.61,-57.61
2025-04-16,2025-08-12,3.23,-29.39,-87.0
2025-04-16,2025-09-30,3.09,-14.0,-101.0
2025-04-16,2025-11-04,2.94,-15.0,-116.0
2025-04-16,2025-12-09,2.93,-1.0,-117.0
2025-04-16,2026-02-03,2.93,0.0,-117.0
2025-04-16,2026-03-17,2.89,-4.0,-121.0
2025-04-16,2026-05-05,2.89,0.0,-121.0
2025-04-16,2026-06-16,2.9,1.0,-120.0
2025-04-16,2026-08-11,2.9,-0.0,-120.0
2025-04-17,2025-05-20,3.79,-31.0,-31.0
2025-04-17,2025-07-08,3.5339,-25.61,-56.61
2025-04-17,2025-08-12,3.28,-25.39,-82.0
2025-04-17,2025-09-30,3.12,-16.0,-98.0
2025-04-17,2025-11-04,2.9469,-17.31,-115.31
2025-04-17,2025-12-09,2.93,-1.69,-117.0
2025-04-17,2026-02-03,2.93,0.0,-117.0
2025-04-17,2026-03-17,2.89,-4.0,-121.0
2025-04-17,2026-05-05,2.8662,-2.38,-123.38
2025-04-17,2026-06-16,2.89,2.38,-121.0
2025-04-17,2026-08-11,2.9055,1.55,-119.45
2025-04-18,2025-05-20,3.79,-31.0,-31.0
2025-04-18,2025-07-08,3.5339,-25.61,-56.61
2025-04-18,2025-08-12,3.28,-25.39,-82.0
2025-04-18,2025-09-30,3.12,-16.0,-98.0
2025-04-18,2025-11-04,2.9469,-17.31,-115.31
2025-04-18,2025-12-09,2.93,-1.69,-117.0
2025-04-18,2026-02-03,2.93,0.0,-117.0
2025-04-18,2026-03-17,2.89,-4.0,-121.0
2025-04-18,2026-05-05,2.8662,-2.38,-123.38
2025-04-18,2026-06-16,2.89,2.38,-121.0
2025-04-18,2026-08-11,2.9055,1.55,-119.45
2025-04-21,2025-05-20,3.79,-31.0,-31.0
2025-04-21,2025-07-08,3.5339,-25.61,-56.61
2025-04-21,2025-08-12,3.28,-25.39,-82.0
2025-04-21,2025-09-30,3.12,-16.0,-98.0
2025-04-21,2025-11-04,2.9469,-17.31,-115.31
2025-04-21,2025-12-09,2.93,-1.69,-117.0
2025-04-21,2026-02-03,2.93,0.0,-117.0
2025-04-21,2026-03-17,2.89,-4.0,-121.0
2025-04-21,2026-05-05,2.8662,-2.38,-123.38
2025-04-21,2026-06-16,2.89,2.38,-121.0
2025-04-21,2026-08-11,2.9055,1.55,-119.45
2025-04-22,2025-05-20,3.79,-31.0,-31.0
2025-04-22,2025-07-08,3.5339,-25.61,-56.61
2025-04-22,2025-08-12,3.26,-27.39,-84.0
2025-04-22,2025-09-30,3.07,-19.0,-103.0
2025-04-22,2025-11-04,2.8738,-19.62,-122.62
2025-04-22,2025-12-09,2.87,-0.38,-123.0
2025-04-22,2026-02-03,2.8476,-2.24,-125.24
2025-04-22,2026-03-17,2.82,-2.76,-128.0
2025-04-22,2026-05-05,2.8081,-1.19,-129.19
2025-04-22,2026-06-16,2.82,1.19,-128.0
2025-04-22,2026-08-11,2.82,0.0,-128.0
2025-04-23,2025-05-20,3.8,-30.0,-30.0
2025-04-23,2025-07-08,3.5843,-21.57,-51.57
2025-04-23,2025-08-12,3.33,-25.43,-77.0
2025-04-23,2025-09-30,3.07,-26.0,-103.0
2025-04-23,2025-11-04,3.0008,-6.92,-109.92
2025-04-23,2025-12-09,2.96,-4.08,-114.0
2025-04-23,2026-02-03,2.9264,-3.36,-117.36
2025-04-23,2026-03-17,2.9,-2.64,-120.0
2025-04-23,2026-05-05,2.8881,-1.19,-121.19
2025-04-23,2026-06-16,2.89,0.19,-121.0
2025-04-23,2026-08-11,2.9055,1.55,-119.45
2025-04-24,2025-05-20,3.8,-30.0,-30.0
2025-04-24,2025-07-08,3.5843,-21.57,-51.57
2025-04-24,2025-08-12,3.33,-25.43,-77.0
2025-04-24,2025-09-30,3.07,-26.0,-103.0
2025-04-24,2025-11-04,3.0008,-6.92,-109.92
2025-04-24,2025-12-09,2.96,-4.08,-114.0
2025-04-24,2026-02-03,2.9264,-3.36,-117.36
2025-04-24,2026-03-17,2.9,-2.64,-120.0
2025-04-24,2026-05-05,2.8881,-1.19,-121.19
2025-04-24,2026-06-16,2.89,0.19,-121.0
2025-04-24,2026-08-11,2.9055,1.55,-119.45
2025-04-25,2025-05-20,3.79,-31.0,-31.0
2025-04-25,2025-07-08,3.5878,-20.22,-51.22
2025-04-25,2025-08-12,3.34,-24.78,-76.0
2025-04-25,2025-09-30,3.18,-16.0,-92.0
2025-04-25,2025-11-04,2.9608,-21.92,-113.92
2025-04-25,2025-12-09,2.95,-1.08,-115.0
2025-04-25,2026-02-03,2.9276,-2.24,-117.24
2025-04-25,2026-03-17,2.9,-2.76,-120.0
2025-04-25,2026-05-05,2.8762,-2.38,-122.38
2025-04-25,2026-06-16,2.88,0.38,-122.0
2025-04-25,2026-08-11,2.8955,1.55,-120.45
2025-04-28,2025-05-20,3.81,-29.0,-29.0
2025-04-28,2025-07-08,3.6078,-20.22,-49.22
2025-04-28,2025-08-12,3.34,-26.78,-76.0
2025-04-28,2025-09-30,3.15,-19.0,-95.0
2025-04-28,2025-11-04,2.9538,-19.62,-114.62
2025-04-28,2025-12-09,2.93,-2.38,-117.0
2025-04-28,2026-02-03,2.8964,-3.36,-120.36
2025-04-28,2026-03-17,2.85,-4.64,-125.0
2025-04-28,2026-05-05,2.8381,-1.19,-126.19
2025-04-28,2026-06-16,2.84,0.19,-126.0
2025-04-28,2026-08-11,2.8555,1.55,-124.45
2025-04-29,2025-05-20,3.81,-29.0,-29.0
2025-04-29,2025-07-08,3.5943,-21.57,-50.57
2025-04-29,2025-08-12,3.34,-25.43,-76.0
2025-04-29,2025-09-30,3.17,-17.0,-93.0
2025-04-29,2025-11-04,2.9623,-20.77,-113.77
2025-04-29,2025-12-09,2.94,-2.23,-116.0
2025-04-29,2026-02-03,2.8952,-4.48,-120.48
2025-04-29,2026-03-17,2.87,-2.52,-123.0
2025-04-29,2026-05-05,2.8462,-2.38,-125.38
2025-04-29,2026-06-16,2.85,0.38,-125.0
2025-04-29,2026-08-11,2.85,0.0,-125.0
2025-04-30,2025-05-20,3.83,-27.0,-27.0
2025-04-30,2025-07-08,3.6548,-17.52,-44.52
2025-04-30,2025-08-12,3.4,-25.48,-70.0
2025-04-30,2025-09-30,3.21,-19.0,-89.0
2025-04-30,2025-11-04,3.0138,-19.62,-108.62
2025-04-30,2025-12-09,2.98,-3.38,-112.0
2025-04-30,2026-02-03,2.924,-5.6,-117.6
2025-04-30,2026-03-17,2.89,-3.4,-121.0
2025-04-30,2026-05-05,2.8542,-3.58,-124.58
2025-04-30,2026-06-16,2.85,-0.42,-125.0
2025-04-30,2026-08-11,2.85,0.0,-125.0
2025-05-01,2025-05-20,3.83,-27.0,-27.0
2025-05-01,2025-07-08,3.6548,-17.52,-44.52
2025-05-01,2025-08-12,3.39,-26.48,-71.0
2025-05-01,2025-09-30,3.2,-19.0,-90.0
2025-05-01,2025-11-04,3.0154,-18.46,-108.46
2025-05-01,2025-12-09,2.98,-3.54,-112.0
2025-05-01,2026-02-03,2.924,-5.6,-117.6
2025-05-01,2026-03-17,2.89,-3.4,-121.0
2025-05-01,2026-05-05,2.8542,-3.58,-124.58
2025-05-01,2026-06-16,2.85,-0.42,-125.0
2025-05-01,2026-08-11,2.8345,-1.55,-126.55
2025-05-01,2026-09-29,2.84,0.55,-126.0
2025-05-02,2025-05-20,3.83,-27.0,-27.0
2025-05-02,2025-07-08,3.6683,-16.17,-43.17
2025-05-02,2025-08-12,3.41,-25.83,-69.0
2025-05-02,2025-09-30,3.25,-16.0,-85.0
2025-05-02,2025-11-04,3.0423,-20.77,-105.77
2025-05-02,2025-12-09,3.01,-3.23,-109.0
2025-05-02,2026-02-03,2.954,-5.6,-114.6
2025-05-02,2026-03-17,2.92,-3.4,-118.0
2025-05-02,2026-05-05,2.8962,-2.38,-120.38
2025-05-02,2026-06-16,2.89,-0.62,-121.0
2025-05-02,2026-08-11,2.9055,1.55,-119.45
2025-05-02,2026-09-29,2.9,-0.55,-120.0
2025-05-05,2025-05-20,3.84,-26.0,-26.0
2025-05-05,2025-07-08,3.6917,-14.83,-40.83
2025-05-05,2025-08-12,3.44,-25.17,-66.0
2025-05-05,2025-09-30,3.28,-16.0,-82.0
2025-05-05,2025-11-04,3.0954,-18.46,-100.46
2025-05-05,2025-12-09,3.06,-3.54,-104.0
2025-05-05,2026-02-03,3.004,-5.6,-109.6
2025-05-05,2026-03-17,2.98,-2.4,-112.0
2025-05-05,2026-05-05,2.9562,-2.38,-114.38
2025-05-05,2026-06-16,2.96,0.38,-114.0
2025-05-05,2026-08-11,2.96,0.0,-114.0
2025-05-05,2026-09-29,2.98,2.0,-112.0
2025-05-06,2025-05-20,3.83,-27.0,-27.0
2025-05-06,2025-07-08,3.6817,-14.83,-41.83
2025-05-06,2025-08-12,3.44,-24.17,-66.0
2025-05-06,2025-09-30,3.28,-16.0,-82.0
2025-05-06,2025-11-04,3.1069,-17.31,-99.31
2025-05-06,2025-12-09,3.08,-2.69,-102.0
2025-05-06,2026-02-03,3.0352,-4.48,-106.48
2025-05-06,2026-03-17,3.01,-2.52,-109.0
2025-05-06,2026-05-05,2.9862,-2.38,-111.38
2025-05-06,2026-06-16,2.99,0.38,-111.0
2025-05-06,2026-08-11,3.0055,1.55,-109.45
2025-05-06,2026-09-29,3.02,1.45,-108.0
2025-05-07,2025-05-20,3.83,-27.0,-27.0
2025-05-07,2025-07-08,3.6683,-16.17,-43.17
2025-05-07,2025-08-12,3.42,-24.83,-68.0
2025-05-07,2025-09-30,3.26,-16.0,-84.0
2025-05-07,2025-11-04,3.0754,-18.46,-102.46
2025-05-07,2025-12-09,3.03,-4.54,-107.0
2025-05-07,2026-02-03,2.9852,-4.48,-111.48
2025-05-07,2026-03-17,2.95,-3.52,-115.0
2025-05-07,2026-05-05,2.9262,-2.38,-117.38
2025-05-07,2026-06-16,2.93,0.38,-117.0
2025-05-07,2026-08-11,2.9455,1.55,-115.45
2025-05-07,2026-09-29,2.95,0.45,-115.0
2025-05-08,2025-05-20,3.84,-26.0,-26.0
2025-05-08,2025-07-08,3.6783,-16.17,-42.17
2025-05-08,2025-08-12,3.43,-24.83,-67.0
2025-05-08,2025-09-30,3.28,-15.0,-82.0
2025-05-08,2025-11-04,3.1185,-16.15,-98.15
2025-05-08,2025-12-09,3.07,-4.85,-103.0
2025-05-08,2026-02-03,3.0252,-4.48,-107.48
2025-05-08,2026-03-17,2.98,-4.52,-112.0
2025-05-08,2026-05-05,2.9562,-2.38,-114.38
2025-05-08,2026-06-16,2.96,0.38,-114.0
2025-05-08,2026-08-11,2.991,3.1,-110.9
2025-05-08,2026-09-29,2.99,-0.1,-111.0
2025-05-09,2025-05-20,3.84,-26.0,-26.0
2025-05-09,2025-07-08,3.6917,-14.83,-40.83
2025-05-09,2025-08-12,3.45,-24.17,-65.0
2025-05-09,2025-09-30,3.32,-13.0,-78.0
2025-05-09,2025-11-04,3.1585,-16.15,-94.15
2025-05-09,2025-12-09,3.12,-3.85,-98.0
2025-05-09,2026-02-03,3.0752,-4.48,-102.48
2025-05-09,2026-03-17,3.04,-3.52,-106.0
2025-05-09,2026-05-05,3.0281,-1.19,-107.19
2025-05-09,2026-06-16,3.02,-0.81,-108.0
2025-05-09,2026-08-11,3.0355,1.55,-106.45
2025-05-09,2026-09-29,3.03,-0.55,-107.0
2025-05-12,2025-05-20,3.84,-26.0,-26.0
2025-05-12,2025-07-08,3.7052,-13.48,-39.48
2025-05-12,2025-08-12,3.51,-19.52,-59.0
2025-05-12,2025-09-30,3.38,-13.0,-72.0
2025-05-12,2025-11-04,3.2069,-17.31,-89.31
2025-05-12,2025-12-09,3.18,-2.69,-92.0
2025-05-12,2026-02-03,3.124,-5.6,-97.6
2025-05-12,2026-03-17,3.09,-3.4,-101.0
2025-05-12,2026-05-05,3.0781,-1.19,-102.19
2025-05-12,2026-06-16,3.07,-0.81,-103.0
2025-05-12,2026-08-11,3.07,0.0,-103.0
2025-05-12,2026-09-29,3.08,1.0,-102.0
2025-05-13,2025-05-20,3.84,-26.0,-26.0
2025-05-13,2025-07-08,3.7591,-8.09,-34.09
2025-05-13,2025-08-12,3.56,-19.91,-54.0
2025-05-13,2025-09-30,3.46,-10.0,-64.0
2025-05-13,2025-11-04,3.3215,-13.85,-77.85
2025-05-13,2025-12-09,3.28,-4.15,-82.0
2025-05-13,2026-02-03,3.2352,-4.48,-86.48
2025-05-13,2026-03-17,3.2,-3.52,-90.0
2025-05-13,2026-05-05,3.1881,-1.19,-91.19
2025-05-13,2026-06-16,3.18,-0.81,-92.0
2025-05-13,2026-08-11,3.18,-0.0,-92.0
2025-05-13,2026-09-29,3.2,2.0,-90.0
2025-05-14,2025-05-20,3.85,-25.0,-25.0
2025-05-14,2025-07-08,3.7691,-8.09,-33.09
2025-05-14,2025-08-12,3.56,-20.91,-54.0
2025-05-14,2025-09-30,3.48,-8.0,-62.0
2025-05-14,2025-11-04,3.3531,-12.69,-74.69
2025-05-14,2025-12-09,3.31,-4.31,-79.0
2025-05-14,2026-02-03,3.2652,-4.48,-83.48
2025-05-14,2026-03-17,3.23,-3.52,-87.0
2025-05-14,2026-05-05,3.2181,-1.19,-88.19
2025-05-14,2026-06-16,3.22,0.19,-88.0
2025-05-14,2026-08-11,3.22,0.0,-88.0
2025-05-14,2026-09-29,3.23,1.0,-87.0
2025-05-15,2025-05-20,3.85,-25.0,-25.0
2025-05-15,2025-07-08,3.7961,-5.39,-30.39
2025-05-15,2025-08-12,3.6,-19.61,-50.0
2025-05-15,2025-09-30,3.51,-9.0,-59.0
2025-05-15,2025-11-04,3.3831,-12.69,-71.69
2025-05-15,2025-12-09,3.34,-4.31,-76.0
2025-05-15,2026-02-03,3.3064,-3.36,-79.36
2025-05-15,2026-03-17,3.28,-2.64,-82.0
2025-05-15,2026-05-05,3.2562,-2.38,-84.38
2025-05-15,2026-06-16,3.26,0.38,-84.0
2025-05-15,2026-08-11,3.26,-0.0,-84.0
2025-05-15,2026-09-29,3.28,2.0,-82.0
2025-05-16,2025-05-20,3.86,-24.0,-24.0
2025-05-16,2025-07-08,3.7926,-6.74,-30.74
2025-05-16,2025-08-12,3.58,-21.26,-52.0
2025-05-16,2025-09-30,3.49,-9.0,-61.0
2025-05-16,2025-11-04,3.3631,-12.69,-73.69
2025-05-16,2025-12-09,3.32,-4.31,-78.0
2025-05-16,2026-02-03,3.2752,-4.48,-82.48
2025-05-16,2026-03-17,3.24,-3.52,-86.0
2025-05-16,2026-05-05,3.2281,-1.19,-87.19
2025-05-16,2026-06-16,3.22,-0.81,-88.0
2025-05-16,2026-08-11,3.22,0.0,-88.0
2025-05-16,2026-09-29,3.23,1.0,-87.0
2025-05-19,2025-05-20,3.85,-25.0,-25.0
2025-05-19,2025-07-08,3.7961,-5.39,-30.39
2025-05-19,2025-08-12,3.59,-20.61,-51.0
2025-05-19,2025-09-30,3.51,-8.0,-59.0
2025-05-19,2025-11-04,3.3831,-12.69,-71.69
2025-05-19,2025-12-09,3.35,-3.31,-75.0
2025-05-19,2026-02-03,3.3052,-4.48,-79.48
2025-05-19,2026-03-17,3.28,-2.52,-82.0
2025-05-19,2026-05-05,3.2562,-2.38,-84.38
2025-05-19,2026-06-16,3.26,0.38,-84.0
2025-05-19,2026-08-11,3.26,-0.0,-84.0
2025-05-19,2026-09-29,3.26,0.0,-84.0
2025-05-20,2025-05-20,3.84,-26.0,-26.0
2025-05-20,2025-07-08,3.6648,-17.52,-43.52
2025-05-20,2025-08-12,3.45,-21.48,-65.0
2025-05-20,2025-09-30,3.37,-8.0,-73.0
2025-05-20,2025-11-04,3.2315,-13.85,-86.85
2025-05-20,2025-12-09,3.18,-5.15,-92.0
2025-05-20,2026-02-03,3.124,-5.6,-97.6
2025-05-20,2026-03-17,3.09,-3.4,-101.0
2025-05-20,2026-05-05,3.0781,-1.19,-102.19
2025-05-20,2026-06-16,3.08,0.19,-102.0
2025-05-20,2026-08-11,3.0955,1.55,-100.45
2025-05-20,2026-09-29,3.1,0.45,-100.0
2025-05-21,2025-07-08,3.6883,-16.17,-16.17
2025-05-21,2025-08-12,3.45,-23.83,-40.0
2025-05-21,2025-09-30,3.36,-9.0,-49.0
2025-05-21,2025-11-04,3.21,-15.0,-64.0
2025-05-21,2025-12-09,3.15,-6.0,-70.0
2025-05-21,2026-02-03,3.094,-5.6,-75.6
2025-05-21,2026-03-17,3.07,-2.4,-78.0
2025-05-21,2026-05-05,3.07,0.0,-78.0
2025-05-21,2026-06-16,3.07,-0.0,-78.0
2025-05-21,2026-08-11,3.0855,1.55,-76.45
2025-05-21,2026-09-29,3.1,1.45,-75.0
2025-05-22,2025-07-08,3.6748,-17.52,-17.52
2025-05-22,2025-08-12,3.43,-24.48,-42.0
2025-05-22,2025-09-30,3.34,-9.0,-51.0
2025-05-22,2025-11-04,3.19,-15.0,-66.0
2025-05-22,2025-12-09,3.15,-4.0,-70.0
2025-05-22,2026-02-03,3.094,-5.6,-75.6
2025-05-22,2026-03-17,3.07,-2.4,-78.0
2025-05-22,2026-05-05,3.0581,-1.19,-79.19
2025-05-22,2026-06-16,3.07,1.19,-78.0
2025-05-22,2026-08-11,3.07,0.0,-78.0
2025-05-22,2026-09-29,3.09,2.0,-76.0
2025-05-23,2025-07-08,3.6883,-16.17,-16.17
2025-05-23,2025-08-12,3.45,-23.83,-40.0
2025-05-23,2025-09-30,3.35,-10.0,-50.0
2025-05-23,2025-11-04,3.1885,-16.15,-66.15
2025-05-23,2025-12-09,3.15,-3.85,-70.0
2025-05-23,2026-02-03,3.094,-5.6,-75.6
2025-05-23,2026-03-17,3.07,-2.4,-78.0
2025-05-23,2026-05-05,3.0581,-1.19,-79.19
2025-05-23,2026-06-16,3.07,1.19,-78.0
2025-05-23,2026-08-11,3.07,0.0,-78.0
2025-05-23,2026-09-29,3.09,2.0,-76.0
2025-05-26,2025-07-08,3.6613,-18.87,-18.87
2025-05-26,2025-08-12,3.42,-24.13,-43.0
2025-05-26,2025-09-30,3.34,-8.0,-51.0
2025-05-26,2025-11-04,3.1785,-16.15,-67.15
2025-05-26,2025-12-09,3.13,-4.85,-72.0
2025-05-26,2026-02-03,3.0628,-6.72,-78.72
2025-05-26,2026-03-17,3.04,-2.28,-81.0
2025-05-26,2026-05-05,3.0281,-1.19,-82.19
2025-05-26,2026-06-16,3.03,0.19,-82.0
2025-05-26,2026-08-11,3.0455,1.55,-80.45
2025-05-26,2026-09-29,3.05,0.45,-80.0
2025-05-27,2025-07-08,3.6478,-20.22,-20.22
2025-05-27,2025-08-12,3.42,-22.78,-43.0
2025-05-27,2025-09-30,3.32,-10.0,-53.0
2025-05-27,2025-11-04,3.17,-15.0,-68.0
2025-05-27,2025-12-09,3.1,-7.0,-75.0
2025-05-27,2026-02-03,3.0552,-4.48,-79.48
2025-05-27,2026-03-17,3.01,-4.52,-84.0
2025-05-27,2026-05-05,2.9862,-2.38,-86.38
2025-05-27,2026-06-16,2.99,0.38,-86.0
2025-05-27,2026-08-11,3.021,3.1,-82.9
2025-05-27,2026-09-29,3.02,-0.1,-83.0
2025-05-28,2025-07-08,3.6883,-16.17,-16.17
2025-05-28,2025-08-12,3.46,-22.83,-39.0
2025-05-28,2025-09-30,3.37,-9.0,-48.0
2025-05-28,2025-11-04,3.2085,-16.15,-64.15
2025-05-28,2025-12-09,3.15,-5.85,-70.0
2025-05-28,2026-02-03,3.0828,-6.72,-76.72
2025-05-28,2026-03-17,3.04,-4.28,-81.0
2025-05-28,2026-05-05,3.0281,-1.19,-82.19
2025-05-28,2026-06-16,3.03,0.19,-82.0
2025-05-28,2026-08-11,3.0455,1.55,-80.45
2025-05-28,2026-09-29,3.06,1.45,-79.0
2025-05-29,2025-07-08,3.7017,-14.83,-14.83
2025-05-29,2025-08-12,3.47,-23.17,-38.0
2025-05-29,2025-09-30,3.39,-8.0,-46.0
2025-05-29,2025-11-04,3.2285,-16.15,-62.15
2025-05-29,2025-12-09,3.17,-5.85,-68.0
2025-05-29,2026-02-03,3.1028,-6.72,-74.72
2025-05-29,2026-03-17,3.07,-3.28,-78.0
2025-05-29,2026-05-05,3.0581,-1.19,-79.19
2025-05-29,2026-06-16,3.06,0.19,-79.0
2025-05-29,2026-08-11,3.06,0.0,-79.0
2025-05-29,2026-09-29,3.08,2.0,-77.0
2025-05-30,2025-07-08,3.6613,-18.87,-18.87
2025-05-30,2025-08-12,3.42,-24.13,-43.0
2025-05-30,2025-09-30,3.32,-10.0,-53.0
2025-05-30,2025-11-04,3.1585,-16.15,-69.15
2025-05-30,2025-12-09,3.09,-6.85,-76.0
2025-05-30,2026-02-03,3.0116,-7.84,-83.84
2025-05-30,2026-03-17,2.98,-3.16,-87.0
2025-05-30,2026-05-05,2.9562,-2.38,-89.38
2025-05-30,2026-06-16,2.95,-0.62,-90.0
2025-05-30,2026-08-11,2.9655,1.55,-88.45
2025-05-30,2026-09-29,2.98,1.45,-87.0
2025-06-02,2025-07-08,3.6478,-20.22,-20.22
2025-06-02,2025-08-12,3.42,-22.78,-43.0
2025-06-02,2025-09-30,3.31,-11.0,-54.0
2025-06-02,2025-11-04,3.1254,-18.46,-72.46
2025-06-02,2025-12-09,3.07,-5.54,-78.0
2025-06-02,2026-02-03,3.0028,-6.72,-84.72
2025-06-02,2026-03-17,2.95,-5.28,-90.0
2025-06-02,2026-05-05,2.9381,-1.19,-91.19
2025-06-02,2026-06-16,2.93,-0.81,-92.0
2025-06-02,2026-08-11,2.9455,1.55,-90.45
2025-06-02,2026-09-29,2.95,0.45,-90.0
2025-06-02,2026-11-03,2.9722,2.22,-87.78
2025-06-03,2025-07-08,3.6478,-20.22,-20.22
2025-06-03,2025-08-12,3.4,-24.78,-45.0
2025-06-03,2025-09-30,3.29,-11.0,-56.0
2025-06-03,2025-11-04,3.1054,-18.46,-74.46
2025-06-03,2025-12-09,3.05,-5.54,-80.0
2025-06-03,2026-02-03,2.9716,-7.84,-87.84
2025-06-03,2026-03-17,2.93,-4.16,-92.0
2025-06-03,2026-05-05,2.9181,-1.19,-93.19
2025-06-03,2026-06-16,2.91,-0.81,-94.0
2025-06-03,2026-08-11,2.9255,1.55,-92.45
2025-06-03,2026-09-29,2.93,0.45,-92.0
2025-06-03,2026-11-03,2.9522,2.22,-89.78
2025-06-04,2025-07-08,3.6343,-21.57,-21.57
2025-06-04,2025-08-12,3.4,-23.43,-45.0
2025-06-04,2025-09-30,3.29,-11.0,-56.0
2025-06-04,2025-11-04,3.1169,-17.31,-73.31
2025-06-04,2025-12-09,3.05,-6.69,-80.0
2025-06-04,2026-02-03,2.9716,-7.84,-87.84
2025-06-04,2026-03-17,2.93,-4.16,-92.0
2025-06-04,2026-05-05,2.9181,-1.19,-93.19
2025-06-04,2026-06-16,2.92,0.19,-93.0
2025-06-04,2026-08-11,2.9355,1.55,-91.45
2025-06-04,2026-09-29,2.94,0.45,-91.0
2025-06-04,2026-11-03,2.9511,1.11,-89.89
2025-06-05,2025-07-08,3.6209,-22.91,-22.91
2025-06-05,2025-08-12,3.4,-22.09,-45.0
2025-06-05,2025-09-30,3.29,-11.0,-56.0
2025-06-05,2025-11-04,3.1054,-18.46,-74.46
2025-06-05,2025-12-09,3.05,-5.54,-80.0
2025-06-05,2026-02-03,2.9716,-7.84,-87.84
2025-06-05,2026-03-17,2.93,-4.16,-92.0
2025-06-05,2026-05-05,2.9181,-1.19,-93.19
2025-06-05,2026-06-16,2.92,0.19,-93.0
2025-06-05,2026-08-11,2.9355,1.55,-91.45
2025-06-05,2026-09-29,2.95,1.45,-90.0
2025-06-05,2026-11-03,2.9611,1.11,-88.89
2025-06-06,2025-07-08,3.6209,-22.91,-22.91
2025-06-06,2025-08-12,3.42,-20.09,-43.0
2025-06-06,2025-09-30,3.29,-13.0,-56.0
2025-06-06,2025-11-04,3.1285,-16.15,-72.15
2025-06-06,2025-12-09,3.07,-5.85,-78.0
2025-06-06,2026-02-03,3.0028,-6.72,-84.72
2025-06-06,2026-03-17,2.97,-3.28,-88.0
2025-06-06,2026-05-05,2.9581,-1.19,-89.19
2025-06-06,2026-06-16,2.98,2.19,-87.0
2025-06-06,2026-08-11,2.98,-0.0,-87.0
2025-06-06,2026-09-29,2.99,1.0,-86.0
2025-06-06,2026-11-03,3.0122,2.22,-83.78
2025-06-09,2025-07-08,3.6478,-20.22,-20.22
2025-06-09,2025-08-12,3.44,-20.78,-41.0
2025-06-09,2025-09-30,3.34,-10.0,-51.0
2025-06-09,2025-11-04,3.1785,-16.15,-67.15
2025-06-09,2025-12-09,3.12,-5.85,-73.0
2025-06-09,2026-02-03,3.0528,-6.72,-79.72
2025-06-09,2026-03-17,3.02,-3.28,-83.0
2025-06-09,2026-05-05,3.0081,-1.19,-84.19
2025-06-09,2026-06-16,3.03,2.19,-82.0
2025-06-09,2026-08-11,3.03,0.0,-82.0
2025-06-09,2026-09-29,3.04,1.0,-81.0
2025-06-09,2026-11-03,3.0733,3.33,-77.67
2025-06-10,2025-07-08,3.6478,-20.22,-20.22
2025-06-10,2025-08-12,3.43,-21.78,-42.0
2025-06-10,2025-09-30,3.34,-9.0,-51.0
2025-06-10,2025-11-04,3.1785,-16.15,-67.15
2025-06-10,2025-12-09,3.09,-8.85,-76.0
2025-06-10,2026-02-03,3.0116,-7.84,-83.84
2025-06-10,2026-03-17,2.98,-3.16,-87.0
2025-06-10,2026-05-05,2.9681,-1.19,-88.19
2025-06-10,2026-06-16,2.97,0.19,-88.0
2025-06-10,2026-08-11,2.9855,1.55,-86.45
2025-06-10,2026-09-29,2.99,0.45,-86.0
2025-06-10,2026-11-03,3.0122,2.22,-83.78
2025-06-11,2025-07-08,3.6478,-20.22,-20.22
2025-06-11,2025-08-12,3.46,-18.78,-39.0
2025-06-11,2025-09-30,3.37,-9.0,-48.0
2025-06-11,2025-11-04,3.2085,-16.15,-64.15
2025-06-11,2025-12-09,3.13,-7.85,-72.0
2025-06-11,2026-02-03,3.0628,-6.72,-78.72
2025-06-11,2026-03-17,3.02,-4.28,-83.0
2025-06-11,2026-05-05,3.0081,-1.19,-84.19
2025-06-11,2026-06-16,3.01,0.19,-84.0
2025-06-11,2026-08-11,3.01,-0.0,-84.0
2025-06-11,2026-09-29,3.04,3.0,-81.0
2025-06-11,2026-11-03,3.0511,1.11,-79.89
2025-06-12,2025-07-08,3.6343,-21.57,-21.57
2025-06-12,2025-08-12,3.45,-18.43,-40.0
2025-06-12,2025-09-30,3.34,-11.0,-51.0
2025-06-12,2025-11-04,3.1669,-17.31,-68.31
2025-06-12,2025-12-09,3.09,-7.69,-76.0
2025-06-12,2026-02-03,3.0004,-8.96,-84.96
2025-06-12,2026-03-17,2.96,-4.04,-89.0
2025-06-12,2026-05-05,2.9481,-1.19,-90.19
2025-06-12,2026-06-16,2.95,0.19,-90.0
2025-06-12,2026-08-11,2.9655,1.55,-88.45
2025-06-12,2026-09-29,2.98,1.45,-87.0
2025-06-12,2026-11-03,2.9911,1.11,-85.89
2025-06-13,2025-07-08,3.6209,-22.91,-22.91
2025-06-13,2025-08-12,3.41,-21.09,-44.0
2025-06-13,2025-09-30,3.3,-11.0,-55.0
2025-06-13,2025-11-04,3.1038,-19.62,-74.62
2025-06-13,2025-12-09,3.04,-6.38,-81.0
2025-06-13,2026-02-03,2.9392,-10.08,-91.08
2025-06-13,2026-03-17,2.91,-2.92,-94.0
2025-06-13,2026-05-05,2.8981,-1.19,-95.19
2025-06-13,2026-06-16,2.9,0.19,-95.0
2025-06-13,2026-08-11,2.9,-0.0,-95.0
2025-06-13,2026-09-29,2.93,3.0,-92.0
2025-06-13,2026-11-03,2.9522,2.22,-89.78
2025-06-16,2025-07-08,3.6343,-21.57,-21.57
2025-06-16,2025-08-12,3.44,-19.43,-41.0
2025-06-16,2025-09-30,3.32,-12.0,-53.0
2025-06-16,2025-11-04,3.1354,-18.46,-71.46
2025-06-16,2025-12-09,3.07,-6.54,-78.0
2025-06-16,2026-02-03,3.0028,-6.72,-84.72
2025-06-16,2026-03-17,2.97,-3.28,-88.0
2025-06-16,2026-05-05,2.9462,-2.38,-90.38
2025-06-16,2026-06-16,2.95,0.38,-90.0
2025-06-16,2026-08-11,2.9655,1.55,-88.45
2025-06-16,2026-09-29,2.98,1.45,-87.0
2025-06-16,2026-11-03,2.9911,1.11,-85.89
2025-06-17,2025-07-08,3.6343,-21.57,-21.57
2025-06-17,2025-08-12,3.43,-20.43,-42.0
2025-06-17,2025-09-30,3.32,-11.0,-53.0
2025-06-17,2025-11-04,3.1469,-17.31,-70.31
2025-06-17,2025-12-09,3.09,-5.69,-76.0
2025-06-17,2026-02-03,3.0228,-6.72,-82.72
2025-06-17,2026-03-17,2.99,-3.28,-86.0
2025-06-17,2026-05-05,2.9781,-1.19,-87.19
2025-06-17,2026-06-16,2.98,0.19,-87.0
2025-06-17,2026-08-11,2.9955,1.55,-85.45
2025-06-17,2026-09-29,3.01,1.45,-84.0
2025-06-17,2026-11-03,3.0322,2.22,-81.78
2025-06-18,2025-07-08,3.6343,-21.57,-21.57
2025-06-18,2025-08-12,3.44,-19.43,-41.0
2025-06-18,2025-09-30,3.34,-10.0,-51.0
2025-06-18,2025-11-04,3.1554,-18.46,-69.46
2025-06-18,2025-12-09,3.1,-5.54,-75.0
2025-06-18,2026-02-03,3.0328,-6.72,-81.72
2025-06-18,2026-03-17,3.0,-3.28,-85.0
2025-06-18,2026-05-05,2.9881,-1.19,-86.19
2025-06-18,2026-06-16,2.98,-0.81,-87.0
2025-06-18,2026-08-11,2.9955,1.55,-85.45
2025-06-18,2026-09-29,3.01,1.45,-84.0
2025-06-18,2026-11-03,3.0322,2.22,-81.78
2025-06-19,2025-07-08,3.6478,-20.22,-20.22
2025-06-19,2025-08-12,3.46,-18.78,-39.0
2025-06-19,2025-09-30,3.37,-9.0,-48.0
2025-06-19,2025-11-04,3.1854,-18.46,-66.46
2025-06-19,2025-12-09,3.12,-6.54,-73.0
2025-06-19,2026-02-03,3.0528,-6.72,-79.72
2025-06-19,2026-03-17,3.01,-4.28,-84.0
2025-06-19,2026-05-05,2.9862,-2.38,-86.38
2025-06-19,2026-06-16,2.98,-0.62,-87.0
2025-06-19,2026-08-11,2.98,-0.0,-87.0
2025-06-19,2026-09-29,2.99,1.0,-86.0
2025-06-19,2026-11-03,3.0122,2.22,-83.78
2025-06-20,2025-07-08,3.6343,-21.57,-21.57
2025-06-20,2025-08-12,3.44,-19.43,-41.0
2025-06-20,2025-09-30,3.34,-10.0,-51.0
2025-06-20,2025-11-04,3.1554,-18.46,-69.46
2025-06-20,2025-12-09,3.09,-6.54,-76.0
2025-06-20,2026-02-03,3.0228,-6.72,-82.72
2025-06-20,2026-03-17,2.98,-4.28,-87.0
2025-06-20,2026-05-05,2.9562,-2.38,-89.38
2025-06-20,2026-06-16,2.95,-0.62,-90.0
2025-06-20,2026-08-11,2.95,0.0,-90.0
2025-06-20,2026-09-29,2.96,1.0,-89.0
2025-06-20,2026-11-03,2.9822,2.22,-86.78
2025-06-23,2025-07-08,3.6343,-21.57,-21.57
2025-06-23,2025-08-12,3.44,-19.43,-41.0
2025-06-23,2025-09-30,3.34,-10.0,-51.0
2025-06-23,2025-11-04,3.1554,-18.46,-69.46
2025-06-23,2025-12-09,3.1,-5.54,-75.0
2025-06-23,2026-02-03,3.0216,-7.84,-82.84
2025-06-23,2026-03-17,2.99,-3.16,-86.0
2025-06-23,2026-05-05,2.9662,-2.38,-88.38
2025-06-23,2026-06-16,2.95,-1.62,-90.0
2025-06-23,2026-08-11,2.95,0.0,-90.0
2025-06-23,2026-09-29,2.96,1.0,-89.0
2025-06-23,2026-11-03,2.9711,1.11,-87.89
2025-06-24,2025-07-08,3.6209,-22.91,-22.91
2025-06-24,2025-08-12,3.43,-19.09,-42.0
2025-06-24,2025-09-30,3.33,-10.0,-52.0
2025-06-24,2025-11-04,3.1454,-18.46,-70.46
2025-06-24,2025-12-09,3.07,-7.54,-78.0
2025-06-24,2026-02-03,2.9804,-8.96,-86.96
2025-06-24,2026-03-17,2.95,-3.04,-90.0
2025-06-24,2026-05-05,2.9262,-2.38,-92.38
2025-06-24,2026-06-16,2.91,-1.62,-94.0
2025-06-24,2026-08-11,2.91,0.0,-94.0
2025-06-24,2026-09-29,2.92,1.0,-93.0
2025-06-24,2026-11-03,2.9311,1.11,-91.89
2025-06-25,2025-07-08,3.6209,-22.91,-22.91
2025-06-25,2025-08-12,3.4,-22.09,-45.0
2025-06-25,2025-09-30,3.29,-11.0,-56.0
2025-06-25,2025-11-04,3.0938,-19.62,-75.62
2025-06-25,2025-12-09,3.02,-7.38,-83.0
2025-06-25,2026-02-03,2.9192,-10.08,-93.08
2025-06-25,2026-03-17,2.89,-2.92,-96.0
2025-06-25,2026-05-05,2.8662,-2.38,-98.38
2025-06-25,2026-06-16,2.86,-0.62,-99.0
2025-06-25,2026-08-11,2.8755,1.55,-97.45
2025-06-25,2026-09-29,2.89,1.45,-96.0
2025-06-25,2026-11-03,2.9011,1.11,-94.89
2025-06-26,2025-07-08,3.6074,-24.26,-24.26
2025-06-26,2025-08-12,3.4,-20.74,-45.0
2025-06-26,2025-09-30,3.29,-11.0,-56.0
2025-06-26,2025-11-04,3.1054,-18.46,-74.46
2025-06-26,2025-12-09,3.03,-7.54,-82.0
2025-06-26,2026-02-03,2.9292,-10.08,-92.08
2025-06-26,2026-03-17,2.9,-2.92,-95.0
2025-06-26,2026-05-05,2.8881,-1.19,-96.19
2025-06-26,2026-06-16,2.87,-1.81,-98.0
2025-06-26,2026-08-11,2.87,0.0,-98.0
2025-06-26,2026-09-29,2.89,2.0,-96.0
2025-06-26,2026-11-03,2.9011,1.11,-94.89
2025-06-27,2025-07-08,3.6074,-24.26,-24.26
2025-06-27,2025-08-12,3.4,-20.74,-45.0
2025-06-27,2025-09-30,3.29,-11.0,-56.0
2025-06-27,2025-11-04,3.1169,-17.31,-73.31
2025-06-27,2025-12-09,3.03,-8.69,-82.0
2025-06-27,2026-02-03,2.9404,-8.96,-90.96
2025-06-27,2026-03-17,2.9,-4.04,-95.0
2025-06-27,2026-05-05,2.8881,-1.19,-96.19
2025-06-27,2026-06-16,2.87,-1.81,-98.0
2025-06-27,2026-08-11,2.87,0.0,-98.0
2025-06-27,2026-09-29,2.89,2.0,-96.0
2025-06-27,2026-11-03,2.9011,1.11,-94.89
2025-06-30,2025-07-08,3.6074,-24.26,-24.26
2025-06-30,2025-08-12,3.41,-19.74,-44.0
2025-06-30,2025-09-30,3.3,-11.0,-55.0
2025-06-30,2025-11-04,3.1038,-19.62,-74.62
2025-06-30,2025-12-09,3.04,-6.38,-81.0
2025-06-30,2026-02-03,2.9504,-8.96,-89.96
2025-06-30,2026-03-17,2.92,-3.04,-93.0
2025-06-30,2026-05-05,2.8962,-2.38,-95.38
2025-06-30,2026-06-16,2.87,-2.62,-98.0
2025-06-30,2026-08-11,2.8855,1.55,-96.45
2025-06-30,2026-09-29,2.9,1.45,-95.0
2025-06-30,2026-11-03,2.9222,2.22,-92.78
2025-07-01,2025-07-08,3.6074,-24.26,-24.26
2025-07-01,2025-08-12,3.4,-20.74,-45.0
2025-07-01,2025-09-30,3.29,-11.0,-56.0
2025-07-01,2025-11-04,3.1054,-18.46,-74.46
2025-07-01,2025-12-09,3.01,-9.54,-84.0
2025-07-01,2026-02-03,2.9204,-8.96,-92.96
2025-07-01,2026-03-17,2.89,-3.04,-96.0
2025-07-01,2026-05-05,2.8662,-2.38,-98.38
2025-07-01,2026-06-16,2.85,-1.62,-100.0
2025-07-01,2026-08-11,2.8655,1.55,-98.45
2025-07-01,2026-09-29,2.88,1.45,-97.0
2025-07-01,2026-11-03,2.9022,2.22,-94.78
2025-07-01,2026-12-08,2.9127,1.05,-93.73
2025-07-02,2025-07-08,3.6074,-24.26,-24.26
2025-07-02,2025-08-12,3.4,-20.74,-45.0
2025-07-02,2025-09-30,3.29,-11.0,-56.0
2025-07-02,2025-11-04,3.1054,-18.46,-74.46
2025-07-02,2025-12-09,3.04,-6.54,-81.0
2025-07-02,2026-02-03,2.9392,-10.08,-91.08
2025-07-02,2026-03-17,2.92,-1.92,-93.0
2025-07-02,2026-05-05,2.8962,-2.38,-95.38
2025-07-02,2026-06-16,2.89,-0.62,-96.0
2025-07-02,2026-08-11,2.89,0.0,-96.0
2025-07-02,2026-09-29,2.92,3.0,-93.0
2025-07-02,2026-11-03,2.9311,1.11,-91.89
2025-07-02,2026-12-08,2.9431,1.2,-90.69
2025-07-03,2025-07-08,3.6074,-24.26,-24.26
2025-07-03,2025-08-12,3.4,-20.74,-45.0
2025-07-03,2025-09-30,3.31,-9.0,-54.0
2025-07-03,2025-11-04,3.1254,-18.46,-72.46
2025-07-03,2025-12-09,3.04,-8.54,-81.0
2025-07-03,2026-02-03,2.9504,-8.96,-89.96
2025-07-03,2026-03-17,2.93,-2.04,-92.0
2025-07-03,2026-05-05,2.9181,-1.19,-93.19
2025-07-03,2026-06-16,2.91,-0.81,-94.0
2025-07-03,2026-08-11,2.9255,1.55,-92.45
2025-07-03,2026-09-29,2.93,0.45,-92.0
2025-07-03,2026-11-03,2.9522,2.22,-89.78
2025-07-03,2026-12-08,2.9627,1.05,-88.73
2025-07-04,2025-07-08,3.6074,-24.26,-24.26
2025-07-04,2025-08-12,3.43,-17.74,-42.0
2025-07-04,2025-09-30,3.33,-10.0,-52.0
2025-07-04,2025-11-04,3.1569,-17.31,-69.31
2025-07-04,2025-12-09,3.07,-8.69,-78.0
2025-07-04,2026-02-03,2.9804,-8.96,-86.96
2025-07-04,2026-03-17,2.96,-2.04,-89.0
2025-07-04,2026-05-05,2.9481,-1.19,-90.19
2025-07-04,2026-06-16,2.94,-0.81,-91.0
2025-07-04,2026-08-11,2.94,0.0,-91.0
2025-07-04,2026-09-29,2.96,2.0,-89.0
2025-07-04,2026-11-03,2.9822,2.22,-86.78
2025-07-04,2026-12-08,2.9927,1.05,-85.73
2025-07-07,2025-07-08,3.6074,-24.26,-24.26
2025-07-07,2025-08-12,3.43,-17.74,-42.0
2025-07-07,2025-09-30,3.33,-10.0,-52.0
2025-07-07,2025-11-04,3.1569,-17.31,-69.31
2025-07-07,2025-12-09,3.06,-9.69,-79.0
2025-07-07,2026-02-03,2.9704,-8.96,-87.96
2025-07-07,2026-03-17,2.95,-2.04,-90.0
2025-07-07,2026-05-05,2.9381,-1.19,-91.19
2025-07-07,2026-06-16,2.93,-0.81,-92.0
2025-07-07,2026-08-11,2.93,-0.0,-92.0
2025-07-07,2026-09-29,2.95,2.0,-90.0
2025-07-07,2026-11-03,2.9722,2.22,-87.78
2025-07-07,2026-12-08,2.9827,1.05,-86.73
2025-07-08,2025-07-08,3.8365,-1.35,-1.35
2025-07-08,2025-08-12,3.62,-21.65,-23.0
2025-07-08,2025-09-30,3.51,-11.0,-34.0
2025-07-08,2025-11-04,3.2908,-21.92,-55.92
2025-07-08,2025-12-09,3.2,-9.08,-65.0
2025-07-08,2026-02-03,3.088,-11.2,-76.2
2025-07-08,2026-03-17,3.06,-2.8,-79.0
2025-07-08,2026-05-05,3.0362,-2.38,-81.38
2025-07-08,2026-06-16,3.03,-0.62,-82.0
2025-07-08,2026-08-11,3.03,0.0,-82.0
2025-07-08,2026-09-29,3.04,1.0,-81.0
2025-07-08,2026-11-03,3.0511,1.11,-79.89
2025-07-08,2026-12-08,3.0766,2.55,-77.34
2025-07-09,2025-08-12,3.62,-23.0,-23.0
2025-07-09,2025-09-30,3.54,-8.0,-31.0
2025-07-09,2025-11-04,3.3323,-20.77,-51.77
2025-07-09,2025-12-09,3.23,-10.23,-62.0
2025-07-09,2026-02-03,3.118,-11.2,-73.2
2025-07-09,2026-03-17,3.09,-2.8,-76.0
2025-07-09,2026-05-05,3.0662,-2.38,-78.38
2025-07-09,2026-06-16,3.06,-0.62,-79.0
2025-07-09,2026-08-11,3.0755,1.55,-77.45
2025-07-09,2026-09-29,3.08,0.45,-77.0
2025-07-09,2026-11-03,3.0911,1.11,-75.89
2025-07-09,2026-12-08,3.1166,2.55,-73.34
2025-07-10,2025-08-12,3.62,-23.0,-23.0
2025-07-10,2025-09-30,3.53,-9.0,-32.0
2025-07-10,2025-11-04,3.3454,-18.46,-50.46
2025-07-10,2025-12-09,3.24,-10.54,-61.0
2025-07-10,2026-02-03,3.1056,-13.44,-74.44
2025-07-10,2026-03-17,3.09,-1.56,-76.0
2025-07-10,2026-05-05,3.0662,-2.38,-78.38
2025-07-10,2026-06-16,3.05,-1.62,-80.0
2025-07-10,2026-08-11,3.05,0.0,-80.0
2025-07-10,2026-09-29,3.07,2.0,-78.0
2025-07-10,2026-11-03,3.07,0.0,-78.0
2025-07-10,2026-12-08,3.097,2.7,-75.3
2025-07-11,2025-08-12,3.62,-23.0,-23.0
2025-07-11,2025-09-30,3.53,-9.0,-32.0
2025-07-11,2025-11-04,3.3338,-19.62,-51.62
2025-07-11,2025-12-09,3.24,-9.38,-61.0
2025-07-11,2026-02-03,3.1056,-13.44,-74.44
2025-07-11,2026-03-17,3.09,-1.56,-76.0
2025-07-11,2026-05-05,3.0662,-2.38,-78.38
2025-07-11,2026-06-16,3.06,-0.62,-79.0
2025-07-11,2026-08-11,3.06,0.0,-79.0
2025-07-11,2026-09-29,3.07,1.0,-78.0
2025-07-11,2026-11-03,3.0811,1.11,-76.89
2025-07-11,2026-12-08,3.0931,1.2,-75.69
2025-07-14,2025-08-12,3.62,-23.0,-23.0
2025-07-14,2025-09-30,3.54,-8.0,-31.0
2025-07-14,2025-11-04,3.3438,-19.62,-50.62
2025-07-14,2025-12-09,3.26,-8.38,-59.0
2025-07-14,2026-02-03,3.1368,-12.32,-71.32
2025-07-14,2026-03-17,3.12,-1.68,-73.0
2025-07-14,2026-05-05,3.0962,-2.38,-75.38
2025-07-14,2026-06-16,3.09,-0.62,-76.0
2025-07-14,2026-08-11,3.09,0.0,-76.0
2025-07-14,2026-09-29,3.11,2.0,-74.0
2025-07-14,2026-11-03,3.1211,1.11,-72.89
2025-07-14,2026-12-08,3.1331,1.2,-71.69
2025-07-15,2025-08-12,3.62,-23.0,-23.0
2025-07-15,2025-09-30,3.54,-8.0,-31.0
2025-07-15,2025-11-04,3.3669,-17.31,-48.31
2025-07-15,2025-12-09,3.28,-8.69,-57.0
2025-07-15,2026-02-03,3.1456,-13.44,-70.44
2025-07-15,2026-03-17,3.14,-0.56,-71.0
2025-07-15,2026-05-05,3.1162,-2.38,-73.38
2025-07-15,2026-06-16,3.12,0.38,-73.0
2025-07-15,2026-08-11,3.12,0.0,-73.0
2025-07-15,2026-09-29,3.13,1.0,-72.0
2025-07-15,2026-11-03,3.1522,2.22,-69.78
2025-07-15,2026-12-08,3.1492,-0.3,-70.08
2025-07-16,2025-08-12,3.62,-23.0,-23.0
2025-07-16,2025-09-30,3.55,-7.0,-30.0
2025-07-16,2025-11-04,3.3654,-18.46,-48.46
2025-07-16,2025-12-09,3.29,-7.54,-56.0
2025-07-16,2026-02-03,3.1892,-10.08,-66.08
2025-07-16,2026-03-17,3.17,-1.92,-68.0
2025-07-16,2026-05-05,3.1462,-2.38,-70.38
2025-07-16,2026-06-16,3.14,-0.62,-71.0
2025-07-16,2026-08-11,3.1555,1.55,-69.45
2025-07-16,2026-09-29,3.15,-0.55,-70.0
2025-07-16,2026-11-03,3.1722,2.22,-67.78
2025-07-16,2026-12-08,3.1692,-0.3,-68.08
2025-07-17,2025-08-12,3.59,-26.0,-26.0
2025-07-17,2025-09-30,3.47,-12.0,-38.0
2025-07-17,2025-11-04,3.2854,-18.46,-56.46
2025-07-17,2025-12-09,3.2,-8.54,-65.0
2025-07-17,2026-02-03,3.0768,-12.32,-77.32
2025-07-17,2026-03-17,3.07,-0.68,-78.0
2025-07-17,2026-05-05,3.0462,-2.38,-80.38
2025-07-17,2026-06-16,3.04,-0.62,-81.0
2025-07-17,2026-08-11,3.0555,1.55,-79.45
2025-07-17,2026-09-29,3.06,0.45,-79.0
2025-07-17,2026-11-03,3.0711,1.11,-77.89
2025-07-17,2026-12-08,3.0831,1.2,-76.69
2025-07-18,2025-08-12,3.59,-26.0,-26.0
2025-07-18,2025-09-30,3.46,-13.0,-39.0
2025-07-18,2025-11-04,3.2638,-19.62,-58.62
2025-07-18,2025-12-09,3.18,-8.38,-67.0
2025-07-18,2026-02-03,3.0568,-12.32,-79.32
2025-07-18,2026-03-17,3.05,-0.68,-80.0
2025-07-18,2026-05-05,3.0262,-2.38,-82.38
2025-07-18,2026-06-16,3.02,-0.62,-83.0
2025-07-18,2026-08-11,3.02,0.0,-83.0
2025-07-18,2026-09-29,3.03,1.0,-82.0
2025-07-18,2026-11-03,3.0411,1.11,-80.89
2025-07-18,2026-12-08,3.0396,-0.15,-81.04
2025-07-21,2025-08-12,3.59,-26.0,-26.0
2025-07-21,2025-09-30,3.45,-14.0,-40.0
2025-07-21,2025-11-04,3.2769,-17.31,-57.31
2025-07-21,2025-12-09,3.2,-7.69,-65.0
2025-07-21,2026-02-03,3.0768,-12.32,-77.32
2025-07-21,2026-03-17,3.07,-0.68,-78.0
2025-07-21,2026-05-05,3.0342,-3.58,-81.58
2025-07-21,2026-06-16,3.03,-0.42,-82.0
2025-07-21,2026-08-11,3.03,0.0,-82.0
2025-07-21,2026-09-29,3.04,1.0,-81.0
2025-07-21,2026-11-03,3.04,0.0,-81.0
2025-07-21,2026-12-08,3.067,2.7,-78.3
2025-07-22,2025-08-12,3.59,-26.0,-26.0
2025-07-22,2025-09-30,3.46,-13.0,-39.0
2025-07-22,2025-11-04,3.2869,-17.31,-56.31
2025-07-22,2025-12-09,3.2,-8.69,-65.0
2025-07-22,2026-02-03,3.0768,-12.32,-77.32
2025-07-22,2026-03-17,3.07,-0.68,-78.0
2025-07-22,2026-05-05,3.0342,-3.58,-81.58
2025-07-22,2026-06-16,3.04,0.58,-81.0
2025-07-22,2026-08-11,3.04,-0.0,-81.0
2025-07-22,2026-09-29,3.04,0.0,-81.0
2025-07-22,2026-11-03,3.0622,2.22,-78.78
2025-07-22,2026-12-08,3.0727,1.05,-77.73
2025-07-23,2025-08-12,3.59,-26.0,-26.0
2025-07-23,2025-09-30,3.46,-13.0,-39.0
2025-07-23,2025-11-04,3.2754,-18.46,-57.46
2025-07-23,2025-12-09,3.2,-7.54,-65.0
2025-07-23,2026-02-03,3.0768,-12.32,-77.32
2025-07-23,2026-03-17,3.07,-0.68,-78.0
2025-07-23,2026-05-05,3.0342,-3.58,-81.58
2025-07-23,2026-06-16,3.03,-0.42,-82.0
2025-07-23,2026-08-11,3.03,0.0,-82.0
2025-07-23,2026-09-29,3.04,1.0,-81.0
2025-07-23,2026-11-03,3.04,0.0,-81.0
2025-07-23,2026-12-08,3.067,2.7,-78.3
2025-07-24,2025-08-12,3.6,-25.0,-25.0
2025-07-24,2025-09-30,3.51,-9.0,-34.0
2025-07-24,2025-11-04,3.3485,-16.15,-50.15
2025-07-24,2025-12-09,3.26,-8.85,-59.0
2025-07-24,2026-02-03,3.1368,-12.32,-71.32
2025-07-24,2026-03-17,3.13,-0.68,-72.0
2025-07-24,2026-05-05,3.1062,-2.38,-74.38
2025-07-24,2026-06-16,3.1,-0.62,-75.0
2025-07-24,2026-08-11,3.1,0.0,-75.0
2025-07-24,2026-09-29,3.09,-1.0,-76.0
2025-07-24,2026-11-03,3.1011,1.11,-74.89
2025-07-24,2026-12-08,3.1131,1.2,-73.69
2025-07-25,2025-08-12,3.6,-25.0,-25.0
2025-07-25,2025-09-30,3.52,-8.0,-33.0
2025-07-25,2025-11-04,3.3469,-17.31,-50.31
2025-07-25,2025-12-09,3.27,-7.69,-58.0
2025-07-25,2026-02-03,3.158,-11.2,-69.2
2025-07-25,2026-03-17,3.15,-0.8,-70.0
2025-07-25,2026-05-05,3.1262,-2.38,-72.38
2025-07-25,2026-06-16,3.12,-0.62,-73.0
2025-07-25,2026-08-11,3.1045,-1.55,-74.55
2025-07-25,2026-09-29,3.12,1.55,-73.0
2025-07-25,2026-11-03,3.12,0.0,-73.0
2025-07-25,2026-12-08,3.1335,1.35,-71.65
2025-07-28,2025-08-12,3.61,-24.0,-24.0
2025-07-28,2025-09-30,3.53,-8.0,-32.0
2025-07-28,2025-11-04,3.3569,-17.31,-49.31
2025-07-28,2025-12-09,3.27,-8.69,-58.0
2025-07-28,2026-02-03,3.1468,-12.32,-70.32
2025-07-28,2026-03-17,3.14,-0.68,-71.0
2025-07-28,2026-05-05,3.1162,-2.38,-73.38
2025-07-28,2026-06-16,3.11,-0.62,-74.0
2025-07-28,2026-08-11,3.11,0.0,-74.0
2025-07-28,2026-09-29,3.12,1.0,-73.0
2025-07-28,2026-11-03,3.12,0.0,-73.0
2025-07-28,2026-12-08,3.1335,1.35,-71.65
2025-07-29,2025-08-12,3.62,-23.0,-23.0
2025-07-29,2025-09-30,3.53,-9.0,-32.0
2025-07-29,2025-11-04,3.3454,-18.46,-50.46
2025-07-29,2025-12-09,3.26,-8.54,-59.0
2025-07-29,2026-02-03,3.1256,-13.44,-72.44
2025-07-29,2026-03-17,3.12,-0.56,-73.0
2025-07-29,2026-05-05,3.0962,-2.38,-75.38
2025-07-29,2026-06-16,3.09,-0.62,-76.0
2025-07-29,2026-08-11,3.09,0.0,-76.0
2025-07-29,2026-09-29,3.09,0.0,-76.0
2025-07-29,2026-11-03,3.1011,1.11,-74.89
2025-07-29,2026-12-08,3.1131,1.2,-73.69
2025-07-30,2025-08-12,3.59,-26.0,-26.0
2025-07-30,2025-09-30,3.49,-10.0,-36.0
2025-07-30,2025-11-04,3.2938,-19.62,-55.62
2025-07-30,2025-12-09,3.2,-9.38,-65.0
2025-07-30,2026-02-03,3.0656,-13.44,-78.44
2025-07-30,2026-03-17,3.06,-0.56,-79.0
2025-07-30,2026-05-05,3.0242,-3.58,-82.58
2025-07-30,2026-06-16,3.03,0.58,-82.0
2025-07-30,2026-08-11,3.03,0.0,-82.0
2025-07-30,2026-09-29,3.04,1.0,-81.0
2025-07-30,2026-11-03,3.04,0.0,-81.0
2025-07-30,2026-12-08,3.0535,1.35,-79.65
2025-07-31,2025-08-12,3.59,-26.0,-26.0
2025-07-31,2025-09-30,3.51,-8.0,-34.0
2025-07-31,2025-11-04,3.3138,-19.62,-53.62
2025-07-31,2025-12-09,3.24,-7.38,-61.0
2025-07-31,2026-02-03,3.1056,-13.44,-74.44
2025-07-31,2026-03-17,3.1,-0.56,-75.0
2025-07-31,2026-05-05,3.0642,-3.58,-78.58
2025-07-31,2026-06-16,3.06,-0.42,-79.0
2025-07-31,2026-08-11,3.06,0.0,-79.0
2025-07-31,2026-09-29,3.07,1.0,-78.0
2025-07-31,2026-11-03,3.07,0.0,-78.0
2025-07-31,2026-12-08,3.0835,1.35,-76.65
2025-08-01,2025-08-12,3.59,-26.0,-26.0
2025-08-01,2025-09-30,3.52,-7.0,-33.0
2025-08-01,2025-11-04,3.3469,-17.31,-50.31
2025-08-01,2025-12-09,3.26,-8.69,-59.0
2025-08-01,2026-02-03,3.1592,-10.08,-69.08
2025-08-01,2026-03-17,3.15,-0.92,-70.0
2025-08-01,2026-05-05,3.1023,-4.77,-74.77
2025-08-01,2026-06-16,3.1,-0.23,-75.0
2025-08-01,2026-08-11,3.1,0.0,-75.0
2025-08-01,2026-09-29,3.11,1.0,-74.0
2025-08-01,2026-11-03,3.1211,1.11,-72.89
2025-08-01,2026-12-08,3.12,-0.11,-73.0
2025-08-04,2025-08-12,3.59,-26.0,-26.0
2025-08-04,2025-09-30,3.51,-8.0,-34.0
2025-08-04,2025-11-04,3.2908,-21.92,-55.92
2025-08-04,2025-12-09,3.2,-9.08,-65.0
2025-08-04,2026-02-03,3.088,-11.2,-76.2
2025-08-04,2026-03-17,3.09,0.2,-76.0
2025-08-04,2026-05-05,3.0423,-4.77,-80.77
2025-08-04,2026-06-16,3.04,-0.23,-81.0
2025-08-04,2026-08-11,3.04,-0.0,-81.0
2025-08-04,2026-09-29,3.05,1.0,-80.0
2025-08-04,2026-11-03,3.0611,1.11,-78.89
2025-08-04,2026-12-08,3.07,0.89,-78.0
2025-08-05,2025-08-12,3.59,-26.0,-26.0
2025-08-05,2025-09-30,3.49,-10.0,-36.0
2025-08-05,2025-11-04,3.2823,-20.77,-56.77
2025-08-05,2025-12-09,3.2,-8.23,-65.0
2025-08-05,2026-02-03,3.0768,-12.32,-77.32
2025-08-05,2026-03-17,3.07,-0.68,-78.0
2025-08-05,2026-05-05,3.0223,-4.77,-82.77
2025-08-05,2026-06-16,3.01,-1.23,-84.0
2025-08-05,2026-08-11,3.01,-0.0,-84.0
2025-08-05,2026-09-29,3.01,0.0,-84.0
2025-08-05,2026-11-03,3.0211,1.11,-82.89
2025-08-05,2026-12-08,3.03,0.89,-82.0
2025-08-06,2025-08-12,3.59,-26.0,-26.0
2025-08-06,2025-09-30,3.51,-8.0,-34.0
2025-08-06,2025-11-04,3.3138,-19.62,-53.62
2025-08-06,2025-12-09,3.23,-8.38,-62.0
2025-08-06,2026-02-03,3.1068,-12.32,-74.32
2025-08-06,2026-03-17,3.09,-1.68,-76.0
2025-08-06,2026-05-05,3.0662,-2.38,-78.38
2025-08-06,2026-06-16,3.05,-1.62,-80.0
2025-08-06,2026-08-11,3.05,0.0,-80.0
2025-08-06,2026-09-29,3.05,0.0,-80.0
2025-08-06,2026-11-03,3.05,0.0,-80.0
2025-08-06,2026-12-08,3.06,1.0,-79.0
2025-08-07,2025-08-12,3.59,-26.0,-26.0
2025-08-07,2025-09-30,3.51,-8.0,-34.0
2025-08-07,2025-11-04,3.3138,-19.62,-53.62
2025-08-07,2025-12-09,3.22,-9.38,-63.0
2025-08-07,2026-02-03,3.0856,-13.44,-76.44
2025-08-07,2026-03-17,3.08,-0.56,-77.0
2025-08-07,2026-05-05,3.0323,-4.77,-81.77
2025-08-07,2026-06-16,3.03,-0.23,-82.0
2025-08-07,2026-08-11,3.03,0.0,-82.0
2025-08-07,2026-09-29,3.03,0.0,-82.0
2025-08-07,2026-11-03,3.03,-0.0,-82.0
2025-08-07,2026-12-08,3.04,1.0,-81.0
2025-08-08,2025-08-12,3.59,-26.0,-26.0
2025-08-08,2025-09-30,3.51,-8.0,-34.0
2025-08-08,2025-11-04,3.3023,-20.77,-54.77
2025-08-08,2025-12-09,3.23,-7.23,-62.0
2025-08-08,2026-02-03,3.1068,-12.32,-74.32
2025-08-08,2026-03-17,3.09,-1.68,-76.0
2025-08-08,2026-05-05,3.0542,-3.58,-79.58
2025-08-08,2026-06-16,3.04,-1.42,-81.0
2025-08-08,2026-08-11,3.04,-0.0,-81.0
2025-08-08,2026-09-29,3.05,1.0,-80.0
2025-08-08,2026-11-03,3.0611,1.11,-78.89
2025-08-08,2026-12-08,3.06,-0.11,-79.0
2025-08-11,2025-08-12,3.59,-26.0,-26.0
2025-08-11,2025-09-30,3.51,-8.0,-34.0
2025-08-11,2025-11-04,3.3138,-19.62,-53.62
2025-08-11,2025-12-09,3.23,-8.38,-62.0
2025-08-11,2026-02-03,3.1068,-12.32,-74.32
2025-08-11,2026-03-17,3.09,-1.68,-76.0
2025-08-11,2026-05-05,3.0542,-3.58,-79.58
2025-08-11,2026-06-16,3.04,-1.42,-81.0
2025-08-11,2026-08-11,3.04,-0.0,-81.0
2025-08-11,2026-09-29,3.04,0.0,-81.0
2025-08-11,2026-11-03,3.04,0.0,-81.0
2025-08-11,2026-12-08,3.05,1.0,-80.0
2025-08-12,2025-08-12,3.59,-26.0,-26.0
2025-08-12,2025-09-30,3.51,-8.0,-34.0
2025-08-12,2025-11-04,3.3138,-19.62,-53.62
2025-08-12,2025-12-09,3.23,-8.38,-62.0
2025-08-12,2026-02-03,3.0956,-13.44,-75.44
2025-08-12,2026-03-17,3.09,-0.56,-76.0
2025-08-12,2026-05-05,3.0304,-5.96,-81.96
2025-08-12,2026-06-16,3.03,-0.04,-82.0
2025-08-12,2026-08-11,3.03,0.0,-82.0
2025-08-12,2026-09-29,3.03,0.0,-82.0
2025-08-12,2026-11-03,3.03,-0.0,-82.0
2025-08-12,2026-12-08,3.04,1.0,-81.0
2025-08-13,2025-09-30,3.49,-11.0,-11.0
2025-08-13,2025-11-04,3.2938,-19.62,-30.62
2025-08-13,2025-12-09,3.2,-9.38,-40.0
2025-08-13,2026-02-03,3.0656,-13.44,-53.44
2025-08-13,2026-03-17,3.06,-0.56,-54.0
2025-08-13,2026-05-05,3.0004,-5.96,-59.96
2025-08-13,2026-06-16,2.99,-1.04,-61.0
2025-08-13,2026-08-11,2.99,0.0,-61.0
2025-08-13,2026-09-29,2.99,0.0,-61.0
2025-08-13,2026-11-03,3.0011,1.11,-59.89
2025-08-13,2026-12-08,3.01,0.89,-59.0
2025-08-14,2025-09-30,3.52,-8.0,-8.0
2025-08-14,2025-11-04,3.3008,-21.92,-29.92
2025-08-14,2025-12-09,3.21,-9.08,-39.0
2025-08-14,2026-02-03,3.0756,-13.44,-52.44
2025-08-14,2026-03-17,3.04,-3.56,-56.0
2025-08-14,2026-05-05,3.0042,-3.58,-59.58
2025-08-14,2026-06-16,2.98,-2.42,-62.0
2025-08-14,2026-08-11,2.98,-0.0,-62.0
2025-08-14,2026-09-29,2.98,0.0,-62.0
2025-08-14,2026-11-03,2.98,0.0,-62.0
2025-08-14,2026-12-08,2.99,1.0,-61.0
2025-08-15,2025-09-30,3.52,-8.0,-8.0
2025-08-15,2025-11-04,3.3123,-20.77,-28.77
2025-08-15,2025-12-09,3.23,-8.23,-37.0
2025-08-15,2026-02-03,3.0732,-15.68,-52.68
2025-08-15,2026-03-17,3.05,-2.32,-55.0
2025-08-15,2026-05-05,3.0023,-4.77,-59.77
2025-08-15,2026-06-16,2.99,-1.23,-61.0
2025-08-15,2026-08-11,2.99,0.0,-61.0
2025-08-15,2026-09-29,2.98,-1.0,-62.0
2025-08-15,2026-11-03,2.9911,1.11,-60.89
2025-08-15,2026-12-08,3.0,0.89,-60.0
2025-08-18,2025-09-30,3.52,-8.0,-8.0
2025-08-18,2025-11-04,3.3123,-20.77,-28.77
2025-08-18,2025-12-09,3.23,-8.23,-37.0
2025-08-18,2026-02-03,3.0956,-13.44,-50.44
2025-08-18,2026-03-17,3.07,-2.56,-53.0
2025-08-18,2026-05-05,3.0223,-4.77,-57.77
2025-08-18,2026-06-16,3.01,-1.23,-59.0
2025-08-18,2026-08-11,3.01,-0.0,-59.0
2025-08-18,2026-09-29,3.01,0.0,-59.0
2025-08-18,2026-11-03,3.01,0.0,-59.0
2025-08-18,2026-12-08,3.03,2.0,-57.0
2025-08-19,2025-09-30,3.53,-7.0,-7.0
2025-08-19,2025-11-04,3.3223,-20.77,-27.77
2025-08-19,2025-12-09,3.26,-6.23,-34.0
2025-08-19,2026-02-03,3.1256,-13.44,-47.44
2025-08-19,2026-03-17,3.11,-1.56,-49.0
2025-08-19,2026-05-05,3.0623,-4.77,-53.77
2025-08-19,2026-06-16,3.06,-0.23,-54.0
2025-08-19,2026-08-11,3.06,0.0,-54.0
2025-08-19,2026-09-29,3.07,1.0,-53.0
2025-08-19,2026-11-03,3.07,0.0,-53.0
2025-08-19,2026-12-08,3.08,1.0,-52.0
2025-08-20,2025-09-30,3.52,-8.0,-8.0
2025-08-20,2025-11-04,3.3123,-20.77,-28.77
2025-08-20,2025-12-09,3.23,-8.23,-37.0
2025-08-20,2026-02-03,3.0956,-13.44,-50.44
2025-08-20,2026-03-17,3.07,-2.56,-53.0
2025-08-20,2026-05-05,3.0342,-3.58,-56.58
2025-08-20,2026-06-16,3.03,-0.42,-57.0
2025-08-20,2026-08-11,3.03,0.0,-57.0
2025-08-20,2026-09-29,3.04,1.0,-56.0
2025-08-20,2026-11-03,3.04,0.0,-56.0
2025-08-20,2026-12-08,3.06,2.0,-54.0
2025-08-21,2025-09-30,3.53,-7.0,-7.0
2025-08-21,2025-11-04,3.3108,-21.92,-28.92
2025-08-21,2025-12-09,3.23,-8.08,-37.0
2025-08-21,2026-02-03,3.1068,-12.32,-49.32
2025-08-21,2026-03-17,3.08,-2.68,-52.0
2025-08-21,2026-05-05,3.0323,-4.77,-56.77
2025-08-21,2026-06-16,3.02,-1.23,-58.0
2025-08-21,2026-08-11,3.02,0.0,-58.0
2025-08-21,2026-09-29,3.03,1.0,-57.0
2025-08-21,2026-11-03,3.03,-0.0,-57.0
2025-08-21,2026-12-08,3.04,1.0,-56.0
2025-08-22,2025-09-30,3.53,-7.0,-7.0
2025-08-22,2025-11-04,3.3223,-20.77,-27.77
2025-08-22,2025-12-09,3.26,-6.23,-34.0
2025-08-22,2026-02-03,3.1368,-12.32,-46.32
2025-08-22,2026-03-17,3.1,-3.68,-50.0
2025-08-22,2026-05-05,3.0523,-4.77,-54.77
2025-08-22,2026-06-16,3.05,-0.23,-55.0
2025-08-22,2026-08-11,3.05,0.0,-55.0
2025-08-22,2026-09-29,3.06,1.0,-54.0
2025-08-22,2026-11-03,3.06,-0.0,-54.0
2025-08-22,2026-12-08,3.07,1.0,-53.0
2025-08-25,2025-09-30,3.52,-8.0,-8.0
2025-08-25,2025-11-04,3.3123,-20.77,-28.77
2025-08-25,2025-12-09,3.23,-8.23,-37.0
2025-08-25,2026-02-03,3.1068,-12.32,-49.32
2025-08-25,2026-03-17,3.09,-1.68,-51.0
2025-08-25,2026-05-05,3.0304,-5.96,-56.96
2025-08-25,2026-06-16,3.03,-0.04,-57.0
2025-08-25,2026-08-11,3.03,0.0,-57.0
2025-08-25,2026-09-29,3.03,0.0,-57.0
2025-08-25,2026-11-03,3.03,-0.0,-57.0
2025-08-25,2026-12-08,3.04,1.0,-56.0
2025-08-26,2025-09-30,3.52,-8.0,-8.0
2025-08-26,2025-11-04,3.3123,-20.77,-28.77
2025-08-26,2025-12-09,3.24,-7.23,-36.0
2025-08-26,2026-02-03,3.1168,-12.32,-48.32
2025-08-26,2026-03-17,3.09,-2.68,-51.0
2025-08-26,2026-05-05,3.0304,-5.96,-56.96
2025-08-26,2026-06-16,3.03,-0.04,-57.0
2025-08-26,2026-08-11,3.03,0.0,-57.0
2025-08-26,2026-09-29,3.04,1.0,-56.0
2025-08-26,2026-11-03,3.04,0.0,-56.0
2025-08-26,2026-12-08,3.05,1.0,-55.0
2025-08-27,2025-09-30,3.54,-6.0,-6.0
2025-08-27,2025-11-04,3.3323,-20.77,-26.77
2025-08-27,2025-12-09,3.27,-6.23,-33.0
2025-08-27,2026-02-03,3.1468,-12.32,-45.32
2025-08-27,2026-03-17,3.12,-2.68,-48.0
2025-08-27,2026-05-05,3.0723,-4.77,-52.77
2025-08-27,2026-06-16,3.06,-1.23,-54.0
2025-08-27,2026-08-11,3.06,0.0,-54.0
2025-08-27,2026-09-29,3.06,0.0,-54.0
2025-08-27,2026-11-03,3.0711,1.11,-52.89
2025-08-27,2026-12-08,3.08,0.89,-52.0
2025-08-28,2025-09-30,3.54,-6.0,-6.0
2025-08-28,2025-11-04,3.3323,-20.77,-26.77
2025-08-28,2025-12-09,3.26,-7.23,-34.0
2025-08-28,2026-02-03,3.1256,-13.44,-47.44
2025-08-28,2026-03-17,3.1,-2.56,-50.0
2025-08-28,2026-05-05,3.0523,-4.77,-54.77
2025-08-28,2026-06-16,3.04,-1.23,-56.0
2025-08-28,2026-08-11,3.04,-0.0,-56.0
2025-08-28,2026-09-29,3.04,0.0,-56.0
2025-08-28,2026-11-03,3.04,0.0,-56.0
2025-08-28,2026-12-08,3.06,2.0,-54.0
2025-08-29,2025-09-30,3.55,-5.0,-5.0
2025-08-29,2025-11-04,3.3423,-20.77,-25.77
2025-08-29,2025-12-09,3.28,-6.23,-32.0
2025-08-29,2026-02-03,3.1344,-14.56,-46.56
2025-08-29,2026-03-17,3.12,-1.44,-48.0
2025-08-29,2026-05-05,3.0604,-5.96,-53.96
2025-08-29,2026-06-16,3.05,-1.04,-55.0
2025-08-29,2026-08-11,3.05,0.0,-55.0
2025-08-29,2026-09-29,3.05,0.0,-55.0
2025-08-29,2026-11-03,3.0611,1.11,-53.89
2025-08-29,2026-12-08,3.07,0.89,-53.0
2025-09-01,2025-09-30,3.55,-5.0,-5.0
2025-09-01,2025-11-04,3.3423,-20.77,-25.77
2025-09-01,2025-12-09,3.28,-6.23,-32.0
2025-09-01,2026-02-03,3.1456,-13.44,-45.44
2025-09-01,2026-03-17,3.12,-2.56,-48.0
2025-09-01,2026-05-05,3.0723,-4.77,-52.77
2025-09-01,2026-06-16,3.06,-1.23,-54.0
2025-09-01,2026-08-11,3.06,0.0,-54.0
2025-09-01,2026-09-29,3.07,1.0,-53.0
2025-09-01,2026-11-03,3.07,0.0,-53.0
2025-09-01,2026-12-08,3.09,2.0,-51.0
2025-09-01,2027-02-09,3.1047,1.47,-49.53
2025-09-02,2025-09-30,3.55,-5.0,-5.0
2025-09-02,2025-11-04,3.3423,-20.77,-25.77
2025-09-02,2025-12-09,3.29,-5.23,-31.0
2025-09-02,2026-02-03,3.1668,-12.32,-43.32
2025-09-02,2026-03-17,3.15,-1.68,-45.0
2025-09-02,2026-05-05,3.0904,-5.96,-50.96
2025-09-02,2026-06-16,3.09,-0.04,-51.0
2025-09-02,2026-08-11,3.09,0.0,-51.0
2025-09-02,2026-09-29,3.09,0.0,-51.0
2025-09-02,2026-11-03,3.1011,1.11,-49.89
2025-09-02,2026-12-08,3.11,0.89,-49.0
2025-09-02,2027-02-09,3.1395,2.95,-46.05
2025-09-03,2025-09-30,3.57,-3.0,-3.0
2025-09-03,2025-11-04,3.3738,-19.62,-22.62
2025-09-03,2025-12-09,3.32,-5.38,-28.0
2025-09-03,2026-02-03,3.2304,-8.96,-36.96
2025-09-03,2026-03-17,3.21,-2.04,-39.0
2025-09-03,2026-05-05,3.1623,-4.77,-43.77
2025-09-03,2026-06-16,3.15,-1.23,-45.0
2025-09-03,2026-08-11,3.15,-0.0,-45.0
2025-09-03,2026-09-29,3.17,2.0,-43.0
2025-09-03,2026-11-03,3.1811,1.11,-41.89
2025-09-03,2026-12-08,3.19,0.89,-41.0
2025-09-03,2027-02-09,3.2047,1.47,-39.53
2025-09-04,2025-09-30,3.56,-4.0,-4.0
2025-09-04,2025-11-04,3.3754,-18.46,-22.46
2025-09-04,2025-12-09,3.32,-5.54,-28.0
2025-09-04,2026-02-03,3.208,-11.2,-39.2
2025-09-04,2026-03-17,3.18,-2.8,-42.0
2025-09-04,2026-05-05,3.1204,-5.96,-47.96
2025-09-04,2026-06-16,3.12,-0.04,-48.0
2025-09-04,2026-08-11,3.12,0.0,-48.0
2025-09-04,2026-09-29,3.12,0.0,-48.0
2025-09-04,2026-11-03,3.1311,1.11,-46.89
2025-09-04,2026-12-08,3.15,1.89,-45.0
2025-09-04,2027-02-09,3.1647,1.47,-43.53
2025-09-05,2025-09-30,3.56,-4.0,-4.0
2025-09-05,2025-11-04,3.3754,-18.46,-22.46
2025-09-05,2025-12-09,3.32,-5.54,-28.0
2025-09-05,2026-02-03,3.2192,-10.08,-38.08
2025-09-05,2026-03-17,3.18,-3.92,-42.0
2025-09-05,2026-05-05,3.1204,-5.96,-47.96
2025-09-05,2026-06-16,3.12,-0.04,-48.0
2025-09-05,2026-08-11,3.12,0.0,-48.0
2025-09-05,2026-09-29,3.12,0.0,-48.0
2025-09-05,2026-11-03,3.1311,1.11,-46.89
2025-09-05,2026-12-08,3.14,0.89,-46.0
2025-09-05,2027-02-09,3.1695,2.95,-43.05
2025-09-08,2025-09-30,3.55,-5.0,-5.0
2025-09-08,2025-11-04,3.3654,-18.46,-23.46
2025-09-08,2025-12-09,3.31,-5.54,-29.0
2025-09-08,2026-02-03,3.2092,-10.08,-39.08
2025-09-08,2026-03-17,3.17,-3.92,-43.0
2025-09-08,2026-05-05,3.1104,-5.96,-48.96
2025-09-08,2026-06-16,3.11,-0.04,-49.0
2025-09-08,2026-08-11,3.11,0.0,-49.0
2025-09-08,2026-09-29,3.11,0.0,-49.0
2025-09-08,2026-11-03,3.1211,1.11,-47.89
2025-09-08,2026-12-08,3.13,0.89,-47.0
2025-09-08,2027-02-09,3.1595,2.95,-44.05
2025-09-09,2025-09-30,3.56,-4.0,-4.0
2025-09-09,2025-11-04,3.3523,-20.77,-24.77
2025-09-09,2025-12-09,3.31,-4.23,-29.0
2025-09-09,2026-02-03,3.1868,-12.32,-41.32
2025-09-09,2026-03-17,3.17,-1.68,-43.0
2025-09-09,2026-05-05,3.0985,-7.15,-50.15
2025-09-09,2026-06-16,3.09,-0.85,-51.0
2025-09-09,2026-08-11,3.09,0.0,-51.0
2025-09-09,2026-09-29,3.09,0.0,-51.0
2025-09-09,2026-11-03,3.09,0.0,-51.0
2025-09-09,2026-12-08,3.11,2.0,-49.0
2025-09-09,2027-02-09,3.1247,1.47,-47.53
2025-09-10,2025-09-30,3.56,-4.0,-4.0
2025-09-10,2025-11-04,3.3638,-19.62,-23.62
2025-09-10,2025-12-09,3.31,-5.38,-29.0
2025-09-10,2026-02-03,3.1868,-12.32,-41.32
2025-09-10,2026-03-17,3.17,-1.68,-43.0
2025-09-10,2026-05-05,3.0985,-7.15,-50.15
2025-09-10,2026-06-16,3.09,-0.85,-51.0
2025-09-10,2026-08-11,3.09,0.0,-51.0
2025-09-10,2026-09-29,3.09,0.0,-51.0
2025-09-10,2026-11-03,3.1011,1.11,-49.89
2025-09-10,2026-12-08,3.11,0.89,-49.0
2025-09-10,2027-02-09,3.1247,1.47,-47.53
2025-09-11,2025-09-30,3.56,-4.0,-4.0
2025-09-11,2025-11-04,3.3638,-19.62,-23.62
2025-09-11,2025-12-09,3.31,-5.38,-29.0
2025-09-11,2026-02-03,3.1756,-13.44,-42.44
2025-09-11,2026-03-17,3.17,-0.56,-43.0
2025-09-11,2026-05-05,3.1104,-5.96,-48.96
2025-09-11,2026-06-16,3.11,-0.04,-49.0
2025-09-11,2026-08-11,3.0945,-1.55,-50.55
2025-09-11,2026-09-29,3.1,0.55,-50.0
2025-09-11,2026-11-03,3.1,0.0,-50.0
2025-09-11,2026-12-08,3.11,1.0,-49.0
2025-09-11,2027-02-09,3.11,0.0,-49.0
2025-09-12,2025-09-30,3.56,-4.0,-4.0
2025-09-12,2025-11-04,3.3638,-19.62,-23.62
2025-09-12,2025-12-09,3.31,-5.38,-29.0
2025-09-12,2026-02-03,3.1868,-12.32,-41.32
2025-09-12,2026-03-17,3.18,-0.68,-42.0
2025-09-12,2026-05-05,3.1323,-4.77,-46.77
2025-09-12,2026-06-16,3.12,-1.23,-48.0
2025-09-12,2026-08-11,3.12,0.0,-48.0
2025-09-12,2026-09-29,3.12,0.0,-48.0
2025-09-12,2026-11-03,3.12,0.0,-48.0
2025-09-12,2026-12-08,3.14,2.0,-46.0
2025-09-12,2027-02-09,3.1547,1.47,-44.53
2025-09-15,2025-09-30,3.57,-3.0,-3.0
2025-09-15,2025-11-04,3.3854,-18.46,-21.46
2025-09-15,2025-12-09,3.32,-6.54,-28.0
2025-09-15,2026-02-03,3.1968,-12.32,-40.32
2025-09-15,2026-03-17,3.19,-0.68,-41.0
2025-09-15,2026-05-05,3.1423,-4.77,-45.77
2025-09-15,2026-06-16,3.14,-0.23,-46.0
2025-09-15,2026-08-11,3.14,0.0,-46.0
2025-09-15,2026-09-29,3.14,0.0,-46.0
2025-09-15,2026-11-03,3.14,0.0,-46.0
2025-09-15,2026-12-08,3.16,2.0,-44.0
2025-09-15,2027-02-09,3.1747,1.47,-42.53
2025-09-16,2025-09-30,3.56,-4.0,-4.0
2025-09-16,2025-11-04,3.3869,-17.31,-21.31
2025-09-16,2025-12-09,3.31,-7.69,-29.0
2025-09-16,2026-02-03,3.1756,-13.44,-42.44
2025-09-16,2026-03-17,3.19,1.44,-41.0
2025-09-16,2026-05-05,3.1423,-4.77,-45.77
2025-09-16,2026-06-16,3.14,-0.23,-46.0
2025-09-16,2026-08-11,3.14,0.0,-46.0
2025-09-16,2026-09-29,3.14,0.0,-46.0
2025-09-16,2026-11-03,3.14,0.0,-46.0
2025-09-16,2026-12-08,3.16,2.0,-44.0
2025-09-16,2027-02-09,3.1747,1.47,-42.53
2025-09-17,2025-09-30,3.56,-4.0,-4.0
2025-09-17,2025-11-04,3.3754,-18.46,-22.46
2025-09-17,2025-12-09,3.31,-6.54,-29.0
2025-09-17,2026-02-03,3.1756,-13.44,-42.44
2025-09-17,2026-03-17,3.17,-0.56,-43.0
2025-09-17,2026-05-05,3.1223,-4.77,-47.77
2025-09-17,2026-06-16,3.11,-1.23,-49.0
2025-09-17,2026-08-11,3.11,0.0,-49.0
2025-09-17,2026-09-29,3.11,0.0,-49.0
2025-09-17,2026-11-03,3.11,0.0,-49.0
2025-09-17,2026-12-08,3.13,2.0,-47.0
2025-09-17,2027-02-09,3.1447,1.47,-45.53
2025-09-18,2025-09-30,3.57,-3.0,-3.0
2025-09-18,2025-11-04,3.3623,-20.77,-23.77
2025-09-18,2025-12-09,3.3,-6.23,-30.0
2025-09-18,2026-02-03,3.1544,-14.56,-44.56
2025-09-18,2026-03-17,3.14,-1.44,-46.0
2025-09-18,2026-05-05,3.0804,-5.96,-51.96
2025-09-18,2026-06-16,3.07,-1.04,-53.0
2025-09-18,2026-08-11,3.07,0.0,-53.0
2025-09-18,2026-09-29,3.07,-0.0,-53.0
2025-09-18,2026-11-03,3.0811,1.11,-51.89
2025-09-18,2026-12-08,3.08,-0.11,-52.0
2025-09-18,2027-02-09,3.0947,1.47,-50.53
2025-09-19,2025-09-30,3.58,-2.0,-2.0
2025-09-19,2025-11-04,3.3838,-19.62,-21.62
2025-09-19,2025-12-09,3.3,-8.38,-30.0
2025-09-19,2026-02-03,3.1768,-12.32,-42.32
2025-09-19,2026-03-17,3.17,-0.68,-43.0
2025-09-19,2026-05-05,3.0985,-7.15,-50.15
2025-09-19,2026-06-16,3.11,1.15,-49.0
2025-09-19,2026-08-11,3.11,0.0,-49.0
2025-09-19,2026-09-29,3.11,0.0,-49.0
2025-09-19,2026-11-03,3.11,0.0,-49.0
2025-09-19,2026-12-08,3.12,1.0,-48.0
2025-09-19,2027-02-09,3.1495,2.95,-45.05
2025-09-22,2025-09-30,3.58,-2.0,-2.0
2025-09-22,2025-11-04,3.3954,-18.46,-20.46
2025-09-22,2025-12-09,3.33,-6.54,-27.0
2025-09-22,2026-02-03,3.2068,-12.32,-39.32
2025-09-22,2026-03-17,3.19,-1.68,-41.0
2025-09-22,2026-05-05,3.1304,-5.96,-46.96
2025-09-22,2026-06-16,3.12,-1.04,-48.0
2025-09-22,2026-08-11,3.12,0.0,-48.0
2025-09-22,2026-09-29,3.13,1.0,-47.0
2025-09-22,2026-11-03,3.1411,1.11,-45.89
2025-09-22,2026-12-08,3.14,-0.11,-46.0
2025-09-22,2027-02-09,3.1695,2.95,-43.05
2025-09-23,2025-09-30,3.58,-2.0,-2.0
2025-09-23,2025-11-04,3.3954,-18.46,-20.46
2025-09-23,2025-12-09,3.34,-5.54,-26.0
2025-09-23,2026-02-03,3.2168,-12.32,-38.32
2025-09-23,2026-03-17,3.19,-2.68,-41.0
2025-09-23,2026-05-05,3.1304,-5.96,-46.96
2025-09-23,2026-06-16,3.12,-1.04,-48.0
2025-09-23,2026-08-11,3.12,0.0,-48.0
2025-09-23,2026-09-29,3.13,1.0,-47.0
2025-09-23,2026-11-03,3.1411,1.11,-45.89
2025-09-23,2026-12-08,3.14,-0.11,-46.0
2025-09-23,2027-02-09,3.1695,2.95,-43.05
2025-09-24,2025-09-30,3.59,-1.0,-1.0
2025-09-24,2025-11-04,3.4631,-12.69,-13.69
2025-09-24,2025-12-09,3.43,-3.31,-17.0
2025-09-24,2026-02-03,3.3292,-10.08,-27.08
2025-09-24,2026-03-17,3.3,-2.92,-30.0
2025-09-24,2026-05-05,3.2165,-8.35,-38.35
2025-09-24,2026-06-16,3.22,0.35,-38.0
2025-09-24,2026-08-11,3.22,0.0,-38.0
2025-09-24,2026-09-29,3.21,-1.0,-39.0
2025-09-24,2026-11-03,3.2211,1.11,-37.89
2025-09-24,2026-12-08,3.23,0.89,-37.0
2025-09-24,2027-02-09,3.2447,1.47,-35.53
2025-09-25,2025-09-30,3.59,-1.0,-1.0
2025-09-25,2025-11-04,3.4746,-11.54,-12.54
2025-09-25,2025-12-09,3.45,-2.46,-15.0
2025-09-25,2026-02-03,3.3492,-10.08,-25.08
2025-09-25,2026-03-17,3.33,-1.92,-27.0
2025-09-25,2026-05-05,3.2704,-5.96,-32.96
2025-09-25,2026-06-16,3.25,-2.04,-35.0
2025-09-25,2026-08-11,3.25,0.0,-35.0
2025-09-25,2026-09-29,3.25,0.0,-35.0
2025-09-25,2026-11-03,3.2611,1.11,-33.89
2025-09-25,2026-12-08,3.28,1.89,-32.0
2025-09-25,2027-02-09,3.28,0.0,-32.0
2025-09-26,2025-09-30,3.59,-1.0,-1.0
2025-09-26,2025-11-04,3.4631,-12.69,-13.69
2025-09-26,2025-12-09,3.45,-1.31,-15.0
2025-09-26,2026-02-03,3.3604,-8.96,-23.96
2025-09-26,2026-03-17,3.33,-3.04,-27.0
2025-09-26,2026-05-05,3.2942,-3.58,-30.58
2025-09-26,2026-06-16,3.28,-1.42,-32.0
2025-09-26,2026-08-11,3.28,0.0,-32.0
2025-09-26,2026-09-29,3.29,1.0,-31.0
2025-09-26,2026-11-03,3.3011,1.11,-29.89
2025-09-26,2026-12-08,3.31,0.89,-29.0
2025-09-26,2027-02-09,3.3247,1.47,-27.53
2025-09-29,2025-09-30,3.59,-1.0,-1.0
2025-09-29,2025-11-04,3.4515,-13.85,-14.85
2025-09-29,2025-12-09,3.42,-3.15,-18.0
2025-09-29,2026-02-03,3.3304,-8.96,-26.96
2025-09-29,2026-03-17,3.31,-2.04,-29.0
2025-09-29,2026-05-05,3.2623,-4.77,-33.77
2025-09-29,2026-06-16,3.25,-1.23,-35.0
2025-09-29,2026-08-11,3.25,0.0,-35.0
2025-09-29,2026-09-29,3.26,1.0,-34.0
2025-09-29,2026-11-03,3.2711,1.11,-32.89
2025-09-29,2026-12-08,3.28,0.89,-32.0
2025-09-29,2027-02-09,3.2947,1.47,-30.53
2025-09-30,2025-09-30,3.6,-0.0,-0.0
2025-09-30,2025-11-04,3.5077,-9.23,-9.23
2025-09-30,2025-12-09,3.46,-4.77,-14.0
2025-09-30,2026-02-03,3.3816,-7.84,-21.84
2025-09-30,2026-03-17,3.36,-2.16,-24.0
2025-09-30,2026-05-05,3.3123,-4.77,-28.77
2025-09-30,2026-06-16,3.31,-0.23,-29.0
2025-09-30,2026-08-11,3.31,0.0,-29.0
2025-09-30,2026-09-29,3.32,1.0,-28.0
2025-09-30,2026-11-03,3.32,0.0,-28.0
2025-09-30,2026-12-08,3.33,1.0,-27.0
2025-09-30,2027-02-09,3.3447,1.47,-25.53
2025-10-01,2025-11-04,3.4962,-10.38,-10.38
2025-10-01,2025-12-09,3.45,-4.62,-15.0
2025-10-01,2026-02-03,3.3716,-7.84,-22.84
2025-10-01,2026-03-17,3.35,-2.16,-25.0
2025-10-01,2026-05-05,3.3023,-4.77,-29.77
2025-10-01,2026-06-16,3.3,-0.23,-30.0
2025-10-01,2026-08-11,3.3,0.0,-30.0
2025-10-01,2026-09-29,3.31,1.0,-29.0
2025-10-01,2026-11-03,3.31,0.0,-29.0
2025-10-01,2026-12-08,3.32,1.0,-28.0
2025-10-01,2027-02-09,3.3347,1.47,-26.53
2025-10-02,2025-11-04,3.4846,-11.54,-11.54
2025-10-02,2025-12-09,3.45,-3.46,-15.0
2025-10-02,2026-02-03,3.3604,-8.96,-23.96
2025-10-02,2026-03-17,3.33,-3.04,-27.0
2025-10-02,2026-05-05,3.2704,-5.96,-32.96
2025-10-02,2026-06-16,3.27,-0.04,-33.0
2025-10-02,2026-08-11,3.27,0.0,-33.0
2025-10-02,2026-09-29,3.27,-0.0,-33.0
2025-10-02,2026-11-03,3.27,-0.0,-33.0
2025-10-02,2026-12-08,3.28,1.0,-32.0
2025-10-02,2027-02-09,3.3095,2.95,-29.05
2025-10-02,2027-03-23,3.3115,0.2,-28.85
2025-10-03,2025-11-04,3.4962,-10.38,-10.38
2025-10-03,2025-12-09,3.45,-4.62,-15.0
2025-10-03,2026-02-03,3.3604,-8.96,-23.96
2025-10-03,2026-03-17,3.33,-3.04,-27.0
2025-10-03,2026-05-05,3.2704,-5.96,-32.96
2025-10-03,2026-06-16,3.27,-0.04,-33.0
2025-10-03,2026-08-11,3.27,0.0,-33.0
2025-10-03,2026-09-29,3.27,-0.0,-33.0
2025-10-03,2026-11-03,3.2811,1.11,-31.89
2025-10-03,2026-12-08,3.28,-0.11,-32.0
2025-10-03,2027-02-09,3.3095,2.95,-29.05
2025-10-03,2027-03-23,3.3115,0.2,-28.85
2025-10-06,2025-11-04,3.5192,-8.08,-8.08
2025-10-06,2025-12-09,3.47,-4.92,-13.0
2025-10-06,2026-02-03,3.3804,-8.96,-21.96
2025-10-06,2026-03-17,3.36,-2.04,-24.0
2025-10-06,2026-05-05,3.3004,-5.96,-29.96
2025-10-06,2026-06-16,3.3,-0.04,-30.0
2025-10-06,2026-08-11,3.3,0.0,-30.0
2025-10-06,2026-09-29,3.3,0.0,-30.0
2025-10-06,2026-11-03,3.3111,1.11,-28.89
2025-10-06,2026-12-08,3.31,-0.11,-29.0
2025-10-06,2027-02-09,3.3395,2.95,-26.05
2025-10-06,2027-03-23,3.3028,-3.67,-29.72
2025-10-07,2025-11-04,3.4962,-10.38,-10.38
2025-10-07,2025-12-09,3.46,-3.62,-14.0
2025-10-07,2026-02-03,3.3816,-7.84,-21.84
2025-10-07,2026-03-17,3.36,-2.16,-24.0
2025-10-07,2026-05-05,3.2885,-7.15,-31.15
2025-10-07,2026-06-16,3.28,-0.85,-32.0
2025-10-07,2026-08-11,3.28,0.0,-32.0
2025-10-07,2026-09-29,3.29,1.0,-31.0
2025-10-07,2026-11-03,3.3011,1.11,-29.89
2025-10-07,2026-12-08,3.31,0.89,-29.0
2025-10-07,2027-02-09,3.3247,1.47,-27.53
2025-10-07,2027-03-23,3.3451,2.04,-25.49
2025-10-08,2025-11-04,3.4846,-11.54,-11.54
2025-10-08,2025-12-09,3.45,-3.46,-15.0
2025-10-08,2026-02-03,3.3716,-7.84,-22.84
2025-10-08,2026-03-17,3.34,-3.16,-26.0
2025-10-08,2026-05-05,3.2923,-4.77,-30.77
2025-10-08,2026-06-16,3.28,-1.23,-32.0
2025-10-08,2026-08-11,3.28,0.0,-32.0
2025-10-08,2026-09-29,3.28,0.0,-32.0
2025-10-08,2026-11-03,3.3022,2.22,-29.78
2025-10-08,2026-12-08,3.31,0.78,-29.0
2025-10-08,2027-02-09,3.3247,1.47,-27.53
2025-10-08,2027-03-23,3.3451,2.04,-25.49
2025-10-09,2025-11-04,3.4962,-10.38,-10.38
2025-10-09,2025-12-09,3.47,-2.62,-13.0
2025-10-09,2026-02-03,3.3804,-8.96,-21.96
2025-10-09,2026-03-17,3.36,-2.04,-24.0
2025-10-09,2026-05-05,3.3004,-5.96,-29.96
2025-10-09,2026-06-16,3.3,-0.04,-30.0
2025-10-09,2026-08-11,3.3,0.0,-30.0
2025-10-09,2026-09-29,3.31,1.0,-29.0
2025-10-09,2026-11-03,3.31,0.0,-29.0
2025-10-09,2026-12-08,3.32,1.0,-28.0
2025-10-09,2027-02-09,3.3347,1.47,-26.53
2025-10-09,2027-03-23,3.3551,2.04,-24.49
2025-10-10,2025-11-04,3.5077,-9.23,-9.23
2025-10-10,2025-12-09,3.47,-3.77,-13.0
2025-10-10,2026-02-03,3.4028,-6.72,-19.72
2025-10-10,2026-03-17,3.38,-2.28,-22.0
2025-10-10,2026-05-05,3.3323,-4.77,-26.77
2025-10-10,2026-06-16,3.32,-1.23,-28.0
2025-10-10,2026-08-11,3.32,0.0,-28.0
2025-10-10,2026-09-29,3.33,1.0,-27.0
2025-10-10,2026-11-03,3.33,0.0,-27.0
2025-10-10,2026-12-08,3.34,1.0,-26.0
2025-10-10,2027-02-09,3.3695,2.95,-23.05
2025-10-10,2027-03-23,3.3328,-3.67,-26.72
2025-10-13,2025-11-04,3.4615,-13.85,-13.85
2025-10-13,2025-12-09,3.43,-3.15,-17.0
2025-10-13,2026-02-03,3.3516,-7.84,-24.84
2025-10-13,2026-03-17,3.33,-2.16,-27.0
2025-10-13,2026-05-05,3.2704,-5.96,-32.96
2025-10-13,2026-06-16,3.26,-1.04,-34.0
2025-10-13,2026-08-11,3.2755,1.55,-32.45
2025-10-13,2026-09-29,3.27,-0.55,-33.0
2025-10-13,2026-11-03,3.27,-0.0,-33.0
2025-10-13,2026-12-08,3.28,1.0,-32.0
2025-10-13,2027-02-09,3.2947,1.47,-30.53
2025-10-13,2027-03-23,3.3151,2.04,-28.49
2025-10-14,2025-11-04,3.4846,-11.54,-11.54
2025-10-14,2025-12-09,3.43,-5.46,-17.0
2025-10-14,2026-02-03,3.3404,-8.96,-25.96
2025-10-14,2026-03-17,3.31,-3.04,-29.0
2025-10-14,2026-05-05,3.2504,-5.96,-34.96
2025-10-14,2026-06-16,3.23,-2.04,-37.0
2025-10-14,2026-08-11,3.23,-0.0,-37.0
2025-10-14,2026-09-29,3.22,-1.0,-38.0
2025-10-14,2026-11-03,3.22,0.0,-38.0
2025-10-14,2026-12-08,3.23,1.0,-37.0
2025-10-14,2027-02-09,3.23,0.0,-37.0
2025-10-14,2027-03-23,3.2688,3.88,-33.12
2025-10-15,2025-11-04,3.4846,-11.54,-11.54
2025-10-15,2025-12-09,3.44,-4.46,-16.0
2025-10-15,2026-02-03,3.3616,-7.84,-23.84
2025-10-15,2026-03-17,3.33,-3.16,-27.0
2025-10-15,2026-05-05,3.2704,-5.96,-32.96
2025-10-15,2026-06-16,3.25,-2.04,-35.0
2025-10-15,2026-08-11,3.25,0.0,-35.0
2025-10-15,2026-09-29,3.25,0.0,-35.0
2025-10-15,2026-11-03,3.25,0.0,-35.0
2025-10-15,2026-12-08,3.25,0.0,-35.0
2025-10-15,2027-02-09,3.2647,1.47,-33.53
2025-10-15,2027-03-23,3.2851,2.04,-31.49
2025-10-16,2025-11-04,3.4154,-18.46,-18.46
2025-10-16,2025-12-09,3.34,-7.54,-26.0
2025-10-16,2026-02-03,3.2504,-8.96,-34.96
2025-10-16,2026-03-17,3.21,-4.04,-39.0
2025-10-16,2026-05-05,3.1504,-5.96,-44.96
2025-10-16,2026-06-16,3.14,-1.04,-46.0
2025-10-16,2026-08-11,3.14,0.0,-46.0
2025-10-16,2026-09-29,3.14,0.0,-46.0
2025-10-16,2026-11-03,3.1511,1.11,-44.89
2025-10-16,2026-12-08,3.16,0.89,-44.0
2025-10-16,2027-02-09,3.1747,1.47,-42.53
2025-10-16,2027-03-23,3.1564,-1.84,-44.36
2025-10-17,2025-11-04,3.3923,-20.77,-20.77
2025-10-17,2025-12-09,3.32,-7.23,-28.0
2025-10-17,2026-02-03,3.208,-11.2,-39.2
2025-10-17,2026-03-17,3.16,-4.8,-44.0
2025-10-17,2026-05-05,3.0885,-7.15,-51.15
2025-10-17,2026-06-16,3.08,-0.85,-52.0
2025-10-17,2026-08-11,3.08,0.0,-52.0
2025-10-17,2026-09-29,3.08,0.0,-52.0
2025-10-17,2026-11-03,3.08,0.0,-52.0
2025-10-17,2026-12-08,3.09,1.0,-51.0
2025-10-17,2027-02-09,3.1047,1.47,-49.53
2025-10-17,2027-03-23,3.1251,2.04,-47.49
2025-10-20,2025-11-04,3.4154,-18.46,-18.46
2025-10-20,2025-12-09,3.35,-6.54,-25.0
2025-10-20,2026-02-03,3.2492,-10.08,-35.08
2025-10-20,2026-03-17,3.2,-4.92,-40.0
2025-10-20,2026-05-05,3.1285,-7.15,-47.15
2025-10-20,2026-06-16,3.12,-0.85,-48.0
2025-10-20,2026-08-11,3.12,0.0,-48.0
2025-10-20,2026-09-29,3.13,1.0,-47.0
2025-10-20,2026-11-03,3.13,-0.0,-47.0
2025-10-20,2026-12-08,3.14,1.0,-46.0
2025-10-20,2027-02-09,3.1547,1.47,-44.53
2025-10-20,2027-03-23,3.1751,2.04,-42.49
2025-10-21,2025-11-04,3.4154,-18.46,-18.46
2025-10-21,2025-12-09,3.36,-5.54,-24.0
2025-10-21,2026-02-03,3.2592,-10.08,-34.08
2025-10-21,2026-03-17,3.19,-6.92,-41.0
2025-10-21,2026-05-05,3.1185,-7.15,-48.15
2025-10-21,2026-06-16,3.11,-0.85,-49.0
2025-10-21,2026-08-11,3.11,0.0,-49.0
2025-10-21,2026-09-29,3.12,1.0,-48.0
2025-10-21,2026-11-03,3.12,0.0,-48.0
2025-10-21,2026-12-08,3.13,1.0,-47.0
2025-10-21,2027-02-09,3.1447,1.47,-45.53
2025-10-21,2027-03-23,3.1264,-1.84,-47.36
2025-10-22,2025-11-04,3.4269,-17.31,-17.31
2025-10-22,2025-12-09,3.37,-5.69,-23.0
2025-10-22,2026-02-03,3.258,-11.2,-34.2
2025-10-22,2026-03-17,3.21,-4.8,-39.0
2025-10-22,2026-05-05,3.1265,-8.35,-47.35
2025-10-22,2026-06-16,3.13,0.35,-47.0
2025-10-22,2026-08-11,3.1145,-1.55,-48.55
2025-10-22,2026-09-29,3.12,0.55,-48.0
2025-10-22,2026-11-03,3.12,0.0,-48.0
2025-10-22,2026-12-08,3.14,2.0,-46.0
2025-10-22,2027-02-09,3.14,-0.0,-46.0
2025-10-22,2027-03-23,3.1787,3.87,-42.13
2025-10-23,2025-11-04,3.4385,-16.15,-16.15
2025-10-23,2025-12-09,3.37,-6.85,-23.0
2025-10-23,2026-02-03,3.258,-11.2,-34.2
2025-10-23,2026-03-17,3.22,-3.8,-38.0
2025-10-23,2026-05-05,3.1365,-8.35,-46.35
2025-10-23,2026-06-16,3.13,-0.65,-47.0
2025-10-23,2026-08-11,3.13,0.0,-47.0
2025-10-23,2026-09-29,3.12,-1.0,-48.0
2025-10-23,2026-11-03,3.12,0.0,-48.0
2025-10-23,2026-12-08,3.14,2.0,-46.0
2025-10-23,2027-02-09,3.1695,2.95,-43.05
2025-10-23,2027-03-23,3.1715,0.2,-42.85
2025-10-24,2025-11-04,3.4269,-17.31,-17.31
2025-10-24,2025-12-09,3.37,-5.69,-23.0
2025-10-24,2026-02-03,3.258,-11.2,-34.2
2025-10-24,2026-03-17,3.22,-3.8,-38.0
2025-10-24,2026-05-05,3.1485,-7.15,-45.15
2025-10-24,2026-06-16,3.14,-0.85,-46.0
2025-10-24,2026-08-11,3.14,0.0,-46.0
2025-10-24,2026-09-29,3.14,0.0,-46.0
2025-10-24,2026-11-03,3.14,0.0,-46.0
2025-10-24,2026-12-08,3.16,2.0,-44.0
2025-10-24,2027-02-09,3.1747,1.47,-42.53
2025-10-24,2027-03-23,3.1564,-1.84,-44.36
2025-10-27,2025-11-04,3.45,-15.0,-15.0
2025-10-27,2025-12-09,3.39,-6.0,-21.0
2025-10-27,2026-02-03,3.2668,-12.32,-33.32
2025-10-27,2026-03-17,3.25,-1.68,-35.0
2025-10-27,2026-05-05,3.1785,-7.15,-42.15
2025-10-27,2026-06-16,3.18,0.15,-42.0
2025-10-27,2026-08-11,3.1645,-1.55,-43.55
2025-10-27,2026-09-29,3.17,0.55,-43.0
2025-10-27,2026-11-03,3.1811,1.11,-41.89
2025-10-27,2026-12-08,3.19,0.89,-41.0
2025-10-27,2027-02-09,3.2195,2.95,-38.05
2025-10-27,2027-03-23,3.2215,0.2,-37.85
2025-10-28,2025-11-04,3.5077,-9.23,-9.23
2025-10-28,2025-12-09,3.43,-7.77,-17.0
2025-10-28,2026-02-03,3.3292,-10.08,-27.08
2025-10-28,2026-03-17,3.28,-4.92,-32.0
2025-10-28,2026-05-05,3.2204,-5.96,-37.96
2025-10-28,2026-06-16,3.22,-0.04,-38.0
2025-10-28,2026-08-11,3.22,0.0,-38.0
2025-10-28,2026-09-29,3.22,0.0,-38.0
2025-10-28,2026-11-03,3.22,0.0,-38.0
2025-10-28,2026-12-08,3.23,1.0,-37.0
2025-10-28,2027-02-09,3.2595,2.95,-34.05
2025-10-28,2027-03-23,3.2228,-3.67,-37.72
2025-10-29,2025-11-04,3.5769,-2.31,-2.31
2025-10-29,2025-12-09,3.55,-2.69,-5.0
2025-10-29,2026-02-03,3.4604,-8.96,-13.96
2025-10-29,2026-03-17,3.43,-3.04,-17.0
2025-10-29,2026-05-05,3.3585,-7.15,-24.15
2025-10-29,2026-06-16,3.35,-0.85,-25.0
2025-10-29,2026-08-11,3.3345,-1.55,-26.55
2025-10-29,2026-09-29,3.34,0.55,-26.0
2025-10-29,2026-11-03,3.34,0.0,-26.0
2025-10-29,2026-12-08,3.36,2.0,-24.0
2025-10-29,2027-02-09,3.3895,2.95,-21.05
2025-10-29,2027-03-23,3.3528,-3.67,-24.72
2025-10-30,2025-11-04,3.5769,-2.31,-2.31
2025-10-30,2025-12-09,3.56,-1.69,-4.0
2025-10-30,2026-02-03,3.4704,-8.96,-12.96
2025-10-30,2026-03-17,3.45,-2.04,-15.0
2025-10-30,2026-05-05,3.3904,-5.96,-20.96
2025-10-30,2026-06-16,3.37,-2.04,-23.0
2025-10-30,2026-08-11,3.3545,-1.55,-24.55
2025-10-30,2026-09-29,3.36,0.55,-24.0
2025-10-30,2026-11-03,3.3711,1.11,-22.89
2025-10-30,2026-12-08,3.39,1.89,-21.0
2025-10-30,2027-02-09,3.4047,1.47,-19.53
2025-10-30,2027-03-23,3.4251,2.04,-17.49
2025-10-31,2025-11-04,3.5769,-2.31,-2.31
2025-10-31,2025-12-09,3.56,-1.69,-4.0
2025-10-31,2026-02-03,3.4704,-8.96,-12.96
2025-10-31,2026-03-17,3.43,-4.04,-17.0
2025-10-31,2026-05-05,3.3704,-5.96,-22.96
2025-10-31,2026-06-16,3.36,-1.04,-24.0
2025-10-31,2026-08-11,3.329,-3.1,-27.1
2025-10-31,2026-09-29,3.35,2.1,-25.0
2025-10-31,2026-11-03,3.3611,1.11,-23.89
2025-10-31,2026-12-08,3.37,0.89,-23.0
2025-10-31,2027-02-09,3.3995,2.95,-20.05
2025-10-31,2027-03-23,3.3628,-3.67,-23.72
2025-11-03,2025-11-04,3.5769,-2.31,-2.31
2025-11-03,2025-12-09,3.56,-1.69,-4.0
2025-11-03,2026-02-03,3.4928,-6.72,-10.72
2025-11-03,2026-03-17,3.45,-4.28,-15.0
2025-11-03,2026-05-05,3.4023,-4.77,-19.77
2025-11-03,2026-06-16,3.39,-1.23,-21.0
2025-11-03,2026-08-11,3.39,0.0,-21.0
2025-11-03,2026-09-29,3.39,-0.0,-21.0
2025-11-03,2026-11-03,3.39,0.0,-21.0
2025-11-03,2026-12-08,3.41,2.0,-19.0
2025-11-03,2027-02-09,3.4247,1.47,-17.53
2025-11-03,2027-03-23,3.44,1.53,-16.0
2025-11-04,2025-11-04,3.5885,-1.15,-1.15
2025-11-04,2025-12-09,3.57,-1.85,-3.0
2025-11-04,2026-02-03,3.5252,-4.48,-7.48
2025-11-04,2026-03-17,3.49,-3.52,-11.0
2025-11-04,2026-05-05,3.4304,-5.96,-16.96
2025-11-04,2026-06-16,3.42,-1.04,-18.0
2025-11-04,2026-08-11,3.42,0.0,-18.0
2025-11-04,2026-09-29,3.42,-0.0,-18.0
2025-11-04,2026-11-03,3.42,-0.0,-18.0
2025-11-04,2026-12-08,3.44,2.0,-16.0
2025-11-04,2027-02-09,3.4547,1.47,-14.53
2025-11-04,2027-03-23,3.47,1.53,-13.0
2025-11-05,2025-12-09,3.56,-4.0,-4.0
2025-11-05,2026-02-03,3.4928,-6.72,-10.72
2025-11-05,2026-03-17,3.47,-2.28,-13.0
2025-11-05,2026-05-05,3.3985,-7.15,-20.15
2025-11-05,2026-06-16,3.38,-1.85,-22.0
2025-11-05,2026-08-11,3.38,0.0,-22.0
2025-11-05,2026-09-29,3.38,0.0,-22.0
2025-11-05,2026-11-03,3.38,-0.0,-22.0
2025-11-05,2026-12-08,3.39,1.0,-21.0
2025-11-05,2027-02-09,3.4195,2.95,-18.05
2025-11-05,2027-03-23,3.42,0.05,-18.0
2025-11-06,2025-12-09,3.56,-4.0,-4.0
2025-11-06,2026-02-03,3.5152,-4.48,-8.48
2025-11-06,2026-03-17,3.47,-4.52,-13.0
2025-11-06,2026-05-05,3.4104,-5.96,-18.96
2025-11-06,2026-06-16,3.41,-0.04,-19.0
2025-11-06,2026-08-11,3.379,-3.1,-22.1
2025-11-06,2026-09-29,3.39,1.1,-21.0
2025-11-06,2026-11-03,3.4011,1.11,-19.89
2025-11-06,2026-12-08,3.41,0.89,-19.0
2025-11-06,2027-02-09,3.4247,1.47,-17.53
2025-11-06,2027-03-23,3.44,1.53,-16.0
2025-11-07,2025-12-09,3.56,-4.0,-4.0
2025-11-07,2026-02-03,3.4928,-6.72,-10.72
2025-11-07,2026-03-17,3.48,-1.28,-12.0
2025-11-07,2026-05-05,3.4085,-7.15,-19.15
2025-11-07,2026-06-16,3.39,-1.85,-21.0
2025-11-07,2026-08-11,3.39,0.0,-21.0
2025-11-07,2026-09-29,3.39,-0.0,-21.0
2025-11-07,2026-11-03,3.39,0.0,-21.0
2025-11-07,2026-12-08,3.41,2.0,-19.0
2025-11-07,2027-02-09,3.4247,1.47,-17.53
2025-11-07,2027-03-23,3.44,1.53,-16.0
2025-11-10,2025-12-09,3.56,-4.0,-4.0
2025-11-10,2026-02-03,3.504,-5.6,-9.6
2025-11-10,2026-03-17,3.5,-0.4,-10.0
2025-11-10,2026-05-05,3.4285,-7.15,-17.15
2025-11-10,2026-06-16,3.42,-0.85,-18.0
2025-11-10,2026-08-11,3.42,0.0,-18.0
2025-11-10,2026-09-29,3.42,-0.0,-18.0
2025-11-10,2026-11-03,3.4311,1.11,-16.89
2025-11-10,2026-12-08,3.44,0.89,-16.0
2025-11-10,2027-02-09,3.4695,2.95,-13.05
2025-11-10,2027-03-23,3.48,1.05,-12.0
2025-11-11,2025-12-09,3.58,-2.0,-2.0
2025-11-11,2026-02-03,3.524,-5.6,-7.6
2025-11-11,2026-03-17,3.5,-2.4,-10.0
2025-11-11,2026-05-05,3.4404,-5.96,-15.96
2025-11-11,2026-06-16,3.44,-0.04,-16.0
2025-11-11,2026-08-11,3.44,0.0,-16.0
2025-11-11,2026-09-29,3.44,-0.0,-16.0
2025-11-11,2026-11-03,3.44,0.0,-16.0
2025-11-11,2026-12-08,3.46,2.0,-14.0
2025-11-11,2027-02-09,3.4747,1.47,-12.53
2025-11-11,2027-03-23,3.5,2.53,-10.0
2025-11-12,2025-12-09,3.57,-3.0,-3.0
2025-11-12,2026-02-03,3.5252,-4.48,-7.48
2025-11-12,2026-03-17,3.5,-2.52,-10.0
2025-11-12,2026-05-05,3.4404,-5.96,-15.96
2025-11-12,2026-06-16,3.44,-0.04,-16.0
2025-11-12,2026-08-11,3.4245,-1.55,-17.55
2025-11-12,2026-09-29,3.44,1.55,-16.0
2025-11-12,2026-11-03,3.44,0.0,-16.0
2025-11-12,2026-12-08,3.46,2.0,-14.0
2025-11-12,2027-02-09,3.4747,1.47,-12.53
2025-11-12,2027-03-23,3.5,2.53,-10.0
2025-11-13,2025-12-09,3.57,-3.0,-3.0
2025-11-13,2026-02-03,3.5252,-4.48,-7.48
2025-11-13,2026-03-17,3.5,-2.52,-10.0
2025-11-13,2026-05-05,3.4404,-5.96,-15.96
2025-11-13,2026-06-16,3.44,-0.04,-16.0
2025-11-13,2026-08-11,3.4245,-1.55,-17.55
2025-11-13,2026-09-29,3.44,1.55,-16.0
2025-11-13,2026-11-03,3.44,0.0,-16.0
2025-11-13,2026-12-08,3.46,2.0,-14.0
2025-11-13,2027-02-09,3.4747,1.47,-12.53
2025-11-13,2027-03-23,3.5,2.53,-10.0
2025-11-14,2025-12-09,3.58,-2.0,-2.0
2025-11-14,2026-02-03,3.5464,-3.36,-5.36
2025-11-14,2026-03-17,3.53,-1.64,-7.0
2025-11-14,2026-05-05,3.4704,-5.96,-12.96
2025-11-14,2026-06-16,3.48,0.96,-12.0
2025-11-14,2026-08-11,3.4955,1.55,-10.45
2025-11-14,2026-09-29,3.5,0.45,-10.0
2025-11-14,2026-11-03,3.5222,2.22,-7.78
2025-11-14,2026-12-08,3.54,1.78,-6.0
2025-11-14,2027-02-09,3.5695,2.95,-3.05
2025-11-14,2027-03-23,3.58,1.05,-2.0
2025-11-17,2025-12-09,3.58,-2.0,-2.0
2025-11-17,2026-02-03,3.5576,-2.24,-4.24
2025-11-17,2026-03-17,3.53,-2.76,-7.0
2025-11-17,2026-05-05,3.4942,-3.58,-10.58
2025-11-17,2026-06-16,3.5,0.58,-10.0
2025-11-17,2026-08-11,3.5,0.0,-10.0
2025-11-17,2026-09-29,3.52,2.0,-8.0
2025-11-17,2026-11-03,3.5311,1.11,-6.89
2025-11-17,2026-12-08,3.56,2.89,-4.0
2025-11-17,2027-02-09,3.5895,2.95,-1.05
2025-11-17,2027-03-23,3.59,0.05,-1.0
2025-11-18,2025-12-09,3.58,-2.0,-2.0
2025-11-18,2026-02-03,3.524,-5.6,-7.6
2025-11-18,2026-03-17,3.5,-2.4,-10.0
2025-11-18,2026-05-05,3.4642,-3.58,-13.58
2025-11-18,2026-06-16,3.47,0.58,-13.0
2025-11-18,2026-08-11,3.47,0.0,-13.0
2025-11-18,2026-09-29,3.48,1.0,-12.0
2025-11-18,2026-11-03,3.5022,2.22,-9.78
2025-11-18,2026-12-08,3.52,1.78,-8.0
2025-11-18,2027-02-09,3.5347,1.47,-6.53
2025-11-18,2027-03-23,3.55,1.53,-5.0
2025-11-19,2025-12-09,3.58,-2.0,-2.0
2025-11-19,2026-02-03,3.5128,-6.72,-8.72
2025-11-19,2026-03-17,3.49,-2.28,-11.0
2025-11-19,2026-05-05,3.4423,-4.77,-15.77
2025-11-19,2026-06-16,3.45,0.77,-15.0
2025-11-19,2026-08-11,3.4655,1.55,-13.45
2025-11-19,2026-09-29,3.47,0.45,-13.0
2025-11-19,2026-11-03,3.4922,2.22,-10.78
2025-11-19,2026-12-08,3.5,0.78,-10.0
2025-11-19,2027-02-09,3.5295,2.95,-7.05
2025-11-19,2027-03-23,3.54,1.05,-6.0
2025-11-20,2025-12-09,3.58,-2.0,-2.0
2025-11-20,2026-02-03,3.5464,-3.36,-5.36
2025-11-20,2026-03-17,3.52,-2.64,-8.0
2025-11-20,2026-05-05,3.4723,-4.77,-12.77
2025-11-20,2026-06-16,3.49,1.77,-11.0
2025-11-20,2026-08-11,3.5055,1.55,-9.45
2025-11-20,2026-09-29,3.52,1.45,-8.0
2025-11-20,2026-11-03,3.5311,1.11,-6.89
2025-11-20,2026-12-08,3.55,1.89,-5.0
2025-11-20,2027-02-09,3.5795,2.95,-2.05
2025-11-20,2027-03-23,3.59,1.05,-1.0
2025-11-21,2025-12-09,3.58,-2.0,-2.0
2025-11-21,2026-02-03,3.524,-5.6,-7.6
2025-11-21,2026-03-17,3.5,-2.4,-10.0
2025-11-21,2026-05-05,3.4762,-2.38,-12.38
2025-11-21,2026-06-16,3.48,0.38,-12.0
2025-11-21,2026-08-11,3.4955,1.55,-10.45
2025-11-21,2026-09-29,3.5,0.45,-10.0
2025-11-21,2026-11-03,3.5222,2.22,-7.78
2025-11-21,2026-12-08,3.53,0.78,-7.0
2025-11-21,2027-02-09,3.5742,4.42,-2.58
2025-11-21,2027-03-23,3.58,0.58,-2.0
2025-11-24,2025-12-09,3.58,-2.0,-2.0
2025-11-24,2026-02-03,3.524,-5.6,-7.6
2025-11-24,2026-03-17,3.52,-0.4,-8.0
2025-11-24,2026-05-05,3.4723,-4.77,-12.77
2025-11-24,2026-06-16,3.48,0.77,-12.0
2025-11-24,2026-08-11,3.48,-0.0,-12.0
2025-11-24,2026-09-29,3.5,2.0,-10.0
2025-11-24,2026-11-03,3.5222,2.22,-7.78
2025-11-24,2026-12-08,3.53,0.78,-7.0
2025-11-24,2027-02-09,3.5595,2.95,-4.05
2025-11-24,2027-03-23,3.58,2.05,-2.0
2025-11-25,2025-12-09,3.58,-2.0,-2.0
2025-11-25,2026-02-03,3.5352,-4.48,-6.48
2025-11-25,2026-03-17,3.52,-1.52,-8.0
2025-11-25,2026-05-05,3.4723,-4.77,-12.77
2025-11-25,2026-06-16,3.48,0.77,-12.0
2025-11-25,2026-08-11,3.48,-0.0,-12.0
2025-11-25,2026-09-29,3.5,2.0,-10.0
2025-11-25,2026-11-03,3.5222,2.22,-7.78
2025-11-25,2026-12-08,3.53,0.78,-7.0
2025-11-25,2027-02-09,3.53,0.0,-7.0
2025-11-25,2027-03-23,3.56,3.0,-4.0
2025-11-26,2025-12-09,3.59,-1.0,-1.0
2025-11-26,2026-02-03,3.5788,-1.12,-2.12
2025-11-26,2026-03-17,3.58,0.12,-2.0
2025-11-26,2026-05-05,3.58,0.0,-2.0
2025-11-26,2026-06-16,3.61,3.0,1.0
2025-11-26,2026-08-11,3.61,-0.0,1.0
2025-11-26,2026-09-29,3.66,5.0,6.0
2025-11-26,2026-11-03,3.6711,1.11,7.11
2025-11-26,2026-12-08,3.69,1.89,9.0
2025-11-26,2027-02-09,3.7047,1.47,10.47
2025-11-26,2027-03-23,3.73,2.53,13.0
2025-11-27,2025-12-09,3.59,-1.0,-1.0
2025-11-27,2026-02-03,3.5676,-2.24,-3.24
2025-11-27,2026-03-17,3.56,-0.76,-4.0
2025-11-27,2026-05-05,3.56,0.0,-4.0
2025-11-27,2026-06-16,3.58,2.0,-2.0
2025-11-27,2026-08-11,3.5955,1.55,-0.45
2025-11-27,2026-09-29,3.61,1.45,1.0
2025-11-27,2026-11-03,3.6433,3.33,4.33
2025-11-27,2026-12-08,3.65,0.67,5.0
2025-11-27,2027-02-09,3.6795,2.95,7.95
2025-11-27,2027-03-23,3.69,1.05,9.0
2025-11-28,2025-12-09,3.59,-1.0,-1.0
2025-11-28,2026-02-03,3.5788,-1.12,-2.12
2025-11-28,2026-03-17,3.58,0.12,-2.0
2025-11-28,2026-05-05,3.5919,1.19,-0.81
2025-11-28,2026-06-16,3.61,1.81,1.0
2025-11-28,2026-08-11,3.641,3.1,4.1
2025-11-28,2026-09-29,3.66,1.9,6.0
2025-11-28,2026-11-03,3.6711,1.11,7.11
2025-11-28,2026-12-08,3.69,1.89,9.0
2025-11-28,2027-02-09,3.7342,4.42,13.42
2025-11-28,2027-03-23,3.73,-0.42,13.0
2025-12-01,2025-12-09,3.59,-1.0,-1.0
2025-12-01,2026-02-03,3.5788,-1.12,-2.12
2025-12-01,2026-03-17,3.58,0.12,-2.0
2025-12-01,2026-05-05,3.5919,1.19,-0.81
2025-12-01,2026-06-16,3.62,2.81,2.0
2025-12-01,2026-08-11,3.651,3.1,5.1
2025-12-01,2026-09-29,3.67,1.9,7.0
2025-12-01,2026-11-03,3.7033,3.33,10.33
2025-12-01,2026-12-08,3.72,1.67,12.0
2025-12-01,2027-02-09,3.7495,2.95,14.95
2025-12-01,2027-03-23,3.77,2.05,17.0
2025-12-01,2027-05-04,3.7815,1.15,18.15
2025-12-02,2025-12-09,3.59,-1.0,-1.0
2025-12-02,2026-02-03,3.59,0.0,-1.0
2025-12-02,2026-03-17,3.59,0.0,-1.0
2025-12-02,2026-05-05,3.6258,3.58,2.58
2025-12-02,2026-06-16,3.64,1.42,4.0
2025-12-02,2026-08-11,3.6865,4.65,8.65
2025-12-02,2026-09-29,3.7,1.35,10.0
2025-12-02,2026-11-03,3.7333,3.33,13.33
2025-12-02,2026-12-08,3.75,1.67,15.0
2025-12-02,2027-02-09,3.7795,2.95,17.95
2025-12-02,2027-03-23,3.79,1.05,19.0
2025-12-02,2027-05-04,3.813,2.3,21.3
2025-12-03,2025-12-09,3.59,-1.0,-1.0
2025-12-03,2026-02-03,3.59,0.0,-1.0
2025-12-03,2026-03-17,3.6,1.0,0.0
2025-12-03,2026-05-05,3.6358,3.58,3.58
2025-12-03,2026-06-16,3.67,3.42,7.0
2025-12-03,2026-08-11,3.732,6.2,13.2
2025-12-03,2026-09-29,3.76,2.8,16.0
2025-12-03,2026-11-03,3.7933,3.33,19.33
2025-12-03,2026-12-08,3.83,3.67,23.0
2025-12-03,2027-02-09,3.8447,1.47,24.47
2025-12-03,2027-03-23,3.88,3.53,28.0
2025-12-03,2027-05-04,3.8915,1.15,29.15
2025-12-04,2025-12-09,3.6,0.0,0.0
2025-12-04,2026-02-03,3.656,5.6,5.6
2025-12-04,2026-03-17,3.65,-0.6,5.0
2025-12-04,2026-05-05,3.6858,3.58,8.58
2025-12-04,2026-06-16,3.72,3.42,12.0
2025-12-04,2026-08-11,3.782,6.2,18.2
2025-12-04,2026-09-29,3.81,2.8,21.0
2025-12-04,2026-11-03,3.8433,3.33,24.33
2025-12-04,2026-12-08,3.88,3.67,28.0
2025-12-04,2027-02-09,3.8947,1.47,29.47
2025-12-04,2027-03-23,3.92,2.53,32.0
2025-12-04,2027-05-04,3.943,2.3,34.3
2025-12-05,2025-12-09,3.59,-1.0,-1.0
2025-12-05,2026-02-03,3.6236,3.36,2.36
2025-12-05,2026-03-17,3.64,1.64,4.0
2025-12-05,2026-05-05,3.6996,5.96,9.96
2025-12-05,2026-06-16,3.77,7.04,17.0
2025-12-05,2026-08-11,3.832,6.2,23.2
2025-12-05,2026-09-29,3.86,2.8,26.0
2025-12-05,2026-11-03,3.8933,3.33,29.33
2025-12-05,2026-12-08,3.91,1.67,31.0
2025-12-05,2027-02-09,3.9247,1.47,32.47
2025-12-05,2027-03-23,3.92,-0.47,32.0
2025-12-05,2027-05-04,3.943,2.3,34.3
2025-12-08,2025-12-09,3.59,-1.0,-1.0
2025-12-08,2026-02-03,3.6348,4.48,3.48
2025-12-08,2026-03-17,3.65,1.52,5.0
2025-12-08,2026-05-05,3.7096,5.96,10.96
2025-12-08,2026-06-16,3.78,7.04,18.0
2025-12-08,2026-08-11,3.8575,7.75,25.75
2025-12-08,2026-09-29,3.89,3.25,29.0
2025-12-08,2026-11-03,3.9233,3.33,32.33
2025-12-08,2026-12-08,3.94,1.67,34.0
2025-12-08,2027-02-09,3.9547,1.47,35.47
2025-12-08,2027-03-23,3.97,1.53,37.0
2025-12-08,2027-05-04,3.9815,1.15,38.15
2025-12-09,2025-12-09,3.59,-1.0,-1.0
2025-12-09,2026-02-03,3.6684,7.84,6.84
2025-12-09,2026-03-17,3.72,5.16,12.0
2025-12-09,2026-05-05,3.8154,9.54,21.54
2025-12-09,2026-06-16,3.89,7.46,29.0
2025-12-09,2026-08-11,3.9675,7.75,36.75
2025-12-09,2026-09-29,4.0,3.25,40.0
2025-12-09,2026-11-03,4.0444,4.44,44.44
2025-12-09,2026-12-08,4.06,1.56,46.0
2025-12-09,2027-02-09,4.0747,1.47,47.47
2025-12-09,2027-03-23,4.08,0.53,48.0
2025-12-09,2027-05-04,4.0915,1.15,49.15
2025-12-10,2026-02-03,3.6672,6.72,6.72
2025-12-10,2026-03-17,3.72,5.28,12.0
2025-12-10,2026-05-05,3.8154,9.54,21.54
2025-12-10,2026-06-16,3.89,7.46,29.0
2025-12-10,2026-08-11,3.9675,7.75,36.75
2025-12-10,2026-09-29,4.0,3.25,40.0
2025-12-10,2026-11-03,4.0444,4.44,44.44
2025-12-10,2026-12-08,4.06,1.56,46.0
2025-12-10,2027-02-09,4.0747,1.47,47.47
2025-12-10,2027-03-23,4.08,0.53,48.0
2025-12-10,2027-05-04,4.0915,1.15,49.15
2025-12-11,2026-02-03,3.6448,4.48,4.48
2025-12-11,2026-03-17,3.67,2.52,7.0
2025-12-11,2026-05-05,3.7535,8.35,15.35
2025-12-11,2026-06-16,3.81,5.65,21.0
2025-12-11,2026-08-11,3.9185,10.85,31.85
2025-12-11,2026-09-29,3.94,2.15,34.0
2025-12-11,2026-11-03,3.9956,5.56,39.56
2025-12-11,2026-12-08,4.02,2.44,42.0
2025-12-11,2027-02-09,4.0347,1.47,43.47
2025-12-11,2027-03-23,4.05,1.53,45.0
2025-12-11,2027-05-04,4.0615,1.15,46.15
2025-12-12,2026-02-03,3.6672,6.72,6.72
2025-12-12,2026-03-17,3.69,2.28,9.0
2025-12-12,2026-05-05,3.7735,8.35,17.35
2025-12-12,2026-06-16,3.83,5.65,23.0
2025-12-12,2026-08-11,3.923,9.3,32.3
2025-12-12,2026-09-29,3.94,1.7,34.0
2025-12-12,2026-11-03,3.9733,3.33,37.33
2025-12-12,2026-12-08,4.0,2.67,40.0
2025-12-12,2027-02-09,4.0147,1.47,41.47
2025-12-12,2027-03-23,4.02,0.53,42.0
2025-12-12,2027-05-04,4.0315,1.15,43.15
2025-12-15,2026-02-03,3.6672,6.72,6.72
2025-12-15,2026-03-17,3.67,0.28,7.0
2025-12-15,2026-05-05,3.7415,7.15,14.15
2025-12-15,2026-06-16,3.78,3.85,18.0
2025-12-15,2026-08-11,3.8575,7.75,25.75
2025-12-15,2026-09-29,3.89,3.25,29.0
2025-12-15,2026-11-03,3.9233,3.33,32.33
2025-12-15,2026-12-08,3.94,1.67,34.0
2025-12-15,2027-02-09,3.9695,2.95,36.95
2025-12-15,2027-03-23,3.97,0.05,37.0
2025-12-15,2027-05-04,3.97,0.0,37.0
2025-12-16,2026-02-03,3.6672,6.72,6.72
2025-12-16,2026-03-17,3.67,0.28,7.0
2025-12-16,2026-05-05,3.7415,7.15,14.15
2025-12-16,2026-06-16,3.78,3.85,18.0
2025-12-16,2026-08-11,3.8575,7.75,25.75
2025-12-16,2026-09-29,3.89,3.25,29.0
2025-12-16,2026-11-03,3.9233,3.33,32.33
2025-12-16,2026-12-08,3.94,1.67,34.0
2025-12-16,2027-02-09,3.9695,2.95,36.95
2025-12-16,2027-03-23,3.97,0.05,37.0
2025-12-16,2027-05-04,3.97,0.0,37.0
2025-12-17,2026-02-03,3.6896,8.96,8.96
2025-12-17,2026-03-17,3.7,1.04,10.0
2025-12-17,2026-05-05,3.8073,10.73,20.73
2025-12-17,2026-06-16,3.83,2.27,23.0
2025-12-17,2026-08-11,3.9385,10.85,33.85
2025-12-17,2026-09-29,3.95,1.15,35.0
2025-12-17,2026-11-03,3.9833,3.33,38.33
2025-12-17,2026-12-08,4.0,1.67,40.0
2025-12-17,2027-02-09,4.0295,2.95,42.95
2025-12-17,2027-03-23,4.03,0.05,43.0
2025-12-17,2027-05-04,4.03,0.0,43.0
2025-12-18,2026-02-03,3.6672,6.72,6.72
2025-12-18,2026-03-17,3.69,2.28,9.0
2025-12-18,2026-05-05,3.7973,10.73,19.73
2025-12-18,2026-06-16,3.81,1.27,21.0
2025-12-18,2026-08-11,3.8875,7.75,28.75
2025-12-18,2026-09-29,3.91,2.25,31.0
2025-12-18,2026-11-03,3.9433,3.33,34.33
2025-12-18,2026-12-08,3.96,1.67,36.0
2025-12-18,2027-02-09,3.9747,1.47,37.47
2025-12-18,2027-03-23,3.97,-0.47,37.0
2025-12-18,2027-05-04,3.9815,1.15,38.15
2025-12-19,2026-02-03,3.6784,7.84,7.84
2025-12-19,2026-03-17,3.7,2.16,10.0
2025-12-19,2026-05-05,3.7954,9.54,19.54
2025-12-19,2026-06-16,3.82,2.46,22.0
2025-12-19,2026-08-11,3.913,9.3,31.3
2025-12-19,2026-09-29,3.93,1.7,33.0
2025-12-19,2026-11-03,3.9633,3.33,36.33
2025-12-19,2026-12-08,3.98,1.67,38.0
2025-12-19,2027-02-09,4.0095,2.95,40.95
2025-12-19,2027-03-23,4.0,-0.95,40.0
2025-12-19,2027-05-04,4.0115,1.15,41.15
2025-12-22,2026-02-03,3.6784,7.84,7.84
2025-12-22,2026-03-17,3.71,3.16,11.0
2025-12-22,2026-05-05,3.8173,10.73,21.73
2025-12-22,2026-06-16,3.84,2.27,24.0
2025-12-22,2026-08-11,3.9485,10.85,34.85
2025-12-22,2026-09-29,3.97,2.15,37.0
2025-12-22,2026-11-03,4.0033,3.33,40.33
2025-12-22,2026-12-08,4.03,2.67,43.0
2025-12-22,2027-02-09,4.0595,2.95,45.95
2025-12-22,2027-03-23,4.06,0.05,46.0
2025-12-22,2027-05-04,4.06,0.0,46.0
2025-12-23,2026-02-03,3.6784,7.84,7.84
2025-12-23,2026-03-17,3.7,2.16,10.0
2025-12-23,2026-05-05,3.7954,9.54,19.54
2025-12-23,2026-06-16,3.82,2.46,22.0
2025-12-23,2026-08-11,3.913,9.3,31.3
2025-12-23,2026-09-29,3.93,1.7,33.0
2025-12-23,2026-11-03,3.9744,4.44,37.44
2025-12-23,2026-12-08,3.98,0.56,38.0
2025-12-23,2027-02-09,4.0095,2.95,40.95
2025-12-23,2027-03-23,4.0,-0.95,40.0
2025-12-23,2027-05-04,4.023,2.3,42.3
2025-12-24,2026-02-03,3.6784,7.84,7.84
2025-12-24,2026-03-17,3.7,2.16,10.0
2025-12-24,2026-05-05,3.7954,9.54,19.54
2025-12-24,2026-06-16,3.83,3.46,23.0
2025-12-24,2026-08-11,3.9075,7.75,30.75
2025-12-24,2026-09-29,3.92,1.25,32.0
2025-12-24,2026-11-03,3.9533,3.33,35.33
2025-12-24,2026-12-08,3.97,1.67,37.0
2025-12-24,2027-02-09,3.9995,2.95,39.95
2025-12-24,2027-03-23,4.0,0.05,40.0
2025-12-24,2027-05-04,4.0,0.0,40.0
2025-12-25,2026-02-03,3.6784,7.84,7.84
2025-12-25,2026-03-17,3.7,2.16,10.0
2025-12-25,2026-05-05,3.7954,9.54,19.54
2025-12-25,2026-06-16,3.83,3.46,23.0
2025-12-25,2026-08-11,3.9075,7.75,30.75
2025-12-25,2026-09-29,3.92,1.25,32.0
2025-12-25,2026-11-03,3.9533,3.33,35.33
2025-12-25,2026-12-08,3.97,1.67,37.0
2025-12-25,2027-02-09,3.9995,2.95,39.95
2025-12-25,2027-03-23,4.0,0.05,40.0
2025-12-25,2027-05-04,4.0,0.0,40.0
2025-12-26,2026-02-03,3.6784,7.84,7.84
2025-12-26,2026-03-17,3.7,2.16,10.0
2025-12-26,2026-05-05,3.7954,9.54,19.54
2025-12-26,2026-06-16,3.83,3.46,23.0
2025-12-26,2026-08-11,3.9075,7.75,30.75
2025-12-26,2026-09-29,3.92,1.25,32.0
2025-12-26,2026-11-03,3.9533,3.33,35.33
2025-12-26,2026-12-08,3.97,1.67,37.0
2025-12-26,2027-02-09,3.9995,2.95,39.95
2025-12-26,2027-03-23,4.0,0.05,40.0
2025-12-26,2027-05-04,4.0,0.0,40.0
2025-12-29,2026-02-03,3.6784,7.84,7.84
2025-12-29,2026-03-17,3.71,3.16,11.0
2025-12-29,2026-05-05,3.7935,8.35,19.35
2025-12-29,2026-06-16,3.83,3.65,23.0
2025-12-29,2026-08-11,3.923,9.3,32.3
2025-12-29,2026-09-29,3.94,1.7,34.0
2025-12-29,2026-11-03,3.9733,3.33,37.33
2025-12-29,2026-12-08,4.0,2.67,40.0
2025-12-29,2027-02-09,4.0,0.0,40.0
2025-12-29,2027-03-23,4.02,2.0,42.0
2025-12-29,2027-05-04,4.02,0.0,42.0
2025-12-30,2026-02-03,3.6896,8.96,8.96
2025-12-30,2026-03-17,3.71,2.04,11.0
2025-12-30,2026-05-05,3.7935,8.35,19.35
2025-12-30,2026-06-16,3.83,3.65,23.0
2025-12-30,2026-08-11,3.923,9.3,32.3
2025-12-30,2026-09-29,3.93,0.7,33.0
2025-12-30,2026-11-03,3.9744,4.44,37.44
2025-12-30,2026-12-08,3.98,0.56,38.0
2025-12-30,2027-02-09,4.0095,2.95,40.95
2025-12-30,2027-03-23,4.0,-0.95,40.0
2025-12-30,2027-05-04,4.0115,1.15,41.15
2025-12-31,2026-02-03,3.6896,8.96,8.96
2025-12-31,2026-03-17,3.72,3.04,12.0
2025-12-31,2026-05-05,3.8154,9.54,21.54
2025-12-31,2026-06-16,3.83,1.46,23.0
2025-12-31,2026-08-11,3.923,9.3,32.3
2025-12-31,2026-09-29,3.94,1.7,34.0
2025-12-31,2026-11-03,3.9733,3.33,37.33
2025-12-31,2026-12-08,4.0,2.67,40.0
2025-12-31,2027-02-09,4.0147,1.47,41.47
2025-12-31,2027-03-23,4.02,0.53,42.0
2025-12-31,2027-05-04,4.0315,1.15,43.15
2026-01-01,2026-02-03,3.6896,8.96,8.96
2026-01-01,2026-03-17,3.72,3.04,12.0
2026-01-01,2026-05-05,3.8154,9.54,21.54
2026-01-01,2026-06-16,3.83,1.46,23.0
2026-01-01,2026-08-11,3.923,9.3,32.3
2026-01-01,2026-09-29,3.94,1.7,34.0
2026-01-01,2026-11-03,3.9733,3.33,37.33
2026-01-01,2026-12-08,4.0,2.67,40.0
2026-01-01,2027-02-09,4.0147,1.47,41.47
2026-01-01,2027-03-23,4.02,0.53,42.0
2026-01-01,2027-05-04,4.0315,1.15,43.15
2026-01-02,2026-02-03,3.6896,8.96,8.96
2026-01-02,2026-03-17,3.71,2.04,11.0
2026-01-02,2026-05-05,3.8412,13.12,24.12
2026-01-02,2026-06-16,3.86,1.88,26.0
2026-01-02,2026-08-11,3.9685,10.85,36.85
2026-01-02,2026-09-29,4.0,3.15,40.0
2026-01-02,2026-11-03,4.0333,3.33,43.33
2026-01-02,2026-12-08,4.06,2.67,46.0
2026-01-02,2027-02-09,4.06,0.0,46.0
2026-01-02,2027-03-23,4.08,2.0,48.0
2026-01-02,2027-05-04,4.08,0.0,48.0
2026-01-02,2027-06-22,4.1175,3.75,51.75
2026-01-05,2026-02-03,3.6784,7.84,7.84
2026-01-05,2026-03-17,3.69,1.16,9.0
2026-01-05,2026-05-05,3.8092,11.92,20.92
2026-01-05,2026-06-16,3.83,2.08,23.0
2026-01-05,2026-08-11,3.923,9.3,32.3
2026-01-05,2026-09-29,3.94,1.7,34.0
2026-01-05,2026-11-03,3.9844,4.44,38.44
2026-01-05,2026-12-08,4.0,1.56,40.0
2026-01-05,2027-02-09,4.0295,2.95,42.95
2026-01-05,2027-03-23,4.03,0.05,43.0
2026-01-05,2027-05-04,4.03,0.0,43.0
2026-01-05,2027-06-22,4.0675,3.75,46.75
2026-01-06,2026-02-03,3.6784,7.84,7.84
2026-01-06,2026-03-17,3.72,4.16,12.0
2026-01-06,2026-05-05,3.8273,10.73,22.73
2026-01-06,2026-06-16,3.85,2.27,25.0
2026-01-06,2026-08-11,3.943,9.3,34.3
2026-01-06,2026-09-29,3.97,2.7,37.0
2026-01-06,2026-11-03,4.0033,3.33,40.33
2026-01-06,2026-12-08,4.02,1.67,42.0
2026-01-06,2027-02-09,4.0347,1.47,43.47
2026-01-06,2027-03-23,4.06,2.53,46.0
2026-01-06,2027-05-04,4.06,0.0,46.0
2026-01-06,2027-06-22,4.06,-0.0,46.0
2026-01-07,2026-02-03,3.6896,8.96,8.96
2026-01-07,2026-03-17,3.72,3.04,12.0
2026-01-07,2026-05-05,3.8512,13.12,25.12
2026-01-07,2026-06-16,3.88,2.88,28.0
2026-01-07,2026-08-11,3.973,9.3,37.3
2026-01-07,2026-09-29,3.99,1.7,39.0
2026-01-07,2026-11-03,4.0233,3.33,42.33
2026-01-07,2026-12-08,4.04,1.67,44.0
2026-01-07,2027-02-09,4.0547,1.47,45.47
2026-01-07,2027-03-23,4.06,0.53,46.0
2026-01-07,2027-05-04,4.083,2.3,48.3
2026-01-07,2027-06-22,4.0719,-1.11,47.19
2026-01-08,2026-02-03,3.6672,6.72,6.72
2026-01-08,2026-03-17,3.69,2.28,9.0
2026-01-08,2026-05-05,3.7854,9.54,18.54
2026-01-08,2026-06-16,3.81,2.46,21.0
2026-01-08,2026-08-11,3.903,9.3,30.3
2026-01-08,2026-09-29,3.9,-0.3,30.0
2026-01-08,2026-11-03,3.9333,3.33,33.33
2026-01-08,2026-12-08,3.94,0.67,34.0
2026-01-08,2027-02-09,3.9547,1.47,35.47
2026-01-08,2027-03-23,3.96,0.53,36.0
2026-01-08,2027-05-04,3.9715,1.15,37.15
2026-01-08,2027-06-22,3.9659,-0.56,36.59
2026-01-09,2026-02-03,3.6672,6.72,6.72
2026-01-09,2026-03-17,3.69,2.28,9.0
2026-01-09,2026-05-05,3.7973,10.73,19.73
2026-01-09,2026-06-16,3.81,1.27,21.0
2026-01-09,2026-08-11,3.8875,7.75,28.75
2026-01-09,2026-09-29,3.89,0.25,29.0
2026-01-09,2026-11-03,3.9233,3.33,32.33
2026-01-09,2026-12-08,3.94,1.67,34.0
2026-01-09,2027-02-09,3.94,-0.0,34.0
2026-01-09,2027-03-23,3.95,1.0,35.0
2026-01-09,2027-05-04,3.973,2.3,37.3
2026-01-09,2027-06-22,3.9619,-1.11,36.19
2026-01-12,2026-02-03,3.6784,7.84,7.84
2026-01-12,2026-03-17,3.7,2.16,10.0
2026-01-12,2026-05-05,3.7954,9.54,19.54
2026-01-12,2026-06-16,3.82,2.46,22.0
2026-01-12,2026-08-11,3.882,6.2,28.2
2026-01-12,2026-09-29,3.9,1.8,30.0
2026-01-12,2026-11-03,3.9222,2.22,32.22
2026-01-12,2026-12-08,3.94,1.78,34.0
2026-01-12,2027-02-09,3.9547,1.47,35.47
2026-01-12,2027-03-23,3.96,0.53,36.0
2026-01-12,2027-05-04,3.9715,1.15,37.15
2026-01-12,2027-06-22,3.9659,-0.56,36.59
2026-01-13,2026-02-03,3.6672,6.72,6.72
2026-01-13,2026-03-17,3.7,3.28,10.0
2026-01-13,2026-05-05,3.7954,9.54,19.54
2026-01-13,2026-06-16,3.81,1.46,21.0
2026-01-13,2026-08-11,3.8875,7.75,28.75
2026-01-13,2026-09-29,3.89,0.25,29.0
2026-01-13,2026-11-03,3.9233,3.33,32.33
2026-01-13,2026-12-08,3.94,1.67,34.0
2026-01-13,2027-02-09,3.94,-0.0,34.0
2026-01-13,2027-03-23,3.95,1.0,35.0
2026-01-13,2027-05-04,3.9615,1.15,36.15
2026-01-13,2027-06-22,3.9934,3.19,39.34
2026-01-14,2026-02-03,3.6672,6.72,6.72
2026-01-14,2026-03-17,3.69,2.28,9.0
2026-01-14,2026-05-05,3.7973,10.73,19.73
2026-01-14,2026-06-16,3.8,0.27,20.0
2026-01-14,2026-08-11,3.8775,7.75,27.75
2026-01-14,2026-09-29,3.89,1.25,29.0
2026-01-14,2026-11-03,3.9233,3.33,32.33
2026-01-14,2026-12-08,3.94,1.67,34.0
2026-01-14,2027-02-09,3.9695,2.95,36.95
2026-01-14,2027-03-23,3.97,0.05,37.0
2026-01-14,2027-05-04,3.9815,1.15,38.15
2026-01-14,2027-06-22,3.9759,-0.56,37.59
2026-01-15,2026-02-03,3.656,5.6,5.6
2026-01-15,2026-03-17,3.67,1.4,7.0
2026-01-15,2026-05-05,3.7773,10.73,17.73
2026-01-15,2026-06-16,3.79,1.27,19.0
2026-01-15,2026-08-11,3.852,6.2,25.2
2026-01-15,2026-09-29,3.88,2.8,28.0
2026-01-15,2026-11-03,3.9133,3.33,31.33
2026-01-15,2026-12-08,3.92,0.67,32.0
2026-01-15,2027-02-09,3.9495,2.95,34.95
2026-01-15,2027-03-23,3.94,-0.95,34.0
2026-01-15,2027-05-04,3.9515,1.15,35.15
2026-01-15,2027-06-22,3.9834,3.19,38.34
2026-01-16,2026-02-03,3.656,5.6,5.6
2026-01-16,2026-03-17,3.68,2.4,8.0
2026-01-16,2026-05-05,3.7873,10.73,18.73
2026-01-16,2026-06-16,3.81,2.27,21.0
2026-01-16,2026-08-11,3.8875,7.75,28.75
2026-01-16,2026-09-29,3.91,2.25,31.0
2026-01-16,2026-11-03,3.9322,2.22,33.22
2026-01-16,2026-12-08,3.95,1.78,35.0
2026-01-16,2027-02-09,3.9795,2.95,37.95
2026-01-16,2027-03-23,3.97,-0.95,37.0
2026-01-16,2027-05-04,3.9815,1.15,38.15
2026-01-16,2027-06-22,4.0134,3.19,41.34
2026-01-19,2026-02-03,3.6672,6.72,6.72
2026-01-19,2026-03-17,3.69,2.28,9.0
2026-01-19,2026-05-05,3.7973,10.73,19.73
2026-01-19,2026-06-16,3.81,1.27,21.0
2026-01-19,2026-08-11,3.8875,7.75,28.75
2026-01-19,2026-09-29,3.92,3.25,32.0
2026-01-19,2026-11-03,3.9533,3.33,35.33
2026-01-19,2026-12-08,3.97,1.67,37.0
2026-01-19,2027-02-09,3.9995,2.95,39.95
2026-01-19,2027-03-23,4.0,0.05,40.0
2026-01-19,2027-05-04,4.0115,1.15,41.15
2026-01-19,2027-06-22,4.0434,3.19,44.34
2026-01-20,2026-02-03,3.6672,6.72,6.72
2026-01-20,2026-03-17,3.69,2.28,9.0
2026-01-20,2026-05-05,3.8212,13.12,22.12
2026-01-20,2026-06-16,3.83,0.88,23.0
2026-01-20,2026-08-11,3.923,9.3,32.3
2026-01-20,2026-09-29,3.94,1.7,34.0
2026-01-20,2026-11-03,3.9844,4.44,38.44
2026-01-20,2026-12-08,4.01,2.56,41.0
2026-01-20,2027-02-09,4.0395,2.95,43.95
2026-01-20,2027-03-23,4.04,0.05,44.0
2026-01-20,2027-05-04,4.063,2.3,46.3
2026-01-20,2027-06-22,4.0519,-1.11,45.19
2026-01-21,2026-02-03,3.6672,6.72,6.72
2026-01-21,2026-03-17,3.69,2.28,9.0
2026-01-21,2026-05-05,3.7973,10.73,19.73
2026-01-21,2026-06-16,3.82,2.27,22.0
2026-01-21,2026-08-11,3.8975,7.75,29.75
2026-01-21,2026-09-29,3.93,3.25,33.0
2026-01-21,2026-11-03,3.9744,4.44,37.44
2026-01-21,2026-12-08,3.99,1.56,39.0
2026-01-21,2027-02-09,4.0047,1.47,40.47
2026-01-21,2027-03-23,4.03,2.53,43.0
2026-01-21,2027-05-04,4.03,0.0,43.0
2026-01-21,2027-06-22,4.105,7.5,50.5
2026-01-22,2026-02-03,3.7456,14.56,14.56
2026-01-22,2026-03-17,3.78,3.44,18.0
2026-01-22,2026-05-05,3.9112,13.12,31.12
2026-01-22,2026-06-16,3.94,2.88,34.0
2026-01-22,2026-08-11,4.002,6.2,40.2
2026-01-22,2026-09-29,4.03,2.8,43.0
2026-01-22,2026-11-03,4.0744,4.44,47.44
2026-01-22,2026-12-08,4.08,0.56,48.0
2026-01-22,2027-02-09,4.08,0.0,48.0
2026-01-22,2027-03-23,4.09,1.0,49.0
2026-01-22,2027-05-04,4.113,2.3,51.3
2026-01-22,2027-06-22,4.1019,-1.11,50.19
2026-01-23,2026-02-03,3.7344,13.44,13.44
2026-01-23,2026-03-17,3.78,4.56,18.0
2026-01-23,2026-05-05,3.9112,13.12,31.12
2026-01-23,2026-06-16,3.95,3.88,35.0
2026-01-23,2026-08-11,4.0275,7.75,42.75
2026-01-23,2026-09-29,4.06,3.25,46.0
2026-01-23,2026-11-03,4.0933,3.33,49.33
2026-01-23,2026-12-08,4.11,1.67,51.0
2026-01-23,2027-02-09,4.11,0.0,51.0
2026-01-23,2027-03-23,4.13,2.0,53.0
2026-01-23,2027-05-04,4.1415,1.15,54.15
2026-01-23,2027-06-22,4.1359,-0.56,53.59
2026-01-26,2026-02-03,3.7456,14.56,14.56
2026-01-26,2026-03-17,3.78,3.44,18.0
2026-01-26,2026-05-05,3.9112,13.12,31.12
2026-01-26,2026-06-16,3.95,3.88,35.0
2026-01-26,2026-08-11,4.0275,7.75,42.75
2026-01-26,2026-09-29,4.06,3.25,46.0
2026-01-26,2026-11-03,4.0933,3.33,49.33
2026-01-26,2026-12-08,4.11,1.67,51.0
2026-01-26,2027-02-09,4.11,0.0,51.0
2026-01-26,2027-03-23,4.13,2.0,53.0
2026-01-26,2027-05-04,4.1415,1.15,54.15
2026-01-26,2027-06-22,4.1359,-0.56,53.59
2026-01-27,2026-02-03,3.7456,14.56,14.56
2026-01-27,2026-03-17,3.79,4.44,19.0
2026-01-27,2026-05-05,3.945,15.5,34.5
2026-01-27,2026-06-16,3.99,4.5,39.0
2026-01-27,2026-08-11,4.0985,10.85,49.85
2026-01-27,2026-09-29,4.12,2.15,52.0
2026-01-27,2026-11-03,4.1644,4.44,56.44
2026-01-27,2026-12-08,4.17,0.56,57.0
2026-01-27,2027-02-09,4.17,-0.0,57.0
2026-01-27,2027-03-23,4.19,2.0,59.0
2026-01-27,2027-05-04,4.19,0.0,59.0
2026-01-27,2027-06-22,4.19,0.0,59.0
2026-01-28,2026-02-03,3.7792,17.92,17.92
2026-01-28,2026-03-17,3.81,3.08,21.0
2026-01-28,2026-05-05,3.9531,14.31,35.31
2026-01-28,2026-06-16,3.98,2.69,38.0
2026-01-28,2026-08-11,4.073,9.3,47.3
2026-01-28,2026-09-29,4.1,2.7,50.0
2026-01-28,2026-11-03,4.1444,4.44,54.44
2026-01-28,2026-12-08,4.15,0.56,55.0
2026-01-28,2027-02-09,4.1647,1.47,56.47
2026-01-28,2027-03-23,4.16,-0.47,56.0
2026-01-28,2027-05-04,4.1715,1.15,57.15
2026-01-28,2027-06-22,4.1659,-0.56,56.59
2026-01-29,2026-02-03,3.768,16.8,16.8
2026-01-29,2026-03-17,3.81,4.2,21.0
2026-01-29,2026-05-05,3.9531,14.31,35.31
2026-01-29,2026-06-16,4.0,4.69,40.0
2026-01-29,2026-08-11,4.093,9.3,49.3
2026-01-29,2026-09-29,4.12,2.7,52.0
2026-01-29,2026-11-03,4.1644,4.44,56.44
2026-01-29,2026-12-08,4.17,0.56,57.0
2026-01-29,2027-02-09,4.17,-0.0,57.0
2026-01-29,2027-03-23,4.19,2.0,59.0
2026-01-29,2027-05-04,4.19,0.0,59.0
2026-01-29,2027-06-22,4.19,0.0,59.0
2026-01-30,2026-02-03,3.7792,17.92,17.92
2026-01-30,2026-03-17,3.82,4.08,22.0
2026-01-30,2026-05-05,3.9631,14.31,36.31
2026-01-30,2026-06-16,4.0,3.69,40.0
2026-01-30,2026-08-11,4.093,9.3,49.3
2026-01-30,2026-09-29,4.12,2.7,52.0
2026-01-30,2026-11-03,4.1644,4.44,56.44
2026-01-30,2026-12-08,4.17,0.56,57.0
2026-01-30,2027-02-09,4.17,-0.0,57.0
2026-01-30,2027-03-23,4.17,0.0,57.0
2026-01-30,2027-05-04,4.1815,1.15,58.15
2026-01-30,2027-06-22,4.1759,-0.56,57.59
2026-02-02,2026-02-03,3.7792,17.92,17.92
2026-02-02,2026-03-17,3.82,4.08,22.0
2026-02-02,2026-05-05,3.9631,14.31,36.31
2026-02-02,2026-06-16,3.99,2.69,39.0
2026-02-02,2026-08-11,4.083,9.3,48.3
2026-02-02,2026-09-29,4.1,1.7,50.0
2026-02-02,2026-11-03,4.1444,4.44,54.44
2026-02-02,2026-12-08,4.14,-0.44,54.0
2026-02-02,2027-02-09,4.14,0.0,54.0
2026-02-02,2027-03-23,4.15,1.0,55.0
2026-02-02,2027-05-04,4.15,0.0,55.0
2026-02-02,2027-06-22,4.16,1.0,56.0
2026-02-03,2026-02-03,3.8464,24.64,24.64
2026-02-03,2026-03-17,3.88,3.36,28.0
2026-02-03,2026-05-05,4.0469,16.69,44.69
2026-02-03,2026-06-16,4.06,1.31,46.0
2026-02-03,2026-08-11,4.1685,10.85,56.85
2026-02-03,2026-09-29,4.18,1.15,58.0
2026-02-03,2026-11-03,4.2244,4.44,62.44
2026-02-03,2026-12-08,4.22,-0.44,62.0
2026-02-03,2027-02-09,4.2053,-1.47,60.53
2026-02-03,2027-03-23,4.21,0.47,61.0
2026-02-03,2027-05-04,4.21,0.0,61.0
2026-02-03,2027-06-22,4.21,0.0,61.0
2026-02-04,2026-03-17,3.89,4.0,4.0
2026-02-04,2026-05-05,4.0569,16.69,20.69
2026-02-04,2026-06-16,4.09,3.31,24.0
2026-02-04,2026-08-11,4.1985,10.85,34.85
2026-02-04,2026-09-29,4.22,2.15,37.0
2026-02-04,2026-11-03,4.2422,2.22,39.22
2026-02-04,2026-12-08,4.25,0.78,40.0
2026-02-04,2027-02-09,4.25,0.0,40.0
2026-02-04,2027-03-23,4.26,1.0,41.0
2026-02-04,2027-05-04,4.26,0.0,41.0
2026-02-04,2027-06-22,4.26,-0.0,41.0
2026-02-05,2026-03-17,3.89,4.0,4.0
2026-02-05,2026-05-05,4.0569,16.69,20.69
2026-02-05,2026-06-16,4.09,3.31,24.0
2026-02-05,2026-08-11,4.214,12.4,36.4
2026-02-05,2026-09-29,4.22,0.6,37.0
2026-02-05,2026-11-03,4.2422,2.22,39.22
2026-02-05,2026-12-08,4.25,0.78,40.0
2026-02-05,2027-02-09,4.25,0.0,40.0
2026-02-05,2027-03-23,4.25,0.0,40.0
2026-02-05,2027-05-04,4.25,0.0,40.0
2026-02-05,2027-06-22,4.25,0.0,40.0
2026-02-06,2026-03-17,3.88,3.0,3.0
2026-02-06,2026-05-05,4.0469,16.69,19.69
2026-02-06,2026-06-16,4.06,1.31,21.0
2026-02-06,2026-08-11,4.1685,10.85,31.85
2026-02-06,2026-09-29,4.18,1.15,33.0
2026-02-06,2026-11-03,4.2022,2.22,35.22
2026-02-06,2026-12-08,4.21,0.78,36.0
2026-02-06,2027-02-09,4.21,0.0,36.0
2026-02-06,2027-03-23,4.21,0.0,36.0
2026-02-06,2027-05-04,4.1985,-1.15,34.85
2026-02-06,2027-06-22,4.2,0.15,35.0
2026-02-09,2026-03-17,3.88,3.0,3.0
2026-02-09,2026-05-05,4.0588,17.88,20.88
2026-02-09,2026-06-16,4.08,2.12,23.0
2026-02-09,2026-08-11,4.204,12.4,35.4
2026-02-09,2026-09-29,4.2,-0.4,35.0
2026-02-09,2026-11-03,4.2222,2.22,37.22
2026-02-09,2026-12-08,4.24,1.78,39.0
2026-02-09,2027-02-09,4.24,0.0,39.0
2026-02-09,2027-03-23,4.24,0.0,39.0
2026-02-09,2027-05-04,4.2285,-1.15,37.85
2026-02-09,2027-06-22,4.23,0.15,38.0
2026-02-10,2026-03-17,3.88,3.0,3.0
2026-02-10,2026-05-05,4.0469,16.69,19.69
2026-02-10,2026-06-16,4.07,2.31,22.0
2026-02-10,2026-08-11,4.1785,10.85,32.85
2026-02-10,2026-09-29,4.19,1.15,34.0
2026-02-10,2026-11-03,4.2011,1.11,35.11
2026-02-10,2026-12-08,4.22,1.89,37.0
2026-02-10,2027-02-09,4.22,0.0,37.0
2026-02-10,2027-03-23,4.22,-0.0,37.0
2026-02-10,2027-05-04,4.2085,-1.15,35.85
2026-02-10,2027-06-22,4.2,-0.85,35.0
2026-02-11,2026-03-17,3.88,3.0,3.0
2026-02-11,2026-05-05,4.0469,16.69,19.69
2026-02-11,2026-06-16,4.06,1.31,21.0
2026-02-11,2026-08-11,4.153,9.3,30.3
2026-02-11,2026-09-29,4.17,1.7,32.0
2026-02-11,2026-11-03,4.1922,2.22,34.22
2026-02-11,2026-12-08,4.19,-0.22,34.0
2026-02-11,2027-02-09,4.19,0.0,34.0
2026-02-11,2027-03-23,4.18,-1.0,33.0
2026-02-11,2027-05-04,4.1685,-1.15,31.85
2026-02-11,2027-06-22,4.17,0.15,32.0
2026-02-12,2026-03-17,3.88,3.0,3.0
2026-02-12,2026-05-05,4.0588,17.88,20.88
2026-02-12,2026-06-16,4.07,1.12,22.0
2026-02-12,2026-08-11,4.1785,10.85,32.85
2026-02-12,2026-09-29,4.2,2.15,35.0
2026-02-12,2026-11-03,4.2222,2.22,37.22
2026-02-12,2026-12-08,4.23,0.78,38.0
2026-02-12,2027-02-09,4.2153,-1.47,36.53
2026-02-12,2027-03-23,4.22,0.47,37.0
2026-02-12,2027-05-04,4.22,0.0,37.0
2026-02-12,2027-06-22,4.21,-1.0,36.0
2026-02-13,2026-03-17,3.88,3.0,3.0
2026-02-13,2026-05-05,4.0469,16.69,19.69
2026-02-13,2026-06-16,4.07,2.31,22.0
2026-02-13,2026-08-11,4.1475,7.75,29.75
2026-02-13,2026-09-29,4.18,3.25,33.0
2026-02-13,2026-11-03,4.2022,2.22,35.22
2026-02-13,2026-12-08,4.2,-0.22,35.0
2026-02-13,2027-02-09,4.1853,-1.47,33.53
2026-02-13,2027-03-23,4.19,0.47,34.0
2026-02-13,2027-05-04,4.19,0.0,34.0
2026-02-13,2027-06-22,4.19,0.0,34.0
2026-02-16,2026-03-17,3.88,3.0,3.0
2026-02-16,2026-05-05,4.0588,17.88,20.88
2026-02-16,2026-06-16,4.06,0.12,21.0
2026-02-16,2026-08-11,4.153,9.3,30.3
2026-02-16,2026-09-29,4.17,1.7,32.0
2026-02-16,2026-11-03,4.2033,3.33,35.33
2026-02-16,2026-12-08,4.19,-1.33,34.0
2026-02-16,2027-02-09,4.19,0.0,34.0
2026-02-16,2027-03-23,4.17,-2.0,32.0
2026-02-16,2027-05-04,4.17,0.0,32.0
2026-02-16,2027-06-22,4.16,-1.0,31.0
2026-02-17,2026-03-17,3.87,2.0,2.0
2026-02-17,2026-05-05,4.025,15.5,17.5
2026-02-17,2026-06-16,4.04,1.5,19.0
2026-02-17,2026-08-11,4.1175,7.75,26.75
2026-02-17,2026-09-29,4.14,2.25,29.0
2026-02-17,2026-11-03,4.1622,2.22,31.22
2026-02-17,2026-12-08,4.15,-1.22,30.0
2026-02-17,2027-02-09,4.1353,-1.47,28.53
2026-02-17,2027-03-23,4.13,-0.53,28.0
2026-02-17,2027-05-04,4.1185,-1.15,26.85
2026-02-17,2027-06-22,4.11,-0.85,26.0
2026-02-18,2026-03-17,3.87,2.0,2.0
2026-02-18,2026-05-05,4.0369,16.69,18.69
2026-02-18,2026-06-16,4.05,1.31,20.0
2026-02-18,2026-08-11,4.143,9.3,29.3
2026-02-18,2026-09-29,4.15,0.7,30.0
2026-02-18,2026-11-03,4.1833,3.33,33.33
2026-02-18,2026-12-08,4.17,-1.33,32.0
2026-02-18,2027-02-09,4.17,-0.0,32.0
2026-02-18,2027-03-23,4.16,-1.0,31.0
2026-02-18,2027-05-04,4.1485,-1.15,29.85
2026-02-18,2027-06-22,4.14,-0.85,29.0
2026-02-19,2026-03-17,3.89,4.0,4.0
2026-02-19,2026-05-05,4.0688,17.88,21.88
2026-02-19,2026-06-16,4.09,2.12,24.0
2026-02-19,2026-08-11,4.214,12.4,36.4
2026-02-19,2026-09-29,4.22,0.6,37.0
2026-02-19,2026-11-03,4.2533,3.33,40.33
2026-02-19,2026-12-08,4.25,-0.33,40.0
2026-02-19,2027-02-09,4.25,0.0,40.0
2026-02-19,2027-03-23,4.23,-2.0,38.0
2026-02-19,2027-05-04,4.23,0.0,38.0
2026-02-19,2027-06-22,4.22,-1.0,37.0
2026-02-20,2026-03-17,3.88,3.0,3.0
2026-02-20,2026-05-05,4.0588,17.88,20.88
2026-02-20,2026-06-16,4.08,2.12,23.0
2026-02-20,2026-08-11,4.1885,10.85,33.85
2026-02-20,2026-09-29,4.19,0.15,34.0
2026-02-20,2026-11-03,4.2233,3.33,37.33
2026-02-20,2026-12-08,4.21,-1.33,36.0
2026-02-20,2027-02-09,4.1953,-1.47,34.53
2026-02-20,2027-03-23,4.19,-0.53,34.0
2026-02-20,2027-05-04,4.1785,-1.15,32.85
2026-02-20,2027-06-22,4.17,-0.85,32.0
2026-02-23,2026-03-17,3.88,3.0,3.0
2026-02-23,2026-05-05,4.0588,17.88,20.88
2026-02-23,2026-06-16,4.08,2.12,23.0
2026-02-23,2026-08-11,4.173,9.3,32.3
2026-02-23,2026-09-29,4.19,1.7,34.0
2026-02-23,2026-11-03,4.2122,2.22,36.22
2026-02-23,2026-12-08,4.2,-1.22,35.0
2026-02-23,2027-02-09,4.1853,-1.47,33.53
2026-02-23,2027-03-23,4.17,-1.53,32.0
2026-02-23,2027-05-04,4.1585,-1.15,30.85
2026-02-23,2027-06-22,4.15,-0.85,30.0
2026-02-24,2026-03-17,3.88,3.0,3.0
2026-02-24,2026-05-05,4.0588,17.88,20.88
2026-02-24,2026-06-16,4.08,2.12,23.0
2026-02-24,2026-08-11,4.1885,10.85,33.85
2026-02-24,2026-09-29,4.19,0.15,34.0
2026-02-24,2026-11-03,4.2122,2.22,36.22
2026-02-24,2026-12-08,4.19,-2.22,34.0
2026-02-24,2027-02-09,4.19,0.0,34.0
2026-02-24,2027-03-23,4.17,-2.0,32.0
2026-02-24,2027-05-04,4.147,-2.3,29.7
2026-02-24,2027-06-22,4.13,-1.7,28.0
2026-02-25,2026-03-17,3.89,4.0,4.0
2026-02-25,2026-05-05,4.0808,19.08,23.08
2026-02-25,2026-06-16,4.11,2.92,26.0
2026-02-25,2026-08-11,4.234,12.4,38.4
2026-02-25,2026-09-29,4.23,-0.4,38.0
2026-02-25,2026-11-03,4.2522,2.22,40.22
2026-02-25,2026-12-08,4.24,-1.22,39.0
2026-02-25,2027-02-09,4.2253,-1.47,37.53
2026-02-25,2027-03-23,4.21,-1.53,36.0
2026-02-25,2027-05-04,4.187,-2.3,33.7
2026-02-25,2027-06-22,4.18,-0.7,33.0
2026-02-26,2026-03-17,3.87,2.0,2.0
2026-02-26,2026-05-05,4.0608,19.08,21.08
2026-02-26,2026-06-16,4.09,2.92,24.0
2026-02-26,2026-08-11,4.214,12.4,36.4
2026-02-26,2026-09-29,4.22,0.6,37.0
2026-02-26,2026-11-03,4.2422,2.22,39.22
2026-02-26,2026-12-08,4.23,-1.22,38.0
2026-02-26,2027-02-09,4.2153,-1.47,36.53
2026-02-26,2027-03-23,4.19,-2.53,34.0
2026-02-26,2027-05-04,4.167,-2.3,31.7
2026-02-26,2027-06-22,4.16,-0.7,31.0
2026-02-27,2026-03-17,3.88,3.0,3.0
2026-02-27,2026-05-05,4.0588,17.88,20.88
2026-02-27,2026-06-16,4.08,2.12,23.0
2026-02-27,2026-08-11,4.1885,10.85,33.85
2026-02-27,2026-09-29,4.19,0.15,34.0
2026-02-27,2026-11-03,4.2233,3.33,37.33
2026-02-27,2026-12-08,4.21,-1.33,36.0
2026-02-27,2027-02-09,4.1805,-2.95,33.05
2026-02-27,2027-03-23,4.17,-1.05,32.0
2026-02-27,2027-05-04,4.1356,-3.44,28.56
2026-02-27,2027-06-22,4.11,-2.56,26.0
2026-03-02,2026-03-17,3.86,1.0,1.0
2026-03-02,2026-05-05,4.0508,19.08,20.08
2026-03-02,2026-06-16,4.06,0.92,21.0
2026-03-02,2026-08-11,4.1685,10.85,31.85
2026-03-02,2026-09-29,4.17,0.15,32.0
2026-03-02,2026-11-03,4.2033,3.33,35.33
2026-03-02,2026-12-08,4.19,-1.33,34.0
2026-03-02,2027-02-09,4.1753,-1.47,32.53
2026-03-02,2027-03-23,4.14,-3.53,29.0
2026-03-02,2027-05-04,4.117,-2.3,26.7
2026-03-02,2027-06-22,4.09,-2.7,24.0
2026-03-02,2027-08-10,4.0752,-1.48,22.52
2026-03-03,2026-03-17,3.93,8.0,8.0
2026-03-03,2026-05-05,4.1088,17.88,25.88
2026-03-03,2026-06-16,4.15,4.12,30.0
2026-03-03,2026-08-11,4.2585,10.85,40.85
2026-03-03,2026-09-29,4.28,2.15,43.0
2026-03-03,2026-11-03,4.3133,3.33,46.33
2026-03-03,2026-12-08,4.31,-0.33,46.0
2026-03-03,2027-02-09,4.31,0.0,46.0
2026-03-03,2027-03-23,4.28,-3.0,43.0
2026-03-03,2027-05-04,4.257,-2.3,40.7
2026-03-03,2027-06-22,4.23,-2.7,38.0
2026-03-03,2027-08-10,4.2152,-1.48,36.52
2026-03-04,2026-03-17,3.89,4.0,4.0
2026-03-04,2026-05-05,4.0927,20.27,24.27
2026-03-04,2026-06-16,4.13,3.73,28.0
2026-03-04,2026-08-11,4.2385,10.85,38.85
2026-03-04,2026-09-29,4.25,1.15,40.0
2026-03-04,2026-11-03,4.2833,3.33,43.33
2026-03-04,2026-12-08,4.28,-0.33,43.0
2026-03-04,2027-02-09,4.2653,-1.47,41.53
2026-03-04,2027-03-23,4.25,-1.53,40.0
2026-03-04,2027-05-04,4.2156,-3.44,36.56
2026-03-04,2027-06-22,4.2,-1.56,35.0
2026-03-04,2027-08-10,4.1852,-1.48,33.52
2026-03-05,2026-03-17,3.91,6.0,6.0
2026-03-05,2026-05-05,4.0888,17.88,23.88
2026-03-05,2026-06-16,4.14,5.12,29.0
2026-03-05,2026-08-11,4.264,12.4,41.4
2026-03-05,2026-09-29,4.29,2.6,44.0
2026-03-05,2026-11-03,4.3344,4.44,48.44
2026-03-05,2026-12-08,4.33,-0.44,48.0
2026-03-05,2027-02-09,4.33,0.0,48.0
2026-03-05,2027-03-23,4.31,-2.0,46.0
2026-03-05,2027-05-04,4.2756,-3.44,42.56
2026-03-05,2027-06-22,4.27,-0.56,42.0
2026-03-05,2027-08-10,4.2552,-1.48,40.52
2026-03-06,2026-03-17,3.91,6.0,6.0
2026-03-06,2026-05-05,4.1127,20.27,26.27
2026-03-06,2026-06-16,4.15,3.73,30.0
2026-03-06,2026-08-11,4.305,15.5,45.5
2026-03-06,2026-09-29,4.31,0.5,46.0
2026-03-06,2026-11-03,4.3656,5.56,51.56
2026-03-06,2026-12-08,4.36,-0.56,51.0
2026-03-06,2027-02-09,4.36,0.0,51.0
2026-03-06,2027-03-23,4.36,0.0,51.0
2026-03-06,2027-05-04,4.337,-2.3,48.7
2026-03-06,2027-06-22,4.33,-0.7,48.0
2026-03-06,2027-08-10,4.3152,-1.48,46.52
2026-03-09,2026-03-17,3.92,7.0,7.0
2026-03-09,2026-05-05,4.1108,19.08,26.08
2026-03-09,2026-06-16,4.19,7.92,34.0
2026-03-09,2026-08-11,4.3295,13.95,47.95
2026-03-09,2026-09-29,4.39,6.05,54.0
2026-03-09,2026-11-03,4.4567,6.67,60.67
2026-03-09,2026-12-08,4.47,1.33,62.0
2026-03-09,2027-02-09,4.4847,1.47,63.47
2026-03-09,2027-03-23,4.48,-0.47,63.0
2026-03-09,2027-05-04,4.48,0.0,63.0
2026-03-09,2027-06-22,4.47,-1.0,62.0
2026-03-09,2027-08-10,4.47,0.0,62.0
2026-03-10,2026-03-17,3.94,9.0,9.0
2026-03-10,2026-05-05,4.1069,16.69,25.69
2026-03-10,2026-06-16,4.17,6.31,32.0
2026-03-10,2026-08-11,4.325,15.5,47.5
2026-03-10,2026-09-29,4.36,3.5,51.0
2026-03-10,2026-11-03,4.4267,6.67,57.67
2026-03-10,2026-12-08,4.43,0.33,58.0
2026-03-10,2027-02-09,4.43,0.0,58.0
2026-03-10,2027-03-23,4.42,-1.0,57.0
2026-03-10,2027-05-04,4.4085,-1.15,55.85
2026-03-10,2027-06-22,4.39,-1.85,54.0
2026-03-10,2027-08-10,4.3752,-1.48,52.52
2026-03-11,2026-03-17,4.01,16.0,16.0
2026-03-11,2026-05-05,4.1769,16.69,32.69
2026-03-11,2026-06-16,4.22,4.31,37.0
2026-03-11,2026-08-11,4.3595,13.95,50.95
2026-03-11,2026-09-29,4.39,3.05,54.0
2026-03-11,2026-11-03,4.4344,4.44,58.44
2026-03-11,2026-12-08,4.43,-0.44,58.0
2026-03-11,2027-02-09,4.4153,-1.47,56.53
2026-03-11,2027-03-23,4.41,-0.53,56.0
2026-03-11,2027-05-04,4.387,-2.3,53.7
2026-03-11,2027-06-22,4.36,-2.7,51.0
2026-03-11,2027-08-10,4.3305,-2.95,48.05
2026-03-12,2026-03-17,4.02,17.0,17.0
2026-03-12,2026-05-05,4.1988,17.88,34.88
2026-03-12,2026-06-16,4.23,3.12,38.0
2026-03-12,2026-08-11,4.385,15.5,53.5
2026-03-12,2026-09-29,4.45,6.5,60.0
2026-03-12,2026-11-03,4.5278,7.78,67.78
2026-03-12,2026-12-08,4.52,-0.78,67.0
2026-03-12,2027-02-09,4.52,0.0,67.0
2026-03-12,2027-03-23,4.5,-2.0,65.0
2026-03-12,2027-05-04,4.477,-2.3,62.7
2026-03-12,2027-06-22,4.45,-2.7,60.0
2026-03-12,2027-08-10,4.4352,-1.48,58.52
2026-03-13,2026-03-17,4.02,17.0,17.0
2026-03-13,2026-05-05,4.1988,17.88,34.88
2026-03-13,2026-06-16,4.25,5.12,40.0
2026-03-13,2026-08-11,4.3895,13.95,53.95
2026-03-13,2026-09-29,4.46,7.05,61.0
2026-03-13,2026-11-03,4.5378,7.78,68.78
2026-03-13,2026-12-08,4.54,0.22,69.0
2026-03-13,2027-02-09,4.54,0.0,69.0
2026-03-13,2027-03-23,4.53,-1.0,68.0
2026-03-13,2027-05-04,4.4956,-3.44,64.56
2026-03-13,2027-06-22,4.47,-2.56,62.0
2026-03-13,2027-08-10,4.4552,-1.48,60.52
2026-03-16,2026-03-17,4.0,15.0,15.0
2026-03-16,2026-05-05,4.1788,17.88,32.88
2026-03-16,2026-06-16,4.24,6.12,39.0
2026-03-16,2026-08-11,4.395,15.5,54.5
2026-03-16,2026-09-29,4.47,7.5,62.0
2026-03-16,2026-11-03,4.5589,8.89,70.89
2026-03-16,2026-12-08,4.57,1.11,72.0
2026-03-16,2027-02-09,4.5847,1.47,73.47
2026-03-16,2027-03-23,4.57,-1.47,72.0
2026-03-16,2027-05-04,4.5585,-1.15,70.85
2026-03-16,2027-06-22,4.52,-3.85,67.0
2026-03-16,2027-08-10,4.5052,-1.48,65.52
2026-03-17,2026-03-17,4.09,24.0,24.0
2026-03-17,2026-05-05,4.245,15.5,39.5
2026-03-17,2026-06-16,4.31,6.5,46.0
2026-03-17,2026-08-11,4.4185,10.85,56.85
2026-03-17,2026-09-29,4.49,7.15,64.0
2026-03-17,2026-11-03,4.5678,7.78,71.78
2026-03-17,2026-12-08,4.56,-0.78,71.0
2026-03-17,2027-02-09,4.56,0.0,71.0
2026-03-17,2027-03-23,4.56,0.0,71.0
2026-03-17,2027-05-04,4.5256,-3.44,67.56
2026-03-17,2027-06-22,4.48,-4.56,63.0
2026-03-17,2027-08-10,4.4652,-1.48,61.52
2026-03-18,2026-05-05,4.2431,14.31,14.31
2026-03-18,2026-06-16,4.31,6.69,21.0
2026-03-18,2026-08-11,4.4185,10.85,31.85
2026-03-18,2026-09-29,4.48,6.15,38.0
2026-03-18,2026-11-03,4.5356,5.56,43.56
2026-03-18,2026-12-08,4.54,0.44,44.0
2026-03-18,2027-02-09,4.5253,-1.47,42.53
2026-03-18,2027-03-23,4.52,-0.53,42.0
2026-03-18,2027-05-04,4.4856,-3.44,38.56
2026-03-18,2027-06-22,4.45,-3.56,35.0
2026-03-18,2027-08-10,4.4205,-2.95,32.05
2026-03-19,2026-05-05,4.2669,16.69,16.69
2026-03-19,2026-06-16,4.36,9.31,26.0
2026-03-19,2026-08-11,4.4995,13.95,39.95
2026-03-19,2026-09-29,4.58,8.05,48.0
2026-03-19,2026-11-03,4.6467,6.67,54.67
2026-03-19,2026-12-08,4.64,-0.67,54.0
2026-03-19,2027-02-09,4.64,0.0,54.0
2026-03-19,2027-03-23,4.64,0.0,54.0
2026-03-19,2027-05-04,4.6056,-3.44,50.56
2026-03-19,2027-06-22,4.58,-2.56,48.0
2026-03-19,2027-08-10,4.5505,-2.95,45.05
2026-03-20,2026-05-05,4.2788,17.88,17.88
2026-03-20,2026-06-16,4.41,13.12,31.0
2026-03-20,2026-08-11,4.5805,17.05,48.05
2026-03-20,2026-09-29,4.72,13.95,62.0
2026-03-20,2026-11-03,4.82,10.0,72.0
2026-03-20,2026-12-08,4.83,1.0,73.0
2026-03-20,2027-02-09,4.8447,1.47,74.47
2026-03-20,2027-03-23,4.84,-0.47,74.0
2026-03-20,2027-05-04,4.817,-2.3,71.7
2026-03-20,2027-06-22,4.78,-3.7,68.0
2026-03-20,2027-08-10,4.7652,-1.48,66.52
2026-03-23,2026-05-05,4.2669,16.69,16.69
2026-03-23,2026-06-16,4.4,13.31,30.0
2026-03-23,2026-08-11,4.555,15.5,45.5
2026-03-23,2026-09-29,4.72,16.5,62.0
2026-03-23,2026-11-03,4.8422,12.22,74.22
2026-03-23,2026-12-08,4.86,1.78,76.0
2026-03-23,2027-02-09,4.86,0.0,76.0
2026-03-23,2027-03-23,4.86,0.0,76.0
2026-03-23,2027-05-04,4.837,-2.3,73.7
2026-03-23,2027-06-22,4.81,-2.7,71.0
2026-03-23,2027-08-10,4.7657,-4.43,66.57
2026-03-24,2026-05-05,4.2431,14.31,14.31
2026-03-24,2026-06-16,4.34,9.69,24.0
2026-03-24,2026-08-11,4.526,18.6,42.6
2026-03-24,2026-09-29,4.66,13.4,56.0
2026-03-24,2026-11-03,4.76,10.0,66.0
2026-03-24,2026-12-08,4.77,1.0,67.0
2026-03-24,2027-02-09,4.7553,-1.47,65.53
2026-03-24,2027-03-23,4.75,-0.53,65.0
2026-03-24,2027-05-04,4.727,-2.3,62.7
2026-03-24,2027-06-22,4.69,-3.7,59.0
2026-03-24,2027-08-10,4.6605,-2.95,56.05
2026-03-25,2026-05-05,4.2431,14.31,14.31
2026-03-25,2026-06-16,4.31,6.69,21.0
2026-03-25,2026-08-11,4.4805,17.05,38.05
2026-03-25,2026-09-29,4.58,9.95,48.0
2026-03-25,2026-11-03,4.6689,8.89,56.89
2026-03-25,2026-12-08,4.66,-0.89,56.0
2026-03-25,2027-02-09,4.66,0.0,56.0
2026-03-25,2027-03-23,4.65,-1.0,55.0
2026-03-25,2027-05-04,4.6156,-3.44,51.56
2026-03-25,2027-06-22,4.58,-3.56,48.0
2026-03-25,2027-08-10,4.5505,-2.95,45.05
2026-03-26,2026-05-05,4.2788,17.88,17.88
2026-03-26,2026-06-16,4.38,10.12,28.0
2026-03-26,2026-08-11,4.535,15.5,43.5
2026-03-26,2026-09-29,4.68,14.5,58.0
2026-03-26,2026-11-03,4.7689,8.89,66.89
2026-03-26,2026-12-08,4.77,0.11,67.0
2026-03-26,2027-02-09,4.7553,-1.47,65.53
2026-03-26,2027-03-23,4.75,-0.53,65.0
2026-03-26,2027-05-04,4.7156,-3.44,61.56
2026-03-26,2027-06-22,4.69,-2.56,59.0
2026-03-26,2027-08-10,4.6605,-2.95,56.05
2026-03-27,2026-05-05,4.2788,17.88,17.88
2026-03-27,2026-06-16,4.38,10.12,28.0
2026-03-27,2026-08-11,4.566,18.6,46.6
2026-03-27,2026-09-29,4.71,14.4,61.0
2026-03-27,2026-11-03,4.8211,11.11,72.11
2026-03-27,2026-12-08,4.83,0.89,73.0
2026-03-27,2027-02-09,4.83,0.0,73.0
2026-03-27,2027-03-23,4.84,1.0,74.0
2026-03-27,2027-05-04,4.8285,-1.15,72.85
2026-03-27,2027-06-22,4.8,-2.85,70.0
2026-03-27,2027-08-10,4.7705,-2.95,67.05
2026-03-30,2026-05-05,4.2669,16.69,16.69
2026-03-30,2026-06-16,4.34,7.31,24.0
2026-03-30,2026-08-11,4.5105,17.05,41.05
2026-03-30,2026-09-29,4.64,12.95,54.0
2026-03-30,2026-11-03,4.74,10.0,64.0
2026-03-30,2026-12-08,4.74,0.0,64.0
2026-03-30,2027-02-09,4.74,0.0,64.0
2026-03-30,2027-03-23,4.74,0.0,64.0
2026-03-30,2027-05-04,4.717,-2.3,61.7
2026-03-30,2027-06-22,4.69,-2.7,59.0
2026-03-30,2027-08-10,4.6605,-2.95,56.05
2026-03-31,2026-05-05,4.255,15.5,15.5
2026-03-31,2026-06-16,4.33,7.5,23.0
2026-03-31,2026-08-11,4.5005,17.05,40.05
2026-03-31,2026-09-29,4.61,10.95,51.0
2026-03-31,2026-11-03,4.6989,8.89,59.89
2026-03-31,2026-12-08,4.69,-0.89,59.0
2026-03-31,2027-02-09,4.69,0.0,59.0
2026-03-31,2027-03-23,4.68,-1.0,58.0
2026-03-31,2027-05-04,4.6685,-1.15,56.85
2026-03-31,2027-06-22,4.62,-4.85,52.0
2026-03-31,2027-08-10,4.6052,-1.48,50.52
2026-04-01,2026-05-05,4.2431,14.31,14.31
2026-04-01,2026-06-16,4.31,6.69,21.0
2026-04-01,2026-08-11,4.434,12.4,33.4
2026-04-01,2026-09-29,4.54,10.6,44.0
2026-04-01,2026-11-03,4.6178,7.78,51.78
2026-04-01,2026-12-08,4.62,0.22,52.0
2026-04-01,2027-02-09,4.6053,-1.47,50.53
2026-04-01,2027-03-23,4.61,0.47,51.0
2026-04-01,2027-05-04,4.587,-2.3,48.7
2026-04-01,2027-06-22,4.56,-2.7,46.0
2026-04-01,2027-08-10,4.5305,-2.95,43.05
2026-04-02,2026-05-05,4.255,15.5,15.5
2026-04-02,2026-06-16,4.34,8.5,24.0
2026-04-02,2026-08-11,4.5105,17.05,41.05
2026-04-02,2026-09-29,4.64,12.95,54.0
2026-04-02,2026-11-03,4.7289,8.89,62.89
2026-04-02,2026-12-08,4.75,2.11,65.0
2026-04-02,2027-02-09,4.75,0.0,65.0
2026-04-02,2027-03-23,4.75,0.0,65.0
2026-04-02,2027-05-04,4.7385,-1.15,63.85
2026-04-02,2027-06-22,4.71,-2.85,61.0
2026-04-02,2027-08-10,4.6805,-2.95,58.05
2026-04-03,2026-05-05,4.255,15.5,15.5
2026-04-03,2026-06-16,4.34,8.5,24.0
2026-04-03,2026-08-11,4.5105,17.05,41.05
2026-04-03,2026-09-29,4.64,12.95,54.0
2026-04-03,2026-11-03,4.7289,8.89,62.89
2026-04-03,2026-12-08,4.75,2.11,65.0
2026-04-03,2027-02-09,4.75,0.0,65.0
2026-04-03,2027-03-23,4.75,0.0,65.0
2026-04-03,2027-05-04,4.7385,-1.15,63.85
2026-04-03,2027-06-22,4.71,-2.85,61.0
2026-04-03,2027-08-10,4.6805,-2.95,58.05
2026-04-06,2026-05-05,4.255,15.5,15.5
2026-04-06,2026-06-16,4.34,8.5,24.0
2026-04-06,2026-08-11,4.5105,17.05,41.05
2026-04-06,2026-09-29,4.64,12.95,54.0
2026-04-06,2026-11-03,4.7289,8.89,62.89
2026-04-06,2026-12-08,4.75,2.11,65.0
2026-04-06,2027-02-09,4.75,0.0,65.0
2026-04-06,2027-03-23,4.75,0.0,65.0
2026-04-06,2027-05-04,4.7385,-1.15,63.85
2026-04-06,2027-06-22,4.71,-2.85,61.0
2026-04-06,2027-08-10,4.6805,-2.95,58.05
2026-04-07,2026-05-05,4.255,15.5,15.5
2026-04-07,2026-06-16,4.34,8.5,24.0
2026-04-07,2026-08-11,4.5105,17.05,41.05
2026-04-07,2026-09-29,4.62,10.95,52.0
2026-04-07,2026-11-03,4.7089,8.89,60.89
2026-04-07,2026-12-08,4.7,-0.89,60.0
2026-04-07,2027-02-09,4.7,-0.0,60.0
2026-04-07,2027-03-23,4.7,0.0,60.0
2026-04-07,2027-05-04,4.6885,-1.15,58.85
2026-04-07,2027-06-22,4.65,-3.85,55.0
2026-04-07,2027-08-10,4.6205,-2.95,52.05
2026-04-08,2026-05-05,4.2431,14.31,14.31
2026-04-08,2026-06-16,4.31,6.69,21.0
2026-04-08,2026-08-11,4.465,15.5,36.5
2026-04-08,2026-09-29,4.53,6.5,43.0
2026-04-08,2026-11-03,4.6078,7.78,50.78
2026-04-08,2026-12-08,4.61,0.22,51.0
2026-04-08,2027-02-09,4.5953,-1.47,49.53
2026-04-08,2027-03-23,4.59,-0.53,49.0
2026-04-08,2027-05-04,4.567,-2.3,46.7
2026-04-08,2027-06-22,4.53,-3.7,43.0
2026-04-08,2027-08-10,4.5005,-2.95,40.05
2026-04-09,2026-05-05,4.255,15.5,15.5
2026-04-09,2026-06-16,4.33,7.5,23.0
2026-04-09,2026-08-11,4.4695,13.95,36.95
2026-04-09,2026-09-29,4.56,9.05,46.0
2026-04-09,2026-11-03,4.6489,8.89,54.89
2026-04-09,2026-12-08,4.64,-0.89,54.0
2026-04-09,2027-02-09,4.64,0.0,54.0
2026-04-09,2027-03-23,4.64,0.0,54.0
2026-04-09,2027-05-04,4.6056,-3.44,50.56
2026-04-09,2027-06-22,4.58,-2.56,48.0
2026-04-09,2027-08-10,4.5505,-2.95,45.05
2026-04-10,2026-05-05,4.255,15.5,15.5
2026-04-10,2026-06-16,4.33,7.5,23.0
2026-04-10,2026-08-11,4.485,15.5,38.5
2026-04-10,2026-09-29,4.58,9.5,48.0
2026-04-10,2026-11-03,4.6689,8.89,56.89
2026-04-10,2026-12-08,4.67,0.11,57.0
2026-04-10,2027-02-09,4.67,-0.0,57.0
2026-04-10,2027-03-23,4.67,0.0,57.0
2026-04-10,2027-05-04,4.6585,-1.15,55.85
2026-04-10,2027-06-22,4.62,-3.85,52.0
2026-04-10,2027-08-10,4.5905,-2.95,49.05
2026-04-13,2026-05-05,4.255,15.5,15.5
2026-04-13,2026-06-16,4.34,8.5,24.0
2026-04-13,2026-08-11,4.5105,17.05,41.05
2026-04-13,2026-09-29,4.61,9.95,51.0
2026-04-13,2026-11-03,4.6989,8.89,59.89
2026-04-13,2026-12-08,4.72,2.11,62.0
2026-04-13,2027-02-09,4.72,0.0,62.0
2026-04-13,2027-03-23,4.73,1.0,63.0
2026-04-13,2027-05-04,4.707,-2.3,60.7
2026-04-13,2027-06-22,4.67,-3.7,57.0
2026-04-13,2027-08-10,4.6257,-4.43,52.57
2026-04-14,2026-05-05,4.255,15.5,15.5
2026-04-14,2026-06-16,4.32,6.5,22.0
2026-04-14,2026-08-11,4.475,15.5,37.5
2026-04-14,2026-09-29,4.57,9.5,47.0
2026-04-14,2026-11-03,4.6478,7.78,54.78
2026-04-14,2026-12-08,4.66,1.22,56.0
2026-04-14,2027-02-09,4.6453,-1.47,54.53
2026-04-14,2027-03-23,4.64,-0.53,54.0
2026-04-14,2027-05-04,4.617,-2.3,51.7
2026-04-14,2027-06-22,4.58,-3.7,48.0
2026-04-14,2027-08-10,4.5505,-2.95,45.05
2026-04-15,2026-05-05,4.2669,16.69,16.69
2026-04-15,2026-06-16,4.33,6.31,23.0
2026-04-15,2026-08-11,4.4695,13.95,36.95
2026-04-15,2026-09-29,4.56,9.05,46.0
2026-04-15,2026-11-03,4.6267,6.67,52.67
2026-04-15,2026-12-08,4.63,0.33,53.0
2026-04-15,2027-02-09,4.6153,-1.47,51.53
2026-04-15,2027-03-23,4.61,-0.53,51.0
2026-04-15,2027-05-04,4.587,-2.3,48.7
2026-04-15,2027-06-22,4.56,-2.7,46.0
2026-04-15,2027-08-10,4.5157,-4.43,41.57
2026-04-16,2026-05-05,4.2788,17.88,17.88
2026-04-16,2026-06-16,4.34,6.12,24.0
2026-04-16,2026-08-11,4.495,15.5,39.5
2026-04-16,2026-09-29,4.57,7.5,47.0
2026-04-16,2026-11-03,4.6478,7.78,54.78
2026-04-16,2026-12-08,4.64,-0.78,54.0
2026-04-16,2027-02-09,4.64,0.0,54.0
2026-04-16,2027-03-23,4.63,-1.0,53.0
2026-04-16,2027-05-04,4.607,-2.3,50.7
2026-04-16,2027-06-22,4.57,-3.7,47.0
2026-04-16,2027-08-10,4.5405,-2.95,44.05
2026-04-17,2026-05-05,4.2788,17.88,17.88
2026-04-17,2026-06-16,4.36,8.12,26.0
2026-04-17,2026-08-11,4.515,15.5,41.5
2026-04-17,2026-09-29,4.59,7.5,49.0
2026-04-17,2026-11-03,4.6678,7.78,56.78
2026-04-17,2026-12-08,4.67,0.22,57.0
2026-04-17,2027-02-09,4.67,-0.0,57.0
2026-04-17,2027-03-23,4.66,-1.0,56.0
2026-04-17,2027-05-04,4.6256,-3.44,52.56
2026-04-17,2027-06-22,4.59,-3.56,49.0
2026-04-17,2027-08-10,4.5752,-1.48,47.52
2026-04-20,2026-05-05,4.2788,17.88,17.88
2026-04-20,2026-06-16,4.34,6.12,24.0
2026-04-20,2026-08-11,4.4795,13.95,37.95
2026-04-20,2026-09-29,4.54,6.05,44.0
2026-04-20,2026-11-03,4.5956,5.56,49.56
2026-04-20,2026-12-08,4.6,0.44,50.0
2026-04-20,2027-02-09,4.5853,-1.47,48.53
2026-04-20,2027-03-23,4.58,-0.53,48.0
2026-04-20,2027-05-04,4.557,-2.3,45.7
2026-04-20,2027-06-22,4.53,-2.7,43.0
2026-04-20,2027-08-10,4.5005,-2.95,40.05
2026-04-21,2026-05-05,4.2788,17.88,17.88
2026-04-21,2026-06-16,4.34,6.12,24.0
2026-04-21,2026-08-11,4.4795,13.95,37.95
2026-04-21,2026-09-29,4.53,5.05,43.0
2026-04-21,2026-11-03,4.5856,5.56,48.56
2026-04-21,2026-12-08,4.58,-0.56,48.0
2026-04-21,2027-02-09,4.58,0.0,48.0
2026-04-21,2027-03-23,4.56,-2.0,46.0
2026-04-21,2027-05-04,4.5256,-3.44,42.56
2026-04-21,2027-06-22,4.49,-3.56,39.0
2026-04-21,2027-08-10,4.4605,-2.95,36.05
2026-04-22,2026-05-05,4.2788,17.88,17.88
2026-04-22,2026-06-16,4.36,8.12,26.0
2026-04-22,2026-08-11,4.484,12.4,38.4
2026-04-22,2026-09-29,4.56,7.6,46.0
2026-04-22,2026-11-03,4.6156,5.56,51.56
2026-04-22,2026-12-08,4.63,1.44,53.0
2026-04-22,2027-02-09,4.6153,-1.47,51.53
2026-04-22,2027-03-23,4.61,-0.53,51.0
2026-04-22,2027-05-04,4.5756,-3.44,47.56
2026-04-22,2027-06-22,4.55,-2.56,45.0
2026-04-22,2027-08-10,4.5205,-2.95,42.05
2026-04-23,2026-05-05,4.2788,17.88,17.88
2026-04-23,2026-06-16,4.36,8.12,26.0
2026-04-23,2026-08-11,4.515,15.5,41.5
2026-04-23,2026-09-29,4.6,8.5,50.0
2026-04-23,2026-11-03,4.6889,8.89,58.89
2026-04-23,2026-12-08,4.7,1.11,60.0
2026-04-23,2027-02-09,4.6853,-1.47,58.53
2026-04-23,2027-03-23,4.69,0.47,59.0
2026-04-23,2027-05-04,4.667,-2.3,56.7
2026-04-23,2027-06-22,4.64,-2.7,54.0
2026-04-23,2027-08-10,4.6105,-2.95,51.05
2026-04-24,2026-05-05,4.2788,17.88,17.88
2026-04-24,2026-06-16,4.36,8.12,26.0
2026-04-24,2026-08-11,4.515,15.5,41.5
2026-04-24,2026-09-29,4.61,9.5,51.0
2026-04-24,2026-11-03,4.6989,8.89,59.89
2026-04-24,2026-12-08,4.71,1.11,61.0
2026-04-24,2027-02-09,4.71,0.0,61.0
2026-04-24,2027-03-23,4.69,-2.0,59.0
2026-04-24,2027-05-04,4.6785,-1.15,57.85
2026-04-24,2027-06-22,4.65,-2.85,55.0
2026-04-24,2027-08-10,4.6205,-2.95,52.05
2026-04-27,2026-05-05,4.2908,19.08,19.08
2026-04-27,2026-06-16,4.36,6.92,26.0
2026-04-27,2026-08-11,4.5305,17.05,43.05
2026-04-27,2026-09-29,4.62,8.95,52.0
2026-04-27,2026-11-03,4.7089,8.89,60.89
2026-04-27,2026-12-08,4.72,1.11,62.0
2026-04-27,2027-02-09,4.72,0.0,62.0
2026-04-27,2027-03-23,4.7,-2.0,60.0
2026-04-27,2027-05-04,4.6885,-1.15,58.85
2026-04-27,2027-06-22,4.66,-2.85,56.0
2026-04-27,2027-08-10,4.6305,-2.95,53.05
2026-04-28,2026-05-05,4.2908,19.08,19.08
2026-04-28,2026-06-16,4.39,9.92,29.0
2026-04-28,2026-08-11,4.5605,17.05,46.05
2026-04-28,2026-09-29,4.64,7.95,54.0
2026-04-28,2026-11-03,4.74,10.0,64.0
2026-04-28,2026-12-08,4.74,0.0,64.0
2026-04-28,2027-02-09,4.7547,1.47,65.47
2026-04-28,2027-03-23,4.74,-1.47,64.0
2026-04-28,2027-05-04,4.717,-2.3,61.7
2026-04-28,2027-06-22,4.69,-2.7,59.0
2026-04-28,2027-08-10,4.6605,-2.95,56.05
2026-04-29,2026-05-05,4.2788,17.88,17.88
2026-04-29,2026-06-16,4.36,8.12,26.0
2026-04-29,2026-08-11,4.515,15.5,41.5
2026-04-29,2026-09-29,4.6,8.5,50.0
2026-04-29,2026-11-03,4.6889,8.89,58.89
2026-04-29,2026-12-08,4.7,1.11,60.0
2026-04-29,2027-02-09,4.7,-0.0,60.0
2026-04-29,2027-03-23,4.69,-1.0,59.0
2026-04-29,2027-05-04,4.667,-2.3,56.7
2026-04-29,2027-06-22,4.64,-2.7,54.0
2026-04-29,2027-08-10,4.6105,-2.95,51.05
2026-04-30,2026-05-05,4.2908,19.08,19.08
2026-04-30,2026-06-16,4.39,9.92,29.0
2026-04-30,2026-08-11,4.5605,17.05,46.05
2026-04-30,2026-09-29,4.67,10.95,57.0
2026-04-30,2026-11-03,4.77,10.0,67.0
2026-04-30,2026-12-08,4.78,1.0,68.0
2026-04-30,2027-02-09,4.8095,2.95,70.95
2026-04-30,2027-03-23,4.8,-0.95,70.0
2026-04-30,2027-05-04,4.777,-2.3,67.7
2026-04-30,2027-06-22,4.76,-1.7,66.0
2026-04-30,2027-08-10,4.7305,-2.95,63.05
2026-05-01,2026-05-05,4.2788,17.88,17.88
2026-05-01,2026-06-16,4.37,9.12,27.0
2026-05-01,2026-08-11,4.5405,17.05,44.05
2026-05-01,2026-09-29,4.64,9.95,54.0
2026-05-01,2026-11-03,4.7289,8.89,62.89
2026-05-01,2026-12-08,4.75,2.11,65.0
2026-05-01,2027-02-09,4.75,0.0,65.0
2026-05-01,2027-03-23,4.75,0.0,65.0
2026-05-01,2027-05-04,4.7156,-3.44,61.56
2026-05-01,2027-06-22,4.69,-2.56,59.0
2026-05-01,2027-08-10,4.6605,-2.95,56.05
2026-05-01,2027-09-28,4.64,-2.05,54.0
2026-05-04,2026-05-05,4.2908,19.08,19.08
2026-05-04,2026-06-16,4.36,6.92,26.0
2026-05-04,2026-08-11,4.5305,17.05,43.05
2026-05-04,2026-09-29,4.61,7.95,51.0
2026-05-04,2026-11-03,4.6989,8.89,59.89
2026-05-04,2026-12-08,4.72,2.11,62.0
2026-05-04,2027-02-09,4.7347,1.47,63.47
2026-05-04,2027-03-23,4.71,-2.47,61.0
2026-05-04,2027-05-04,4.687,-2.3,58.7
2026-05-04,2027-06-22,4.65,-3.7,55.0
2026-05-04,2027-08-10,4.6205,-2.95,52.05
2026-05-04,2027-09-28,4.59,-3.05,49.0
2026-05-05,2026-05-05,4.3504,25.04,25.04
2026-05-05,2026-06-16,4.39,3.96,29.0
2026-05-05,2026-08-11,4.5295,13.95,42.95
2026-05-05,2026-09-29,4.61,8.05,51.0
2026-05-05,2026-11-03,4.6767,6.67,57.67
2026-05-05,2026-12-08,4.68,0.33,58.0
2026-05-05,2027-02-09,4.6947,1.47,59.47
2026-05-05,2027-03-23,4.67,-2.47,57.0
2026-05-05,2027-05-04,4.647,-2.3,54.7
2026-05-05,2027-06-22,4.61,-3.7,51.0
2026-05-05,2027-08-10,4.5657,-4.43,46.57
2026-05-05,2027-09-28,4.55,-1.57,45.0
2026-05-06,2026-06-16,4.39,4.0,4.0
2026-05-06,2026-08-11,4.5295,13.95,17.95
2026-05-06,2026-09-29,4.6,7.05,25.0
2026-05-06,2026-11-03,4.6778,7.78,32.78
2026-05-06,2026-12-08,4.68,0.22,33.0
2026-05-06,2027-02-09,4.6947,1.47,34.47
2026-05-06,2027-03-23,4.67,-2.47,32.0
2026-05-06,2027-05-04,4.6356,-3.44,28.56
2026-05-06,2027-06-22,4.61,-2.56,26.0
2026-05-06,2027-08-10,4.5952,-1.48,24.52
2026-05-06,2027-09-28,4.56,-3.52,21.0
2026-05-07,2026-06-16,4.39,4.0,4.0
2026-05-07,2026-08-11,4.5295,13.95,17.95
2026-05-07,2026-09-29,4.58,5.05,23.0
2026-05-07,2026-11-03,4.6467,6.67,29.67
2026-05-07,2026-12-08,4.66,1.33,31.0
2026-05-07,2027-02-09,4.6747,1.47,32.47
2026-05-07,2027-03-23,4.64,-3.47,29.0
2026-05-07,2027-05-04,4.617,-2.3,26.7
2026-05-07,2027-06-22,4.58,-3.7,23.0
2026-05-07,2027-08-10,4.5652,-1.48,21.52
2026-05-07,2027-09-28,4.53,-3.52,18.0
2026-05-08,2026-06-16,4.4,5.0,5.0
2026-05-08,2026-08-11,4.5395,13.95,18.95
2026-05-08,2026-09-29,4.62,8.05,27.0
2026-05-08,2026-11-03,4.6867,6.67,33.67
2026-05-08,2026-12-08,4.69,0.33,34.0
2026-05-08,2027-02-09,4.7047,1.47,35.47
2026-05-08,2027-03-23,4.69,-1.47,34.0
2026-05-08,2027-05-04,4.667,-2.3,31.7
2026-05-08,2027-06-22,4.64,-2.7,29.0
2026-05-08,2027-08-10,4.5957,-4.43,24.57
2026-05-08,2027-09-28,4.58,-1.57,23.0
2026-05-11,2026-06-16,4.39,4.0,4.0
2026-05-11,2026-08-11,4.545,15.5,19.5
2026-05-11,2026-09-29,4.62,7.5,27.0
2026-05-11,2026-11-03,4.6978,7.78,34.78
2026-05-11,2026-12-08,4.72,2.22,37.0
2026-05-11,2027-02-09,4.72,0.0,37.0
2026-05-11,2027-03-23,4.71,-1.0,36.0
2026-05-11,2027-05-04,4.687,-2.3,33.7
2026-05-11,2027-06-22,4.66,-2.7,31.0
2026-05-11,2027-08-10,4.6305,-2.95,28.05
2026-05-11,2027-09-28,4.61,-2.05,26.0
2026-05-12,2026-06-16,4.4,5.0,5.0
2026-05-12,2026-08-11,4.555,15.5,20.5
2026-05-12,2026-09-29,4.64,8.5,29.0
2026-05-12,2026-11-03,4.7178,7.78,36.78
2026-05-12,2026-12-08,4.73,1.22,38.0
2026-05-12,2027-02-09,4.73,-0.0,38.0
2026-05-12,2027-03-23,4.72,-1.0,37.0
2026-05-12,2027-05-04,4.7085,-1.15,35.85
2026-05-12,2027-06-22,4.68,-2.85,33.0
2026-05-12,2027-08-10,4.6505,-2.95,30.05
2026-05-12,2027-09-28,4.63,-2.05,28.0
2026-05-13,2026-06-16,4.4,5.0,5.0
2026-05-13,2026-08-11,4.586,18.6,23.6
2026-05-13,2026-09-29,4.66,7.4,31.0
2026-05-13,2026-11-03,4.76,10.0,41.0
2026-05-13,2026-12-08,4.77,1.0,42.0
2026-05-13,2027-02-09,4.77,0.0,42.0
2026-05-13,2027-03-23,4.77,-0.0,42.0
2026-05-13,2027-05-04,4.747,-2.3,39.7
2026-05-13,2027-06-22,4.71,-3.7,36.0
2026-05-13,2027-08-10,4.6805,-2.95,33.05
2026-05-13,2027-09-28,4.67,-1.05,32.0
2026-05-14,2026-06-16,4.39,4.0,4.0
2026-05-14,2026-08-11,4.5605,17.05,21.05
2026-05-14,2026-09-29,4.62,5.95,27.0
2026-05-14,2026-11-03,4.6978,7.78,34.78
2026-05-14,2026-12-08,4.7,0.22,35.0
2026-05-14,2027-02-09,4.7147,1.47,36.47
2026-05-14,2027-03-23,4.69,-2.47,34.0
2026-05-14,2027-05-04,4.667,-2.3,31.7
2026-05-14,2027-06-22,4.64,-2.7,29.0
2026-05-14,2027-08-10,4.6105,-2.95,26.05
2026-05-14,2027-09-28,4.59,-2.05,24.0
2026-05-15,2026-06-16,4.39,4.0,4.0
2026-05-15,2026-08-11,4.5605,17.05,21.05
2026-05-15,2026-09-29,4.63,6.95,28.0
2026-05-15,2026-11-03,4.7189,8.89,36.89
2026-05-15,2026-12-08,4.74,2.11,39.0
2026-05-15,2027-02-09,4.7547,1.47,40.47
2026-05-15,2027-03-23,4.73,-2.47,38.0
2026-05-15,2027-05-04,4.7185,-1.15,36.85
2026-05-15,2027-06-22,4.69,-2.85,34.0
2026-05-15,2027-08-10,4.6605,-2.95,31.05
2026-05-15,2027-09-28,4.64,-2.05,29.0
2026-05-18,2026-06-16,4.39,4.0,4.0
2026-05-18,2026-08-11,4.545,15.5,19.5
2026-05-18,2026-09-29,4.62,7.5,27.0
2026-05-18,2026-11-03,4.72,10.0,37.0
2026-05-18,2026-12-08,4.73,1.0,38.0
2026-05-18,2027-02-09,4.73,-0.0,38.0
2026-05-18,2027-03-23,4.73,0.0,38.0
2026-05-18,2027-05-04,4.7185,-1.15,36.85
2026-05-18,2027-06-22,4.69,-2.85,34.0
2026-05-18,2027-08-10,4.6752,-1.48,32.52
2026-05-18,2027-09-28,4.65,-2.52,30.0
2026-05-19,2026-06-16,4.38,3.0,3.0
2026-05-19,2026-08-11,4.535,15.5,18.5
2026-05-19,2026-09-29,4.6,6.5,25.0
2026-05-19,2026-11-03,4.6778,7.78,32.78
2026-05-19,2026-12-08,4.69,1.22,34.0
2026-05-19,2027-02-09,4.69,0.0,34.0
2026-05-19,2027-03-23,4.68,-1.0,33.0
2026-05-19,2027-05-04,4.6685,-1.15,31.85
2026-05-19,2027-06-22,4.64,-2.85,29.0
2026-05-19,2027-08-10,4.6105,-2.95,26.05
2026-05-19,2027-09-28,4.59,-2.05,24.0
2026-05-20,2026-06-16,4.39,4.0,4.0
2026-05-20,2026-08-11,4.5295,13.95,17.95
2026-05-20,2026-09-29,4.6,7.05,25.0
2026-05-20,2026-11-03,4.6778,7.78,32.78
2026-05-20,2026-12-08,4.69,1.22,34.0
2026-05-20,2027-02-09,4.7047,1.47,35.47
2026-05-20,2027-03-23,4.69,-1.47,34.0
2026-05-20,2027-05-04,4.69,0.0,34.0
2026-05-20,2027-06-22,4.67,-2.0,32.0
2026-05-20,2027-08-10,4.6552,-1.48,30.52
2026-05-20,2027-09-28,4.62,-3.52,27.0
2026-05-21,2026-06-16,4.36,1.0,1.0
2026-05-21,2026-08-11,4.484,12.4,13.4
2026-05-21,2026-09-29,4.53,4.6,18.0
2026-05-21,2026-11-03,4.5967,6.67,24.67
2026-05-21,2026-12-08,4.62,2.33,27.0
2026-05-21,2027-02-09,4.62,0.0,27.0
2026-05-21,2027-03-23,4.61,-1.0,26.0
2026-05-21,2027-05-04,4.5985,-1.15,24.85
2026-05-21,2027-06-22,4.57,-2.85,22.0
2026-05-21,2027-08-10,4.5552,-1.48,20.52
2026-05-21,2027-09-28,4.52,-3.52,17.0
2026-05-22,2026-06-16,4.36,1.0,1.0
2026-05-22,2026-08-11,4.484,12.4,13.4
2026-05-22,2026-09-29,4.51,2.6,16.0
2026-05-22,2026-11-03,4.5656,5.56,21.56
2026-05-22,2026-12-08,4.59,2.44,24.0
2026-05-22,2027-02-09,4.59,-0.0,24.0
2026-05-22,2027-03-23,4.58,-1.0,23.0
2026-05-22,2027-05-04,4.557,-2.3,20.7
2026-05-22,2027-06-22,4.53,-2.7,18.0
2026-05-22,2027-08-10,4.5005,-2.95,15.05
2026-05-22,2027-09-28,4.47,-3.05,12.0
2026-05-25,2026-06-16,4.36,1.0,1.0
2026-05-25,2026-08-11,4.4685,10.85,11.85
2026-05-25,2026-09-29,4.52,5.15,17.0
2026-05-25,2026-11-03,4.5756,5.56,22.56
2026-05-25,2026-12-08,4.58,0.44,23.0
2026-05-25,2027-02-09,4.5947,1.47,24.47
2026-05-25,2027-03-23,4.58,-1.47,23.0
2026-05-25,2027-05-04,4.557,-2.3,20.7
2026-05-25,2027-06-22,4.52,-3.7,17.0
2026-05-25,2027-08-10,4.4757,-4.43,12.57
2026-05-25,2027-09-28,4.45,-2.57,10.0
2026-05-26,2026-06-16,4.36,1.0,1.0
2026-05-26,2026-08-11,4.484,12.4,13.4
2026-05-26,2026-09-29,4.53,4.6,18.0
2026-05-26,2026-11-03,4.5856,5.56,23.56
2026-05-26,2026-12-08,4.61,2.44,26.0
2026-05-26,2027-02-09,4.61,0.0,26.0
2026-05-26,2027-03-23,4.59,-2.0,24.0
2026-05-26,2027-05-04,4.567,-2.3,21.7
2026-05-26,2027-06-22,4.53,-3.7,18.0
2026-05-26,2027-08-10,4.5005,-2.95,15.05
2026-05-26,2027-09-28,4.47,-3.05,12.0
2026-05-27,2026-06-16,4.35,0.0,0.0
2026-05-27,2026-08-11,4.4585,10.85,10.85
2026-05-27,2026-09-29,4.5,4.15,15.0
2026-05-27,2026-11-03,4.5556,5.56,20.56
2026-05-27,2026-12-08,4.56,0.44,21.0
2026-05-27,2027-02-09,4.56,0.0,21.0
2026-05-27,2027-03-23,4.53,-3.0,18.0
2026-05-27,2027-05-04,4.5185,-1.15,16.85
2026-05-27,2027-06-22,4.47,-4.85,12.0
2026-05-27,2027-08-10,4.4405,-2.95,9.05
2026-05-27,2027-09-28,4.41,-3.05,6.0
2026-05-28,2026-06-16,4.36,1.0,1.0
2026-05-28,2026-08-11,4.4685,10.85,11.85
2026-05-28,2026-09-29,4.51,4.15,16.0
2026-05-28,2026-11-03,4.5656,5.56,21.56
2026-05-28,2026-12-08,4.57,0.44,22.0
2026-05-28,2027-02-09,4.57,0.0,22.0
2026-05-28,2027-03-23,4.55,-2.0,20.0
2026-05-28,2027-05-04,4.527,-2.3,17.7
2026-05-28,2027-06-22,4.49,-3.7,14.0
2026-05-28,2027-08-10,4.4605,-2.95,11.05
2026-05-28,2027-09-28,4.42,-4.05,7.0
2026-05-29,2026-06-16,4.35,0.0,0.0
2026-05-29,2026-08-11,4.4585,10.85,10.85
2026-05-29,2026-09-29,4.49,3.15,14.0
2026-05-29,2026-11-03,4.5344,4.44,18.44
2026-05-29,2026-12-08,4.53,-0.44,18.0
2026-05-29,2027-02-09,4.53,-0.0,18.0
2026-05-29,2027-03-23,4.5,-3.0,15.0
2026-05-29,2027-05-04,4.477,-2.3,12.7
2026-05-29,2027-06-22,4.44,-3.7,9.0
2026-05-29,2027-08-10,4.4105,-2.95,6.05
2026-05-29,2027-09-28,4.38,-3.05,3.0
2026-06-01,2026-06-16,4.35,0.0,0.0
2026-06-01,2026-08-11,4.4585,10.85,10.85
2026-06-01,2026-09-29,4.5,4.15,15.0
2026-06-01,2026-11-03,4.5333,3.33,18.33
2026-06-01,2026-12-08,4.56,2.67,21.0
2026-06-01,2027-02-09,4.56,0.0,21.0
2026-06-01,2027-03-23,4.55,-1.0,20.0
2026-06-01,2027-05-04,4.527,-2.3,17.7
2026-06-01,2027-06-22,4.48,-4.7,13.0
2026-06-01,2027-08-10,4.4505,-2.95,10.05
2026-06-01,2027-09-28,4.42,-3.05,7.0
2026-06-01,2027-11-02,4.3879,-3.21,3.79
2026-06-02,2026-06-16,4.36,1.0,1.0
2026-06-02,2026-08-11,4.4685,10.85,11.85
2026-06-02,2026-09-29,4.5,3.15,15.0
2026-06-02,2026-11-03,4.5444,4.44,19.44
2026-06-02,2026-12-08,4.56,1.56,21.0
2026-06-02,2027-02-09,4.56,0.0,21.0
2026-06-02,2027-03-23,4.55,-1.0,20.0
2026-06-02,2027-05-04,4.527,-2.3,17.7
2026-06-02,2027-06-22,4.49,-3.7,14.0
2026-06-02,2027-08-10,4.4605,-2.95,11.05
2026-06-02,2027-09-28,4.42,-4.05,7.0
2026-06-02,2027-11-02,4.3986,-2.14,4.86
2026-06-03,2026-06-16,4.36,1.0,1.0
2026-06-03,2026-08-11,4.484,12.4,13.4
2026-06-03,2026-09-29,4.52,3.6,17.0
2026-06-03,2026-11-03,4.5756,5.56,22.56
2026-06-03,2026-12-08,4.59,1.44,24.0
2026-06-03,2027-02-09,4.59,-0.0,24.0
2026-06-03,2027-03-23,4.58,-1.0,23.0
2026-06-03,2027-05-04,4.557,-2.3,20.7
2026-06-03,2027-06-22,4.53,-2.7,18.0
2026-06-03,2027-08-10,4.4857,-4.43,13.57
2026-06-03,2027-09-28,4.46,-2.57,11.0
2026-06-03,2027-11-02,4.4386,-2.14,8.86
2026-06-04,2026-06-16,4.36,1.0,1.0
2026-06-04,2026-08-11,4.484,12.4,13.4
2026-06-04,2026-09-29,4.53,4.6,18.0
2026-06-04,2026-11-03,4.5744,4.44,22.44
2026-06-04,2026-12-08,4.59,1.56,24.0
2026-06-04,2027-02-09,4.59,-0.0,24.0
2026-06-04,2027-03-23,4.58,-1.0,23.0
2026-06-04,2027-05-04,4.557,-2.3,20.7
2026-06-04,2027-06-22,4.53,-2.7,18.0
2026-06-04,2027-08-10,4.5005,-2.95,15.05
2026-06-04,2027-09-28,4.47,-3.05,12.0
2026-06-04,2027-11-02,4.4379,-3.21,8.79
2026-06-05,2026-06-16,4.36,1.0,1.0
2026-06-05,2026-08-11,4.4685,10.85,11.85
2026-06-05,2026-09-29,4.51,4.15,16.0
2026-06-05,2026-11-03,4.5656,5.56,21.56
2026-06-05,2026-12-08,4.58,1.44,23.0
2026-06-05,2027-02-09,4.58,0.0,23.0
2026-06-05,2027-03-23,4.56,-2.0,21.0
2026-06-05,2027-05-04,4.5485,-1.15,19.85
2026-06-05,2027-06-22,4.52,-2.85,17.0
2026-06-05,2027-08-10,4.4905,-2.95,14.05
2026-06-05,2027-09-28,4.46,-3.05,11.0
2026-06-05,2027-11-02,4.4386,-2.14,8.86
2026-06-08,2026-06-16,4.36,1.0,1.0
2026-06-08,2026-08-11,4.4685,10.85,11.85
2026-06-08,2026-09-29,4.51,4.15,16.0
2026-06-08,2026-11-03,4.5656,5.56,21.56
2026-06-08,2026-12-08,4.58,1.44,23.0
2026-06-08,2027-02-09,4.58,0.0,23.0
2026-06-08,2027-03-23,4.56,-2.0,21.0
2026-06-08,2027-05-04,4.5485,-1.15,19.85
2026-06-08,2027-06-22,4.52,-2.85,17.0
2026-06-08,2027-08-10,4.4905,-2.95,14.05
2026-06-08,2027-09-28,4.46,-3.05,11.0
2026-06-08,2027-11-02,4.4386,-2.14,8.86
2026-06-09,2026-06-16,4.35,0.0,0.0
2026-06-09,2026-08-11,4.4585,10.85,10.85
2026-06-09,2026-09-29,4.49,3.15,14.0
2026-06-09,2026-11-03,4.5567,6.67,20.67
2026-06-09,2026-12-08,4.56,0.33,21.0
2026-06-09,2027-02-09,4.5747,1.47,22.47
2026-06-09,2027-03-23,4.56,-1.47,21.0
2026-06-09,2027-05-04,4.5485,-1.15,19.85
2026-06-09,2027-06-22,4.52,-2.85,17.0
2026-06-09,2027-08-10,4.4905,-2.95,14.05
2026-06-09,2027-09-28,4.45,-4.05,10.0
2026-06-09,2027-11-02,4.4286,-2.14,7.86
2026-06-10,2026-06-16,4.35,0.0,0.0
2026-06-10,2026-08-11,4.4275,7.75,7.75
2026-06-10,2026-09-29,4.45,2.25,10.0
2026-06-10,2026-11-03,4.5056,5.56,15.56
2026-06-10,2026-12-08,4.52,1.44,17.0
2026-06-10,2027-02-09,4.52,0.0,17.0
2026-06-10,2027-03-23,4.51,-1.0,16.0
2026-06-10,2027-05-04,4.487,-2.3,13.7
2026-06-10,2027-06-22,4.45,-3.7,10.0
2026-06-10,2027-08-10,4.4352,-1.48,8.52
2026-06-10,2027-09-28,4.39,-4.52,4.0
2026-06-10,2027-11-02,4.3579,-3.21,0.79
2026-06-11,2026-06-16,4.35,0.0,0.0
2026-06-11,2026-08-11,4.4275,7.75,7.75
2026-06-11,2026-09-29,4.44,1.25,9.0
2026-06-11,2026-11-03,4.4844,4.44,13.44
2026-06-11,2026-12-08,4.5,1.56,15.0
2026-06-11,2027-02-09,4.5147,1.47,16.47
2026-06-11,2027-03-23,4.5,-1.47,15.0
2026-06-11,2027-05-04,4.477,-2.3,12.7
2026-06-11,2027-06-22,4.44,-3.7,9.0
2026-06-11,2027-08-10,4.4105,-2.95,6.05
2026-06-11,2027-09-28,4.38,-3.05,3.0
2026-06-11,2027-11-02,4.3586,-2.14,0.86
2026-06-12,2026-06-16,4.35,0.0,0.0
2026-06-12,2026-08-11,4.3965,4.65,4.65
2026-06-12,2026-09-29,4.42,2.35,7.0
2026-06-12,2026-11-03,4.4756,5.56,12.56
2026-06-12,2026-12-08,4.48,0.44,13.0
2026-06-12,2027-02-09,4.4947,1.47,14.47
2026-06-12,2027-03-23,4.48,-1.47,13.0
2026-06-12,2027-05-04,4.457,-2.3,10.7
2026-06-12,2027-06-22,4.42,-3.7,7.0
2026-06-12,2027-08-10,4.4052,-1.48,5.52
2026-06-12,2027-09-28,4.36,-4.52,1.0
2026-06-12,2027-11-02,4.3279,-3.21,-2.21
2026-06-15,2026-06-16,4.35,0.0,0.0
2026-06-15,2026-08-11,4.4275,7.75,7.75
2026-06-15,2026-09-29,4.43,0.25,8.0
2026-06-15,2026-11-03,4.4744,4.44,12.44
2026-06-15,2026-12-08,4.48,0.56,13.0
2026-06-15,2027-02-09,4.4947,1.47,14.47
2026-06-15,2027-03-23,4.47,-2.47,12.0
2026-06-15,2027-05-04,4.4356,-3.44,8.56
2026-06-15,2027-06-22,4.41,-2.56,6.0
2026-06-15,2027-08-10,4.3657,-4.43,1.57
2026-06-15,2027-09-28,4.33,-3.57,-2.0
2026-06-15,2027-11-02,4.3086,-2.14,-4.14
2026-06-16,2026-06-16,4.34,-1.0,-1.0
2026-06-16,2026-08-11,4.4175,7.75,6.75
2026-06-16,2026-09-29,4.42,0.25,7.0
2026-06-16,2026-11-03,4.4644,4.44,11.44
2026-06-16,2026-12-08,4.47,0.56,12.0
2026-06-16,2027-02-09,4.47,0.0,12.0
2026-06-16,2027-03-23,4.45,-2.0,10.0
2026-06-16,2027-05-04,4.4156,-3.44,6.56
2026-06-16,2027-06-22,4.39,-2.56,4.0
2026-06-16,2027-08-10,4.3457,-4.43,-0.43
2026-06-16,2027-09-28,4.31,-3.57,-4.0
2026-06-16,2027-11-02,4.2779,-3.21,-7.21
2026-06-17,2026-08-11,4.412,6.2,6.2
2026-06-17,2026-09-29,4.42,0.8,7.0
2026-06-17,2026-11-03,4.4533,3.33,10.33
2026-06-17,2026-12-08,4.47,1.67,12.0
2026-06-17,2027-02-09,4.4405,-2.95,9.05
2026-06-17,2027-03-23,4.42,-2.05,7.0
2026-06-17,2027-05-04,4.397,-2.3,4.7
2026-06-17,2027-06-22,4.35,-4.7,0.0
2026-06-17,2027-08-10,4.3057,-4.43,-4.43
2026-06-17,2027-09-28,4.27,-3.57,-8.0
2026-06-17,2027-11-02,4.2271,-4.29,-12.29
2026-06-18,2026-08-11,4.412,6.2,6.2
2026-06-18,2026-09-29,4.44,2.8,9.0
2026-06-18,2026-11-03,4.4844,4.44,13.44
2026-06-18,2026-12-08,4.5,1.56,15.0
2026-06-18,2027-02-09,4.4853,-1.47,13.53
2026-06-18,2027-03-23,4.47,-1.53,12.0
2026-06-18,2027-05-04,4.4356,-3.44,8.56
2026-06-18,2027-06-22,4.39,-4.56,4.0
2026-06-18,2027-08-10,4.3457,-4.43,-0.43
2026-06-18,2027-09-28,4.31,-3.57,-4.0
2026-06-18,2027-11-02,4.2779,-3.21,-7.21
2026-06-19,2026-08-11,4.443,9.3,9.3
2026-06-19,2026-09-29,4.44,-0.3,9.0
2026-06-19,2026-11-03,4.5067,6.67,15.67
2026-06-19,2026-12-08,4.52,1.33,17.0
2026-06-19,2027-02-09,4.5053,-1.47,15.53
2026-06-19,2027-03-23,4.49,-1.53,14.0
2026-06-19,2027-05-04,4.467,-2.3,11.7
2026-06-19,2027-06-22,4.42,-4.7,7.0
2026-06-19,2027-08-10,4.3905,-2.95,4.05
2026-06-19,2027-09-28,4.35,-4.05,0.0
2026-06-19,2027-11-02,4.3179,-3.21,-3.21
2026-06-22,2026-08-11,4.4275,7.75,7.75
2026-06-22,2026-09-29,4.44,1.25,9.0
2026-06-22,2026-11-03,4.5067,6.67,15.67
2026-06-22,2026-12-08,4.52,1.33,17.0
2026-06-22,2027-02-09,4.5053,-1.47,15.53
2026-06-22,2027-03-23,4.48,-2.53,13.0
2026-06-22,2027-05-04,4.4685,-1.15,11.85
2026-06-22,2027-06-22,4.42,-4.85,7.0
2026-06-22,2027-08-10,4.3757,-4.43,2.57
2026-06-22,2027-09-28,4.34,-3.57,-1.0
2026-06-22,2027-11-02,4.3079,-3.21,-4.21
2026-06-23,2026-08-11,4.412,6.2,6.2
2026-06-23,2026-09-29,4.44,2.8,9.0
2026-06-23,2026-11-03,4.4844,4.44,13.44
2026-06-23,2026-12-08,4.48,-0.44,13.0
2026-06-23,2027-02-09,4.4653,-1.47,11.53
2026-06-23,2027-03-23,4.44,-2.53,9.0
2026-06-23,2027-05-04,4.417,-2.3,6.7
2026-06-23,2027-06-22,4.37,-4.7,2.0
2026-06-23,2027-08-10,4.3257,-4.43,-2.43
2026-06-23,2027-09-28,4.29,-3.57,-6.0
2026-06-23,2027-11-02,4.2471,-4.29,-10.29
2026-06-24,2026-08-11,4.4275,7.75,7.75
2026-06-24,2026-09-29,4.45,2.25,10.0
2026-06-24,2026-11-03,4.4722,2.22,12.22
2026-06-24,2026-12-08,4.49,1.78,14.0
2026-06-24,2027-02-09,4.4753,-1.47,12.53
2026-06-24,2027-03-23,4.45,-2.53,10.0
2026-06-24,2027-05-04,4.4156,-3.44,6.56
2026-06-24,2027-06-22,4.38,-3.56,3.0
2026-06-24,2027-08-10,4.321,-5.9,-2.9
2026-06-24,2027-09-28,4.29,-3.1,-6.0
2026-06-24,2027-11-02,4.2579,-3.21,-9.21
2026-06-25,2026-08-11,4.3965,4.65,4.65
2026-06-25,2026-09-29,4.42,2.35,7.0
2026-06-25,2026-11-03,4.4533,3.33,10.33
2026-06-25,2026-12-08,4.46,0.67,11.0
2026-06-25,2027-02-09,4.4305,-2.95,8.05
2026-06-25,2027-03-23,4.41,-2.05,6.0
2026-06-25,2027-05-04,4.3756,-3.44,2.56
2026-06-25,2027-06-22,4.33,-4.56,-2.0
2026-06-25,2027-08-10,4.3005,-2.95,-4.95
2026-06-25,2027-09-28,4.25,-5.05,-10.0
2026-06-25,2027-11-02,4.2179,-3.21,-13.21
2026-06-26,2026-08-11,4.3965,4.65,4.65
2026-06-26,2026-09-29,4.41,1.35,6.0
2026-06-26,2026-11-03,4.4433,3.33,9.33
2026-06-26,2026-12-08,4.44,-0.33,9.0
2026-06-26,2027-02-09,4.4105,-2.95,6.05
2026-06-26,2027-03-23,4.39,-2.05,4.0
2026-06-26,2027-05-04,4.3556,-3.44,0.56
2026-06-26,2027-06-22,4.32,-3.56,-3.0
2026-06-26,2027-08-10,4.2757,-4.43,-7.43
2026-06-26,2027-09-28,4.24,-3.57,-11.0
2026-06-26,2027-11-02,4.2079,-3.21,-14.21
2026-06-29,2026-08-11,4.412,6.2,6.2
2026-06-29,2026-09-29,4.41,-0.2,6.0
2026-06-29,2026-11-03,4.4544,4.44,10.44
2026-06-29,2026-12-08,4.45,-0.44,10.0
2026-06-29,2027-02-09,4.4353,-1.47,8.53
2026-06-29,2027-03-23,4.41,-2.53,6.0
2026-06-29,2027-05-04,4.387,-2.3,3.7
2026-06-29,2027-06-22,4.34,-4.7,-1.0
2026-06-29,2027-08-10,4.2957,-4.43,-5.43
2026-06-29,2027-09-28,4.27,-2.57,-8.0
2026-06-29,2027-11-02,4.2271,-4.29,-12.29
2026-06-30,2026-08-11,4.412,6.2,6.2
2026-06-30,2026-09-29,4.42,0.8,7.0
2026-06-30,2026-11-03,4.4533,3.33,10.33
2026-06-30,2026-12-08,4.45,-0.33,10.0
2026-06-30,2027-02-09,4.4353,-1.47,8.53
2026-06-30,2027-03-23,4.4,-3.53,5.0
2026-06-30,2027-05-04,4.377,-2.3,2.7
2026-06-30,2027-06-22,4.33,-4.7,-2.0
2026-06-30,2027-08-10,4.3005,-2.95,-4.95
2026-06-30,2027-09-28,4.25,-5.05,-10.0
2026-06-30,2027-11-02,4.2179,-3.21,-13.21
2026-07-01,2026-08-11,4.412,6.2,6.2
2026-07-01,2026-09-29,4.42,0.8,7.0
2026-07-01,2026-11-03,4.4756,5.56,12.56
2026-07-01,2026-12-08,4.48,0.44,13.0
2026-07-01,2027-02-09,4.4653,-1.47,11.53
2026-07-01,2027-03-23,4.44,-2.53,9.0
2026-07-01,2027-05-04,4.417,-2.3,6.7
2026-07-01,2027-06-22,4.38,-3.7,3.0
2026-07-01,2027-08-10,4.3505,-2.95,0.05
2026-07-01,2027-09-28,4.31,-4.05,-4.0
2026-07-01,2027-11-02,4.2671,-4.29,-8.29
2026-07-01,2027-12-14,4.2359,-3.13,-11.41
2026-07-02,2026-08-11,4.412,6.2,6.2
2026-07-02,2026-09-29,4.42,0.8,7.0
2026-07-02,2026-11-03,4.4756,5.56,12.56
2026-07-02,2026-12-08,4.48,0.44,13.0
2026-07-02,2027-02-09,4.4653,-1.47,11.53
2026-07-02,2027-03-23,4.45,-1.53,10.0
2026-07-02,2027-05-04,4.4156,-3.44,6.56
2026-07-02,2027-06-22,4.39,-2.56,4.0
2026-07-02,2027-08-10,4.3752,-1.48,2.52
2026-07-02,2027-09-28,4.33,-4.52,-2.0
2026-07-02,2027-11-02,4.2979,-3.21,-5.21
2026-07-02,2027-12-14,4.2653,-3.26,-8.47
2026-07-03,2026-08-11,4.3965,4.65,4.65
2026-07-03,2026-09-29,4.41,1.35,6.0
2026-07-03,2026-11-03,4.4767,6.67,12.67
2026-07-03,2026-12-08,4.45,-2.67,10.0
2026-07-03,2027-02-09,4.4353,-1.47,8.53
2026-07-03,2027-03-23,4.42,-1.53,7.0
2026-07-03,2027-05-04,4.3856,-3.44,3.56
2026-07-03,2027-06-22,4.36,-2.56,1.0
2026-07-03,2027-08-10,4.3157,-4.43,-3.43
2026-07-03,2027-09-28,4.29,-2.57,-6.0
2026-07-03,2027-11-02,4.2579,-3.21,-9.21
2026-07-03,2027-12-14,4.2435,-1.43,-10.65
2026-07-06,2026-08-11,4.3965,4.65,4.65
2026-07-06,2026-09-29,4.41,1.35,6.0
2026-07-06,2026-11-03,4.4656,5.56,11.56
2026-07-06,2026-12-08,4.45,-1.56,10.0
2026-07-06,2027-02-09,4.4353,-1.47,8.53
2026-07-06,2027-03-23,4.42,-1.53,7.0
2026-07-06,2027-05-04,4.3741,-4.59,2.41
2026-07-06,2027-06-22,4.35,-2.41,0.0
2026-07-06,2027-08-10,4.3205,-2.95,-2.95
2026-07-06,2027-09-28,4.28,-4.05,-7.0
2026-07-06,2027-11-02,4.2479,-3.21,-10.21
2026-07-06,2027-12-14,4.2335,-1.43,-11.65
2026-07-07,2026-08-11,4.3965,4.65,4.65
2026-07-07,2026-09-29,4.42,2.35,7.0
2026-07-07,2026-11-03,4.4644,4.44,11.44
2026-07-07,2026-12-08,4.45,-1.44,10.0
2026-07-07,2027-02-09,4.4353,-1.47,8.53
2026-07-07,2027-03-23,4.42,-1.53,7.0
2026-07-07,2027-05-04,4.3741,-4.59,2.41
2026-07-07,2027-06-22,4.34,-3.41,-1.0
2026-07-07,2027-08-10,4.3252,-1.48,-2.48
2026-07-07,2027-09-28,4.28,-4.52,-7.0
2026-07-07,2027-11-02,4.2479,-3.21,-10.21
2026-07-07,2027-12-14,4.2153,-3.26,-13.47
2026-07-08,2026-08-11,4.3965,4.65,4.65
2026-07-08,2026-09-29,4.42,2.35,7.0
2026-07-08,2026-11-03,4.4756,5.56,12.56
2026-07-08,2026-12-08,4.47,-0.56,12.0
2026-07-08,2027-02-09,4.47,0.0,12.0
2026-07-08,2027-03-23,4.44,-3.0,9.0
2026-07-08,2027-05-04,4.4056,-3.44,5.56
2026-07-08,2027-06-22,4.38,-2.56,3.0
2026-07-08,2027-08-10,4.3505,-2.95,0.05
2026-07-08,2027-09-28,4.33,-2.05,-2.0
2026-07-08,2027-11-02,4.2979,-3.21,-5.21
2026-07-08,2027-12-14,4.2835,-1.43,-6.65
2026-07-09,2026-08-11,4.3965,4.65,4.65
2026-07-09,2026-09-29,4.44,4.35,9.0
2026-07-09,2026-11-03,4.4956,5.56,14.56
2026-07-09,2026-12-08,4.49,-0.56,14.0
2026-07-09,2027-02-09,4.4753,-1.47,12.53
2026-07-09,2027-03-23,4.45,-2.53,10.0
2026-07-09,2027-05-04,4.427,-2.3,7.7
2026-07-09,2027-06-22,4.41,-1.7,6.0
2026-07-09,2027-08-10,4.3805,-2.95,3.05
2026-07-09,2027-09-28,4.35,-3.05,0.0
2026-07-09,2027-11-02,4.3286,-2.14,-2.14
2026-07-09,2027-12-14,4.2947,-3.39,-5.53
2026-07-10,2026-08-11,4.3965,4.65,4.65
2026-07-10,2026-09-29,4.42,2.35,7.0
2026-07-10,2026-11-03,4.4756,5.56,12.56
2026-07-10,2026-12-08,4.47,-0.56,12.0
2026-07-10,2027-02-09,4.4553,-1.47,10.53
2026-07-10,2027-03-23,4.44,-1.53,9.0
2026-07-10,2027-05-04,4.4056,-3.44,5.56
2026-07-10,2027-06-22,4.38,-2.56,3.0
2026-07-10,2027-08-10,4.3505,-2.95,0.05
2026-07-10,2027-09-28,4.32,-3.05,-3.0
2026-07-10,2027-11-02,4.2986,-2.14,-5.14
2026-07-10,2027-12-14,4.2647,-3.39,-8.53
2026-07-13,2026-08-11,4.3965,4.65,4.65
2026-07-13,2026-09-29,4.42,2.35,7.0
2026-07-13,2026-11-03,4.4756,5.56,12.56
2026-07-13,2026-12-08,4.49,1.44,14.0
2026-07-13,2027-02-09,4.4605,-2.95,11.05
2026-07-13,2027-03-23,4.45,-1.05,10.0
2026-07-13,2027-05-04,4.427,-2.3,7.7
2026-07-13,2027-06-22,4.4,-2.7,5.0
2026-07-13,2027-08-10,4.3705,-2.95,2.05
2026-07-13,2027-09-28,4.34,-3.05,-1.0
2026-07-13,2027-11-02,4.3293,-1.07,-2.07
2026-07-13,2027-12-14,4.2941,-3.52,-5.59
2026-07-14,2026-08-11,4.412,6.2,6.2
2026-07-14,2026-09-29,4.44,2.8,9.0
2026-07-14,2026-11-03,4.5067,6.67,15.67
2026-07-14,2026-12-08,4.5,-0.67,15.0
2026-07-14,2027-02-09,4.5,0.0,15.0
2026-07-14,2027-03-23,4.48,-2.0,13.0
2026-07-14,2027-05-04,4.4456,-3.44,9.56
2026-07-14,2027-06-22,4.44,-0.56,9.0
2026-07-14,2027-08-10,4.4105,-2.95,6.05
2026-07-14,2027-09-28,4.38,-3.05,3.0
2026-07-14,2027-11-02,4.3586,-2.14,0.86
2026-07-14,2027-12-14,4.3429,-1.56,-0.71
2026-07-15,2026-08-11,4.3965,4.65,4.65
2026-07-15,2026-09-29,4.44,4.35,9.0
2026-07-15,2026-11-03,4.5067,6.67,15.67
2026-07-15,2026-12-08,4.5,-0.67,15.0
2026-07-15,2027-02-09,4.5,0.0,15.0
2026-07-15,2027-03-23,4.48,-2.0,13.0
2026-07-15,2027-05-04,4.4685,-1.15,11.85
2026-07-15,2027-06-22,4.44,-2.85,9.0
2026-07-15,2027-08-10,4.4105,-2.95,6.05
2026-07-15,2027-09-28,4.39,-2.05,4.0
2026-07-15,2027-11-02,4.3579,-3.21,0.79
2026-07-15,2027-12-14,4.3435,-1.43,-0.65
2026-07-16,2026-08-11,4.3965,4.65,4.65
2026-07-16,2026-09-29,4.44,4.35,9.0
2026-07-16,2026-11-03,4.5067,6.67,15.67
2026-07-16,2026-12-08,4.5,-0.67,15.0
2026-07-16,2027-02-09,4.5,0.0,15.0
2026-07-16,2027-03-23,4.49,-1.0,14.0
2026-07-16,2027-05-04,4.4556,-3.44,10.56
2026-07-16,2027-06-22,4.44,-1.56,9.0
2026-07-16,2027-08-10,4.4105,-2.95,6.05
2026-07-16,2027-09-28,4.38,-3.05,3.0
2026-07-16,2027-11-02,4.3479,-3.21,-0.21
2026-07-16,2027-12-14,4.3153,-3.26,-3.47
2026-07-17,2026-08-11,4.3965,4.65,4.65
2026-07-17,2026-09-29,4.43,3.35,8.0
2026-07-17,2026-11-03,4.5078,7.78,15.78
2026-07-17,2026-12-08,4.5,-0.78,15.0
2026-07-17,2027-02-09,4.5147,1.47,16.47
2026-07-17,2027-03-23,4.5,-1.47,15.0
2026-07-17,2027-05-04,4.4656,-3.44,11.56
2026-07-17,2027-06-22,4.45,-1.56,10.0
2026-07-17,2027-08-10,4.4352,-1.48,8.52
2026-07-17,2027-09-28,4.4,-3.52,5.0
2026-07-17,2027-11-02,4.3786,-2.14,2.86
2026-07-17,2027-12-14,4.3447,-3.39,-0.53
2026-07-20,2026-08-11,4.412,6.2,6.2
2026-07-20,2026-09-29,4.45,3.8,10.0
2026-07-20,2026-11-03,4.5389,8.89,18.89
2026-07-20,2026-12-08,4.55,1.11,20.0
2026-07-20,2027-02-09,4.5647,1.47,21.47
2026-07-20,2027-03-23,4.55,-1.47,20.0
2026-07-20,2027-05-04,4.527,-2.3,17.7
2026-07-20,2027-06-22,4.52,-0.7,17.0
2026-07-20,2027-08-10,4.4905,-2.95,14.05
2026-07-20,2027-09-28,4.47,-2.05,12.0
2026-07-20,2027-11-02,4.4486,-2.14,9.86
2026-07-20,2027-12-14,4.4329,-1.56,8.29
2026-07-21,2026-08-11,4.3965,4.65,4.65
2026-07-21,2026-09-29,4.43,3.35,8.0
2026-07-21,2026-11-03,4.5078,7.78,15.78
2026-07-21,2026-12-08,4.53,2.22,18.0
2026-07-21,2027-02-09,4.53,-0.0,18.0
2026-07-21,2027-03-23,4.53,0.0,18.0
2026-07-21,2027-05-04,4.4956,-3.44,14.56
2026-07-21,2027-06-22,4.5,0.44,15.0
2026-07-21,2027-08-10,4.4705,-2.95,12.05
2026-07-21,2027-09-28,4.44,-3.05,9.0
2026-07-21,2027-11-02,4.4186,-2.14,6.86
2026-07-21,2027-12-14,4.4029,-1.56,5.29
2026-07-22,2026-08-11,4.3965,4.65,4.65
2026-07-22,2026-09-29,4.44,4.35,9.0
2026-07-22,2026-11-03,4.5178,7.78,16.78
2026-07-22,2026-12-08,4.54,2.22,19.0
2026-07-22,2027-02-09,4.5547,1.47,20.47
2026-07-22,2027-03-23,4.55,-0.47,20.0
2026-07-22,2027-05-04,4.527,-2.3,17.7
2026-07-22,2027-06-22,4.52,-0.7,17.0
2026-07-22,2027-08-10,4.4905,-2.95,14.05
2026-07-22,2027-09-28,4.47,-2.05,12.0
2026-07-22,2027-11-02,4.4486,-2.14,9.86
2026-07-22,2027-12-14,4.4329,-1.56,8.29
2026-07-23,2026-08-11,4.443,9.3,9.3
2026-07-23,2026-09-29,4.47,2.7,12.0
2026-07-23,2026-11-03,4.57,10.0,22.0
2026-07-23,2026-12-08,4.59,2.0,24.0
2026-07-23,2027-02-09,4.6047,1.47,25.47
2026-07-23,2027-03-23,4.61,0.53,26.0
2026-07-23,2027-05-04,4.5756,-3.44,22.56
2026-07-23,2027-06-22,4.58,0.44,23.0
2026-07-23,2027-08-10,4.5505,-2.95,20.05
2026-07-23,2027-09-28,4.53,-2.05,18.0
2026-07-23,2027-11-02,4.4979,-3.21,14.79
2026-07-23,2027-12-14,4.5018,0.39,15.18
2026-07-24,2026-08-11,4.4585,10.85,10.85
2026-07-24,2026-09-29,4.49,3.15,14.0
2026-07-24,2026-11-03,4.6122,12.22,26.22
2026-07-24,2026-12-08,4.66,4.78,31.0
2026-07-24,2027-02-09,4.7042,4.42,35.42
2026-07-24,2027-03-23,4.71,0.58,36.0
2026-07-24,2027-05-04,4.687,-2.3,33.7
2026-07-24,2027-06-22,4.69,0.3,34.0
2026-07-24,2027-08-10,4.69,0.0,34.0
2026-07-24,2027-09-28,4.65,-4.0,30.0
2026-07-24,2027-11-02,4.6286,-2.14,27.86
2026-07-24,2027-12-14,4.6129,-1.56,26.29
2026-07-27,2026-08-11,4.412,6.2,6.2
2026-07-27,2026-09-29,4.44,2.8,9.0
2026-07-27,2026-11-03,4.54,10.0,19.0
2026-07-27,2026-12-08,4.58,4.0,23.0
2026-07-27,2027-02-09,4.6242,4.42,27.42
2026-07-27,2027-03-23,4.61,-1.42,26.0
2026-07-27,2027-05-04,4.5985,-1.15,24.85
2026-07-27,2027-06-22,4.6,0.15,25.0
2026-07-27,2027-08-10,4.5705,-2.95,22.05
2026-07-27,2027-09-28,4.56,-1.05,21.0
2026-07-27,2027-11-02,4.5279,-3.21,17.79
2026-07-27,2027-12-14,4.5135,-1.43,16.35
2026-07-28,2026-08-11,4.412,6.2,6.2
2026-07-28,2026-09-29,4.44,2.8,9.0
2026-07-28,2026-11-03,4.5289,8.89,17.89
2026-07-28,2026-12-08,4.56,3.11,21.0
2026-07-28,2027-02-09,4.5895,2.95,23.95
2026-07-28,2027-03-23,4.58,-0.95,23.0
2026-07-28,2027-05-04,4.557,-2.3,20.7
2026-07-28,2027-06-22,4.55,-0.7,20.0
2026-07-28,2027-08-10,4.5205,-2.95,17.05
2026-07-28,2027-09-28,4.5,-2.05,15.0
2026-07-28,2027-11-02,4.4679,-3.21,11.79
2026-07-28,2027-12-14,4.4353,-3.26,8.53
2026-07-29,2026-08-11,4.3655,1.55,1.55
2026-07-29,2026-09-29,4.38,1.45,3.0
2026-07-29,2026-11-03,4.4467,6.67,9.67
2026-07-29,2026-12-08,4.48,3.33,13.0
2026-07-29,2027-02-09,4.5095,2.95,15.95
2026-07-29,2027-03-23,4.5,-0.95,15.0
2026-07-29,2027-05-04,4.4656,-3.44,11.56
2026-07-29,2027-06-22,4.47,0.44,12.0
2026-07-29,2027-08-10,4.4405,-2.95,9.05
2026-07-29,2027-09-28,4.42,-2.05,7.0
2026-07-29,2027-11-02,4.3879,-3.21,3.79
2026-07-29,2027-12-14,4.3371,-5.08,-1.29
2026-07-30,2026-08-11,4.35,0.0,0.0
2026-07-30,2026-09-29,4.38,3.0,3.0
2026-07-30,2026-11-03,4.48,10.0,13.0
2026-07-30,2026-12-08,4.5,2.0,15.0
2026-07-30,2027-02-09,4.5442,4.42,19.42
2026-07-30,2027-03-23,4.55,0.58,20.0
2026-07-30,2027-05-04,4.5156,-3.44,16.56
2026-07-30,2027-06-22,4.52,0.44,17.0
2026-07-30,2027-08-10,4.4905,-2.95,14.05
2026-07-30,2027-09-28,4.47,-2.05,12.0
2026-07-30,2027-11-02,4.4379,-3.21,8.79
2026-07-30,2027-12-14,4.4053,-3.26,5.53
2026-07-31,2026-08-11,4.3655,1.55,1.55
2026-07-31,2026-09-29,4.38,1.45,3.0
2026-07-31,2026-11-03,4.4467,6.67,9.67
2026-07-31,2026-12-08,4.47,2.33,12.0
2026-07-31,2027-02-09,4.5142,4.42,16.42
2026-07-31,2027-03-23,4.5,-1.42,15.0
2026-07-31,2027-05-04,4.477,-2.3,12.7
2026-07-31,2027-06-22,4.47,-0.7,12.0
2026-07-31,2027-08-10,4.4405,-2.95,9.05
2026-07-31,2027-09-28,4.42,-2.05,7.0
2026-07-31,2027-11-02,4.3771,-4.29,2.71
2026-07-31,2027-12-14,4.3459,-3.13,-0.41
2026-08-03,2026-08-11,4.35,0.0,0.0
2026-08-03,2026-09-29,4.39,4.0,4.0
2026-08-03,2026-11-03,4.4567,6.67,10.67
2026-08-03,2026-12-08,4.48,2.33,13.0
2026-08-03,2027-02-09,4.5095,2.95,15.95
2026-08-03,2027-03-23,4.5,-0.95,15.0
2026-08-03,2027-05-04,4.477,-2.3,12.7
2026-08-03,2027-06-22,4.47,-0.7,12.0
2026-08-03,2027-08-10,4.4552,-1.48,10.52
2026-08-03,2027-09-28,4.42,-3.52,7.0
2026-08-03,2027-11-02,4.3879,-3.21,3.79
2026-08-03,2027-12-14,4.36,-2.79,1.0
2026-08-04,2026-08-11,4.3655,1.55,1.55
2026-08-04,2026-09-29,4.39,2.45,4.0
2026-08-04,2026-11-03,4.4789,8.89,12.89
2026-08-04,2026-12-08,4.5,2.11,15.0
2026-08-04,2027-02-09,4.5442,4.42,19.42
2026-08-04,2027-03-23,4.53,-1.42,18.0
2026-08-04,2027-05-04,4.5185,-1.15,16.85
2026-08-04,2027-06-22,4.52,0.15,17.0
2026-08-04,2027-08-10,4.4905,-2.95,14.05
2026-08-04,2027-09-28,4.46,-3.05,11.0
2026-08-04,2027-11-02,4.4279,-3.21,7.79
2026-08-04,2027-12-14,4.39,-3.79,4.0
2026-08-05,2026-08-11,4.35,0.0,0.0
2026-08-05,2026-09-29,4.38,3.0,3.0
2026-08-05,2026-11-03,4.4467,6.67,9.67
2026-08-05,2026-12-08,4.47,2.33,12.0
2026-08-05,2027-02-09,4.4995,2.95,14.95
2026-08-05,2027-03-23,4.49,-0.95,14.0
2026-08-05,2027-05-04,4.467,-2.3,11.7
2026-08-05,2027-06-22,4.46,-0.7,11.0
2026-08-05,2027-08-10,4.4305,-2.95,8.05
2026-08-05,2027-09-28,4.41,-2.05,6.0
2026-08-05,2027-11-02,4.3779,-3.21,2.79
2026-08-05,2027-12-14,4.34,-3.79,-1.0
2026-08-06,2026-08-11,4.35,0.0,0.0
2026-08-06,2026-09-29,4.38,3.0,3.0
2026-08-06,2026-11-03,4.4467,6.67,9.67
2026-08-06,2026-12-08,4.47,2.33,12.0
2026-08-06,2027-02-09,4.4847,1.47,13.47
2026-08-06,2027-03-23,4.5,1.53,15.0
2026-08-06,2027-05-04,4.4656,-3.44,11.56
2026-08-06,2027-06-22,4.47,0.44,12.0
2026-08-06,2027-08-10,4.4405,-2.95,9.05
2026-08-06,2027-09-28,4.41,-3.05,6.0
2026-08-06,2027-11-02,4.3886,-2.14,3.86
2026-08-06,2027-12-14,4.35,-3.86,0.0
2026-08-07,2026-08-11,4.35,0.0,0.0
2026-08-07,2026-09-29,4.38,3.0,3.0
2026-08-07,2026-11-03,4.4578,7.78,10.78
2026-08-07,2026-12-08,4.47,1.22,12.0
2026-08-07,2027-02-09,4.4995,2.95,14.95
2026-08-07,2027-03-23,4.5,0.05,15.0
2026-08-07,2027-05-04,4.4656,-3.44,11.56
2026-08-07,2027-06-22,4.47,0.44,12.0
2026-08-07,2027-08-10,4.4405,-2.95,9.05
2026-08-07,2027-09-28,4.45,0.95,10.0
2026-08-07,2027-11-02,4.4179,-3.21,6.79
2026-08-07,2027-12-14,4.39,-2.79,4.0
2026-08-10,2026-08-11,4.3655,1.55,1.55
2026-08-10,2026-09-29,4.39,2.45,4.0
2026-08-10,2026-11-03,4.4789,8.89,12.89
2026-08-10,2026-12-08,4.49,1.11,14.0
2026-08-10,2027-02-09,4.5342,4.42,18.42
2026-08-10,2027-03-23,4.53,-0.42,18.0
2026-08-10,2027-05-04,4.5185,-1.15,16.85
2026-08-10,2027-06-22,4.51,-0.85,16.0
2026-08-10,2027-08-10,4.4952,-1.48,14.52
2026-08-10,2027-09-28,4.47,-2.52,12.0
2026-08-10,2027-11-02,4.4379,-3.21,8.79
2026-08-10,2027-12-14,4.41,-2.79,6.0
2026-08-11,2026-08-11,4.3345,-1.55,-1.55
2026-08-11,2026-09-29,4.39,5.55,4.0
2026-08-11,2026-11-03,4.49,10.0,14.0
2026-08-11,2026-12-08,4.52,3.0,17.0
2026-08-11,2027-02-09,4.5642,4.42,21.42
2026-08-11,2027-03-23,4.55,-1.42,20.0
2026-08-11,2027-05-04,4.5385,-1.15,18.85
2026-08-11,2027-06-22,4.54,0.15,19.0
2026-08-11,2027-08-10,4.5252,-1.48,17.52
2026-08-11,2027-09-28,4.5,-2.52,15.0
2026-08-11,2027-11-02,4.4679,-3.21,11.79
2026-08-11,2027-12-14,4.44,-2.79,9.0
2026-08-12,2026-09-29,4.39,4.0,4.0
2026-08-12,2026-11-03,4.4789,8.89,12.89
2026-08-12,2026-12-08,4.51,3.11,16.0
2026-08-12,2027-02-09,4.5395,2.95,18.95
2026-08-12,2027-03-23,4.55,1.05,20.0
2026-08-12,2027-05-04,4.527,-2.3,17.7
2026-08-12,2027-06-22,4.52,-0.7,17.0
2026-08-12,2027-08-10,4.52,0.0,17.0
2026-08-12,2027-09-28,4.48,-4.0,13.0
2026-08-12,2027-11-02,4.4586,-2.14,10.86
2026-08-12,2027-12-14,4.43,-2.86,8.0
2026-08-13,2026-09-29,4.38,3.0,3.0
2026-08-13,2026-11-03,4.4689,8.89,11.89
2026-08-13,2026-12-08,4.49,2.11,14.0
2026-08-13,2027-02-09,4.5047,1.47,15.47
2026-08-13,2027-03-23,4.51,0.53,16.0
2026-08-13,2027-05-04,4.4756,-3.44,12.56
2026-08-13,2027-06-22,4.48,0.44,13.0
2026-08-13,2027-08-10,4.4652,-1.48,11.52
2026-08-13,2027-09-28,4.44,-2.52,9.0
2026-08-13,2027-11-02,4.4079,-3.21,5.79
2026-08-13,2027-12-14,4.38,-2.79,3.0
2026-08-14,2026-09-29,4.39,4.0,4.0
2026-08-14,2026-11-03,4.4789,8.89,12.89
2026-08-14,2026-12-08,4.48,0.11,13.0
2026-08-14,2027-02-09,4.5095,2.95,15.95
2026-08-14,2027-03-23,4.52,1.05,17.0
2026-08-14,2027-05-04,4.4741,-4.59,12.41
2026-08-14,2027-06-22,4.48,0.59,13.0
2026-08-14,2027-08-10,4.4652,-1.48,11.52
2026-08-14,2027-09-28,4.44,-2.52,9.0
2026-08-14,2027-11-02,4.4079,-3.21,5.79
2026-08-14,2027-12-14,4.38,-2.79,3.0
2026-08-17,2026-09-29,4.38,3.0,3.0
2026-08-17,2026-11-03,4.4578,7.78,10.78
2026-08-17,2026-12-08,4.49,3.22,14.0
2026-08-17,2027-02-09,4.5195,2.95,16.95
2026-08-17,2027-03-23,4.52,0.05,17.0
2026-08-17,2027-05-04,4.497,-2.3,14.7
2026-08-17,2027-06-22,4.49,-0.7,14.0
2026-08-17,2027-08-10,4.4752,-1.48,12.52
2026-08-17,2027-09-28,4.45,-2.52,10.0
2026-08-17,2027-11-02,4.4286,-2.14,7.86
2026-08-17,2027-12-14,4.4,-2.86,5.0
2026-08-18,2026-09-29,4.39,4.0,4.0
2026-08-18,2026-11-03,4.4678,7.78,11.78
2026-08-18,2026-12-08,4.51,4.22,16.0
2026-08-18,2027-02-09,4.5395,2.95,18.95
2026-08-18,2027-03-23,4.55,1.05,20.0
2026-08-18,2027-05-04,4.527,-2.3,17.7
2026-08-18,2027-06-22,4.53,0.3,18.0
2026-08-18,2027-08-10,4.53,-0.0,18.0
2026-08-18,2027-09-28,4.5,-3.0,15.0
2026-08-18,2027-11-02,4.4679,-3.21,11.79
2026-08-18,2027-12-14,4.44,-2.79,9.0
2026-08-19,2026-09-29,4.38,3.0,3.0
2026-08-19,2026-11-03,4.48,10.0,13.0
2026-08-19,2026-12-08,4.5,2.0,15.0
2026-08-19,2027-02-09,4.5442,4.42,19.42
2026-08-19,2027-03-23,4.53,-1.42,18.0
2026-08-19,2027-05-04,4.5185,-1.15,16.85
2026-08-19,2027-06-22,4.51,-0.85,16.0
2026-08-19,2027-08-10,4.4952,-1.48,14.52
2026-08-19,2027-09-28,4.47,-2.52,12.0
2026-08-19,2027-11-02,4.4486,-2.14,9.86
2026-08-19,2027-12-14,4.42,-2.86,7.0
2026-08-20,2026-09-29,4.37,2.0,2.0
2026-08-20,2026-11-03,4.47,10.0,12.0
2026-08-20,2026-12-08,4.48,1.0,13.0
2026-08-20,2027-02-09,4.5095,2.95,15.95
2026-08-20,2027-03-23,4.51,0.05,16.0
2026-08-20,2027-05-04,4.4985,-1.15,14.85
2026-08-20,2027-06-22,4.49,-0.85,14.0
2026-08-20,2027-08-10,4.4752,-1.48,12.52
2026-08-20,2027-09-28,4.45,-2.52,10.0
2026-08-20,2027-11-02,4.4179,-3.21,6.79
2026-08-20,2027-12-14,4.39,-2.79,4.0
2026-08-21,2026-09-29,4.38,3.0,3.0
2026-08-21,2026-11-03,4.4578,7.78,10.78
2026-08-21,2026-12-08,4.5,4.22,15.0
2026-08-21,2027-02-09,4.5442,4.42,19.42
2026-08-21,2027-03-23,4.53,-1.42,18.0
2026-08-21,2027-05-04,4.53,0.0,18.0
2026-08-21,2027-06-22,4.53,0.0,18.0
2026-08-21,2027-08-10,4.5152,-1.48,16.52
2026-08-21,2027-09-28,4.5,-1.52,15.0
2026-08-21,2027-11-02,4.4679,-3.21,11.79
2026-08-21,2027-12-14,4.44,-2.79,9.0
2026-08-24,2026-09-29,4.37,2.0,2.0
2026-08-24,2026-11-03,4.4589,8.89,10.89
2026-08-24,2026-12-08,4.48,2.11,13.0
2026-08-24,2027-02-09,4.5095,2.95,15.95
2026-08-24,2027-03-23,4.51,0.05,16.0
2026-08-24,2027-05-04,4.4985,-1.15,14.85
2026-08-24,2027-06-22,4.5,0.15,15.0
2026-08-24,2027-08-10,4.4705,-2.95,12.05
2026-08-24,2027-09-28,4.45,-2.05,10.0
2026-08-24,2027-11-02,4.4286,-2.14,7.86
2026-08-24,2027-12-14,4.41,-1.86,6.0
2026-08-25,2026-09-29,4.38,3.0,3.0
2026-08-25,2026-11-03,4.48,10.0,13.0
2026-08-25,2026-12-08,4.5,2.0,15.0
2026-08-25,2027-02-09,4.5295,2.95,17.95
2026-08-25,2027-03-23,4.53,0.05,18.0
2026-08-25,2027-05-04,4.5185,-1.15,16.85
2026-08-25,2027-06-22,4.51,-0.85,16.0
2026-08-25,2027-08-10,4.4952,-1.48,14.52
2026-08-25,2027-09-28,4.47,-2.52,12.0
2026-08-25,2027-11-02,4.4379,-3.21,8.79
2026-08-25,2027-12-14,4.42,-1.79,7.0
2026-08-26,2026-09-29,4.44,9.0,9.0
2026-08-26,2026-11-03,4.5511,11.11,20.11
2026-08-26,2026-12-08,4.57,1.89,22.0
2026-08-26,2027-02-09,4.5995,2.95,24.95
2026-08-26,2027-03-23,4.59,-0.95,24.0
2026-08-26,2027-05-04,4.59,0.0,24.0
2026-08-26,2027-06-22,4.58,-1.0,23.0
2026-08-26,2027-08-10,4.5652,-1.48,21.52
2026-08-26,2027-09-28,4.54,-2.52,19.0
2026-08-26,2027-11-02,4.5186,-2.14,16.86
2026-08-26,2027-12-14,4.48,-3.86,13.0
2026-08-27,2026-09-29,4.47,12.0,12.0
2026-08-27,2026-11-03,4.5922,12.22,24.22
2026-08-27,2026-12-08,4.62,2.78,27.0
2026-08-27,2027-02-09,4.6789,5.89,32.89
2026-08-27,2027-03-23,4.67,-0.89,32.0
2026-08-27,2027-05-04,4.67,0.0,32.0
2026-08-27,2027-06-22,4.65,-2.0,30.0
2026-08-27,2027-08-10,4.6352,-1.48,28.52
2026-08-27,2027-09-28,4.61,-2.52,26.0
2026-08-27,2027-11-02,4.5779,-3.21,22.79
2026-08-27,2027-12-14,4.55,-2.79,20.0
2026-08-28,2026-09-29,4.46,11.0,11.0
2026-08-28,2026-11-03,4.5933,13.33,24.33
2026-08-28,2026-12-08,4.61,1.67,26.0
2026-08-28,2027-02-09,4.6542,4.42,30.42
2026-08-28,2027-03-23,4.66,0.58,31.0
2026-08-28,2027-05-04,4.6485,-1.15,29.85
2026-08-28,2027-06-22,4.64,-0.85,29.0
2026-08-28,2027-08-10,4.6252,-1.48,27.52
2026-08-28,2027-09-28,4.59,-3.52,24.0
2026-08-28,2027-11-02,4.5579,-3.21,20.79
2026-08-28,2027-12-14,4.53,-2.79,18.0
2026-08-31,2026-09-29,4.47,12.0,12.0
2026-08-31,2026-11-03,4.5922,12.22,24.22
2026-08-31,2026-12-08,4.61,1.78,26.0
2026-08-31,2027-02-09,4.6689,5.89,31.89
2026-08-31,2027-03-23,4.67,0.11,32.0
2026-08-31,2027-05-04,4.6585,-1.15,30.85
2026-08-31,2027-06-22,4.66,0.15,31.0
2026-08-31,2027-08-10,4.6305,-2.95,28.05
2026-08-31,2027-09-28,4.61,-2.05,26.0
2026-08-31,2027-11-02,4.5779,-3.21,22.79
2026-08-31,2027-12-14,4.54,-3.79,19.0
2026-09-01,2026-09-29,4.48,13.0,13.0
2026-09-01,2026-11-03,4.6022,12.22,25.22
2026-09-01,2026-12-08,4.64,3.78,29.0
2026-09-01,2027-02-09,4.6989,5.89,34.89
2026-09-01,2027-03-23,4.7,0.11,35.0
2026-09-01,2027-05-04,4.7,0.0,35.0
2026-09-01,2027-06-22,4.7,-0.0,35.0
2026-09-01,2027-08-10,4.6852,-1.48,33.52
2026-09-01,2027-09-28,4.67,-1.52,32.0
2026-09-01,2027-11-02,4.6379,-3.21,28.79
2026-09-01,2027-12-14,4.61,-2.79,26.0
2026-09-02,2026-09-29,4.54,19.0,19.0
2026-09-02,2026-11-03,4.6511,11.11,30.11
2026-09-02,2026-12-08,4.7,4.89,35.0
2026-09-02,2027-02-09,4.7737,7.37,42.37
2026-09-02,2027-03-23,4.78,0.63,43.0
2026-09-02,2027-05-04,4.7915,1.15,44.15
2026-09-02,2027-06-22,4.8,0.85,45.0
2026-09-02,2027-08-10,4.8,-0.0,45.0
2026-09-02,2027-09-28,4.78,-2.0,43.0
2026-09-02,2027-11-02,4.7479,-3.21,39.79
2026-09-02,2027-12-14,4.72,-2.79,37.0
2026-09-03,2026-09-29,4.5,15.0,15.0
2026-09-03,2026-11-03,4.6222,12.22,27.22
2026-09-03,2026-12-08,4.66,3.78,31.0
2026-09-03,2027-02-09,4.7042,4.42,35.42
2026-09-03,2027-03-23,4.72,1.58,37.0
2026-09-03,2027-05-04,4.7315,1.15,38.15
2026-09-03,2027-06-22,4.73,-0.15,38.0
2026-09-03,2027-08-10,4.73,0.0,38.0
2026-09-03,2027-09-28,4.71,-2.0,36.0
2026-09-03,2027-11-02,4.6886,-2.14,33.86
2026-09-03,2027-12-14,4.66,-2.86,31.0
2026-09-04,2026-09-29,4.5,15.0,15.0
2026-09-04,2026-11-03,4.6222,12.22,27.22
2026-09-04,2026-12-08,4.64,1.78,29.0
2026-09-04,2027-02-09,4.6842,4.42,33.42
2026-09-04,2027-03-23,4.72,3.58,37.0
2026-09-04,2027-05-04,4.72,0.0,37.0
2026-09-04,2027-06-22,4.72,0.0,37.0
2026-09-04,2027-08-10,4.72,0.0,37.0
2026-09-04,2027-09-28,4.7,-2.0,35.0
2026-09-04,2027-11-02,4.6679,-3.21,31.79
2026-09-04,2027-12-14,4.64,-2.79,29.0
2026-09-07,2026-09-29,4.52,17.0,17.0
2026-09-07,2026-11-03,4.6311,11.11,28.11
2026-09-07,2026-12-08,4.67,3.89,32.0
2026-09-07,2027-02-09,4.7437,7.37,39.37
2026-09-07,2027-03-23,4.75,0.63,40.0
2026-09-07,2027-05-04,4.773,2.3,42.3
2026-09-07,2027-06-22,4.77,-0.3,42.0
2026-09-07,2027-08-10,4.77,0.0,42.0
2026-09-07,2027-09-28,4.74,-3.0,39.0
2026-09-07,2027-11-02,4.7079,-3.21,35.79
2026-09-07,2027-12-14,4.67,-3.79,32.0
2026-09-08,2026-09-29,4.52,17.0,17.0
2026-09-08,2026-11-03,4.62,10.0,27.0
2026-09-08,2026-12-08,4.67,5.0,32.0
2026-09-08,2027-02-09,4.7289,5.89,37.89
2026-09-08,2027-03-23,4.75,2.11,40.0
2026-09-08,2027-05-04,4.7615,1.15,41.15
2026-09-08,2027-06-22,4.76,-0.15,41.0
2026-09-08,2027-08-10,4.7452,-1.48,39.52
2026-09-08,2027-09-28,4.73,-1.52,38.0
2026-09-08,2027-11-02,4.6979,-3.21,34.79
2026-09-08,2027-12-14,4.66,-3.79,31.0
2026-09-09,2026-09-29,4.53,18.0,18.0
2026-09-09,2026-11-03,4.63,10.0,28.0
2026-09-09,2026-12-08,4.69,6.0,34.0
2026-09-09,2027-02-09,4.7784,8.84,42.84
2026-09-09,2027-03-23,4.8,2.16,45.0
2026-09-09,2027-05-04,4.8,0.0,45.0
2026-09-09,2027-06-22,4.81,1.0,46.0
2026-09-09,2027-08-10,4.7952,-1.48,44.52
2026-09-09,2027-09-28,4.78,-1.52,43.0
2026-09-09,2027-11-02,4.7479,-3.21,39.79
2026-09-09,2027-12-14,4.71,-3.79,36.0
2026-09-10,2026-09-29,4.53,18.0,18.0
2026-09-10,2026-11-03,4.63,10.0,28.0
2026-09-10,2026-12-08,4.69,6.0,34.0
2026-09-10,2027-02-09,4.7784,8.84,42.84
2026-09-10,2027-03-23,4.81,3.16,46.0
2026-09-10,2027-05-04,4.81,-0.0,46.0
2026-09-10,2027-06-22,4.83,2.0,48.0
2026-09-10,2027-08-10,4.83,0.0,48.0
2026-09-10,2027-09-28,4.81,-2.0,46.0
2026-09-10,2027-11-02,4.7779,-3.21,42.79
2026-09-10,2027-12-14,4.75,-2.79,40.0
2026-09-11,2026-09-29,4.54,19.0,19.0
2026-09-11,2026-11-03,4.6844,14.44,33.44
2026-09-11,2026-12-08,4.72,3.56,37.0
2026-09-11,2027-02-09,4.8526,13.26,50.26
2026-09-11,2027-03-23,4.91,5.74,56.0
2026-09-11,2027-05-04,4.9444,3.44,59.44
2026-09-11,2027-06-22,4.98,3.56,63.0
2026-09-11,2027-08-10,4.98,0.0,63.0
2026-09-11,2027-09-28,4.98,0.0,63.0
2026-09-11,2027-11-02,4.9693,-1.07,61.93
2026-09-11,2027-12-14,4.93,-3.93,58.0
2026-09-14,2026-09-29,4.54,19.0,19.0
2026-09-14,2026-11-03,4.6733,13.33,32.33
2026-09-14,2026-12-08,4.72,4.67,37.0
2026-09-14,2027-02-09,4.8232,10.32,47.32
2026-09-14,2027-03-23,4.89,6.68,54.0
2026-09-14,2027-05-04,4.9244,3.44,57.44
2026-09-14,2027-06-22,4.94,1.56,59.0
2026-09-14,2027-08-10,4.9548,1.48,60.48
2026-09-14,2027-09-28,4.94,-1.48,59.0
2026-09-14,2027-11-02,4.9186,-2.14,56.86
2026-09-14,2027-12-14,4.89,-2.86,54.0
2026-09-15,2026-09-29,4.55,20.0,20.0
2026-09-15,2026-11-03,4.6833,13.33,33.33
2026-09-15,2026-12-08,4.74,5.67,39.0
2026-09-15,2027-02-09,4.8726,13.26,52.26
2026-09-15,2027-03-23,4.94,6.74,59.0
2026-09-15,2027-05-04,5.0204,8.04,67.04
2026-09-15,2027-06-22,5.05,2.96,70.0
2026-09-15,2027-08-10,5.05,-0.0,70.0
2026-09-15,2027-09-28,5.06,1.0,71.0
2026-09-15,2027-11-02,5.0493,-1.07,69.93
2026-09-15,2027-12-14,5.0,-4.93,65.0
2026-09-16,2026-09-29,4.54,19.0,19.0
2026-09-16,2026-11-03,4.6622,12.22,31.22
2026-09-16,2026-12-08,4.72,5.78,37.0
2026-09-16,2027-02-09,4.8379,11.79,48.79
2026-09-16,2027-03-23,4.91,7.21,56.0
2026-09-16,2027-05-04,4.9789,6.89,62.89
2026-09-16,2027-06-22,5.0,2.11,65.0
2026-09-16,2027-08-10,5.0,0.0,65.0
2026-09-16,2027-09-28,5.0,0.0,65.0
2026-09-16,2027-11-02,4.9786,-2.14,62.86
2026-09-16,2027-12-14,4.94,-3.86,59.0
2026-09-17,2026-09-29,4.56,21.0,21.0
2026-09-17,2026-11-03,4.6822,12.22,33.22
2026-09-17,2026-12-08,4.72,3.78,37.0
2026-09-17,2027-02-09,4.8379,11.79,48.79
2026-09-17,2027-03-23,4.89,5.21,54.0
2026-09-17,2027-05-04,4.9474,5.74,59.74
2026-09-17,2027-06-22,4.97,2.26,62.0
2026-09-17,2027-08-10,4.97,0.0,62.0
2026-09-17,2027-09-28,4.97,-0.0,62.0
2026-09-17,2027-11-02,4.9379,-3.21,58.79
2026-09-17,2027-12-14,4.91,-2.79,56.0
2026-09-18,2026-09-29,4.56,21.0,21.0
2026-09-18,2026-11-03,4.7044,14.44,35.44
2026-09-18,2026-12-08,4.73,2.56,38.0
2026-09-18,2027-02-09,4.8479,11.79,49.79
2026-09-18,2027-03-23,4.89,4.21,54.0
2026-09-18,2027-05-04,4.9474,5.74,59.74
2026-09-18,2027-06-22,4.94,-0.74,59.0
2026-09-18,2027-08-10,4.94,0.0,59.0
2026-09-18,2027-09-28,4.94,0.0,59.0
2026-09-18,2027-11-02,4.9186,-2.14,56.86
2026-09-18,2027-12-14,4.88,-3.86,53.0
2026-09-21,2026-09-29,4.57,22.0,22.0
2026-09-21,2026-11-03,4.7033,13.33,35.33
2026-09-21,2026-12-08,4.76,5.67,41.0
2026-09-21,2027-02-09,4.8632,10.32,51.32
2026-09-21,2027-03-23,4.93,6.68,58.0
2026-09-21,2027-05-04,4.9874,5.74,63.74
2026-09-21,2027-06-22,4.99,0.26,64.0
2026-09-21,2027-08-10,4.99,-0.0,64.0
2026-09-21,2027-09-28,4.98,-1.0,63.0
2026-09-21,2027-11-02,4.9586,-2.14,60.86
2026-09-21,2027-12-14,4.92,-3.86,57.0
2026-09-22,2026-09-29,4.57,22.0,22.0
2026-09-22,2026-11-03,4.7144,14.44,36.44
2026-09-22,2026-12-08,4.75,3.56,40.0
2026-09-22,2027-02-09,4.8679,11.79,51.79
2026-09-22,2027-03-23,4.92,5.21,57.0
2026-09-22,2027-05-04,4.9889,6.89,63.89
2026-09-22,2027-06-22,5.0,1.11,65.0
2026-09-22,2027-08-10,5.0,0.0,65.0
2026-09-22,2027-09-28,5.0,0.0,65.0
2026-09-22,2027-11-02,4.9786,-2.14,62.86
2026-09-22,2027-12-14,4.94,-3.86,59.0
2026-09-23,2026-09-29,4.56,21.0,21.0
2026-09-23,2026-11-03,4.6822,12.22,33.22
2026-09-23,2026-12-08,4.72,3.78,37.0
2026-09-23,2027-02-09,4.8232,10.32,47.32
2026-09-23,2027-03-23,4.88,5.68,53.0
2026-09-23,2027-05-04,4.9259,4.59,57.59
2026-09-23,2027-06-22,4.94,1.41,59.0
2026-09-23,2027-08-10,4.94,0.0,59.0
2026-09-23,2027-09-28,4.94,0.0,59.0
2026-09-23,2027-11-02,4.9186,-2.14,56.86
2026-09-23,2027-12-14,4.88,-3.86,53.0
2026-09-24,2026-09-29,4.58,23.0,23.0
2026-09-24,2026-11-03,4.7022,12.22,35.22
2026-09-24,2026-12-08,4.75,4.78,40.0
2026-09-24,2027-02-09,4.8679,11.79,51.79
2026-09-24,2027-03-23,4.92,5.21,57.0
2026-09-24,2027-05-04,5.0004,8.04,65.04
2026-09-24,2027-06-22,5.02,1.96,67.0
2026-09-24,2027-08-10,5.02,0.0,67.0
2026-09-24,2027-09-28,5.03,1.0,68.0
2026-09-24,2027-11-02,5.0193,-1.07,66.93
2026-09-24,2027-12-14,5.0,-1.93,65.0
2026-09-25,2026-09-29,4.58,23.0,23.0
2026-09-25,2026-11-03,4.7022,12.22,35.22
2026-09-25,2026-12-08,4.75,4.78,40.0
2026-09-25,2027-02-09,4.8532,10.32,50.32
2026-09-25,2027-03-23,4.91,5.68,56.0
2026-09-25,2027-05-04,4.9789,6.89,62.89
2026-09-25,2027-06-22,5.0,2.11,65.0
2026-09-25,2027-08-10,5.0,0.0,65.0
2026-09-25,2027-09-28,5.0,0.0,65.0
2026-09-25,2027-11-02,5.0,0.0,65.0
2026-09-25,2027-12-14,4.98,-2.0,63.0
2026-09-28,2026-09-29,4.58,23.0,23.0
2026-09-28,2026-11-03,4.7133,13.33,36.33
2026-09-28,2026-12-08,4.76,4.67,41.0
2026-09-28,2027-02-09,4.8632,10.32,51.32
2026-09-28,2027-03-23,4.93,6.68,58.0
2026-09-28,2027-05-04,4.9989,6.89,64.89
2026-09-28,2027-06-22,5.03,3.11,68.0
2026-09-28,2027-08-10,5.03,-0.0,68.0
2026-09-28,2027-09-28,5.03,0.0,68.0
2026-09-28,2027-11-02,5.03,0.0,68.0
2026-09-28,2027-12-14,5.0,-3.0,65.0
2026-09-29,2026-09-29,4.59,24.0,24.0
2026-09-29,2026-11-03,4.7011,11.11,35.11
2026-09-29,2026-12-08,4.75,4.89,40.0
2026-09-29,2027-02-09,4.8384,8.84,48.84
2026-09-29,2027-03-23,4.89,5.16,54.0
2026-09-29,2027-05-04,4.9474,5.74,59.74
2026-09-29,2027-06-22,4.95,0.26,60.0
2026-09-29,2027-08-10,4.9648,1.48,61.48
2026-09-29,2027-09-28,4.96,-0.48,61.0
2026-09-29,2027-11-02,4.9493,-1.07,59.93
2026-09-29,2027-12-14,4.92,-2.93,57.0
2026-09-30,2026-11-03,4.6556,5.56,5.56
2026-09-30,2026-12-08,4.7,4.44,10.0
2026-09-30,2027-02-09,4.7958,9.58,19.58
2026-09-30,2027-03-23,4.85,5.42,25.0
2026-09-30,2027-05-04,4.9074,5.74,30.74
2026-09-30,2027-06-22,4.92,1.26,32.0
2026-09-30,2027-08-10,4.9126,-0.74,31.26
2026-09-30,2027-09-28,4.905,-0.76,30.5
2026-09-30,2027-11-02,4.8943,-1.07,29.43
2026-09-30,2027-12-14,4.87,-2.43,27.0
2026-10-01,2026-11-03,4.6722,7.22,7.22
2026-10-01,2026-12-08,4.725,5.28,12.5
2026-10-01,2027-02-09,4.8134,8.84,21.34
2026-10-01,2027-03-23,4.88,6.66,28.0
2026-10-01,2027-05-04,4.9431,6.31,34.31
2026-10-01,2027-06-22,4.96,1.69,36.0
2026-10-01,2027-08-10,4.9526,-0.74,35.26
2026-10-01,2027-09-28,4.95,-0.26,35.0
2026-10-01,2027-11-02,4.9393,-1.07,33.93
2026-10-01,2027-12-14,4.92,-1.93,32.0
