date,yield10,expected,tp_kw,tp_acm
1990-01-02,7.9683,6.1619,1.8064,1.8148
1990-01-03,8.0144,6.1865,1.8279,1.8374
1990-01-04,8.0101,6.1807,1.8294,1.8394
1990-01-05,8.0164,6.1772,1.8392,1.8772
1990-01-08,8.0354,6.1837,1.8517,1.9137
1990-01-09,8.042,6.1843,1.8577,1.9121
1990-01-10,8.0483,6.1817,1.8666,1.9149
1990-01-11,8.0514,6.1837,1.8677,1.9087
1990-01-12,8.095,6.2018,1.8932,1.9551
1990-01-16,8.1927,6.26,1.9327,1.9483
1990-01-17,8.1997,6.2723,1.9274,1.9353
1990-01-18,8.2995,6.3316,1.9679,1.9241
1990-01-19,8.2618,6.3134,1.9484,1.9044
1990-01-22,8.2564,6.3095,1.9469,1.9631
1990-01-23,8.2362,6.2947,1.9415,1.9256
1990-01-24,8.3183,6.3313,1.987,2.0011
1990-01-25,8.3729,6.3575,2.0154,2.0278
1990-01-26,8.4429,6.3903,2.0526,2.1048
1990-01-29,8.4554,6.4004,2.055,2.0844
1990-01-30,8.4746,6.4138,2.0608,2.0825
1990-01-31,8.4207,6.3895,2.0312,2.0174
1990-02-01,8.3891,6.3764,2.0127,1.9882
1990-02-02,8.4325,6.4021,2.0304,2.0098
1990-02-05,8.4572,6.4165,2.0407,2.0383
1990-02-06,8.4977,6.4373,2.0604,2.0665
1990-02-07,8.5083,6.4426,2.0657,2.0601
1990-02-08,8.4747,6.4268,2.0479,2.0535
1990-02-09,8.3575,6.3657,1.9918,1.9555
1990-02-12,8.3903,6.3786,2.0117,2.0175
1990-02-13,8.3563,6.3484,2.0079,2.0504
1990-02-14,8.3689,6.3498,2.0191,2.0276
1990-02-15,8.4184,6.3782,2.0402,2.0234
1990-02-16,8.4222,6.3796,2.0426,2.0638
1990-02-20,8.5722,6.4612,2.111,2.1639
1990-02-21,8.6032,6.4759,2.1273,2.1574
1990-02-22,8.5537,6.4496,2.1041,2.0836
1990-02-23,8.5298,6.4312,2.0986,2.1106
1990-02-26,8.4751,6.4038,2.0713,2.0592
1990-02-27,8.4229,6.3813,2.0416,2.0254
1990-02-28,8.4893,6.4192,2.0701,2.0877
1990-03-01,8.5604,6.4588,2.1016,2.1054
1990-03-02,8.5396,6.4464,2.0932,2.0483
1990-03-05,8.6121,6.4875,2.1246,2.1369
1990-03-06,8.5976,6.4869,2.1107,2.0729
1990-03-07,8.5796,6.4817,2.0979,2.0639
1990-03-08,8.5673,6.4787,2.0886,2.0144
1990-03-09,8.6275,6.5147,2.1128,2.0181
1990-03-12,8.6338,6.5203,2.1135,2.0225
1990-03-13,8.6857,6.5462,2.1395,2.0765
1990-03-14,8.6374,6.52,2.1174,2.0237
1990-03-15,8.6281,6.5131,2.115,2.0163
1990-03-16,8.5745,6.4836,2.0909,1.9689
1990-03-19,8.57,6.4821,2.0879,1.9752
1990-03-20,8.5294,6.4655,2.0639,1.8445
1990-03-21,8.5081,6.4546,2.0535,1.852
1990-03-22,8.4917,6.4412,2.0505,1.9362
1990-03-23,8.4795,6.4308,2.0487,1.9393
1990-03-26,8.4667,6.4222,2.0445,1.921
1990-03-27,8.4697,6.4255,2.0442,1.9144
1990-03-28,8.4729,6.4238,2.0491,1.9301
1990-03-29,8.5124,6.44,2.0724,1.9928
1990-03-30,8.5708,6.4619,2.1089,2.0468
1990-04-02,8.5884,6.4686,2.1198,2.0594
1990-04-03,8.5864,6.4667,2.1197,2.07
1990-04-04,8.5251,6.4297,2.0954,1.9906
1990-04-05,8.5191,6.4244,2.0947,1.9995
1990-04-06,8.5016,6.4142,2.0874,2.0004
1990-04-09,8.5292,6.4323,2.0969,2.014
1990-04-10,8.5391,6.4376,2.1015,2.0227
1990-04-11,8.5568,6.4449,2.1119,2.0423
1990-04-12,8.567,6.4486,2.1184,2.0535
1990-04-16,8.6013,6.4626,2.1387,2.0965
1990-04-17,8.6806,6.5024,2.1782,2.1845
1990-04-18,8.7719,6.5512,2.2207,2.2593
1990-04-19,8.8011,6.5646,2.2365,2.267
1990-04-20,8.8394,6.574,2.2654,2.3216
1990-04-23,8.8793,6.5925,2.2868,2.331
1990-04-24,8.9109,6.6113,2.2996,2.3359
1990-04-25,8.9254,6.6219,2.3035,2.3276
1990-04-26,8.9721,6.6486,2.3235,2.3023
1990-04-27,8.9747,6.6467,2.328,2.3453
1990-04-30,8.9506,6.6344,2.3162,2.2861
1990-05-01,8.9669,6.6511,2.3158,2.2765
1990-05-02,8.9798,6.6609,2.3189,2.2626
1990-05-03,8.9382,6.6405,2.2977,2.2727
1990-05-04,8.7701,6.5477,2.2224,2.2991
1990-05-07,8.7711,6.5486,2.2225,2.3055
1990-05-08,8.7512,6.5381,2.2131,2.3356
1990-05-09,8.8211,6.5689,2.2522,2.3646
1990-05-10,8.7927,6.5493,2.2434,2.3656
1990-05-11,8.6586,6.4735,2.1851,2.2473
1990-05-14,8.5999,6.4431,2.1568,2.2104
1990-05-15,8.62,6.4552,2.1648,2.2277
1990-05-16,8.6269,6.4601,2.1668,2.1832
1990-05-17,8.641,6.4677,2.1733,2.1833
1990-05-18,8.6901,6.4983,2.1918,2.1848
1990-05-21,8.6966,6.5053,2.1913,2.2323
1990-05-22,8.634,6.4762,2.1578,2.1598
1990-05-23,8.5881,6.4489,2.1392,2.1663
1990-05-24,8.5846,6.4482,2.1364,2.1702
1990-05-25,8.6179,6.4705,2.1474,2.2174
1990-05-29,8.6124,6.4708,2.1416,2.1691
1990-05-30,8.5921,6.4612,2.1309,2.1489
1990-05-31,8.5803,6.4563,2.124,2.0946
1990-06-01,8.4442,6.384,2.0602,2.0436
1990-06-04,8.4275,6.3766,2.0509,2.1021
1990-06-05,8.4556,6.3923,2.0633,2.1232
1990-06-06,8.464,6.3964,2.0676,2.0996
1990-06-07,8.4556,6.3921,2.0635,2.0987
1990-06-08,8.4611,6.3951,2.066,2.1165
1990-06-11,8.4742,6.4048,2.0694,2.1071
1990-06-12,8.4758,6.4068,2.069,2.0975
1990-06-13,8.4152,6.3731,2.0421,2.1241
1990-06-14,8.3858,6.3574,2.0284,2.0994
1990-06-15,8.4404,6.3864,2.054,2.103
1990-06-18,8.4842,6.407,2.0772,2.1165
1990-06-19,8.5033,6.4196,2.0837,2.1284
1990-06-20,8.54,6.4404,2.0996,2.1726
1990-06-21,8.5287,6.4369,2.0918,2.1562
1990-06-22,8.5162,6.432,2.0842,2.1677
1990-06-25,8.5632,6.4573,2.1059,2.2033
1990-06-26,8.5609,6.4593,2.1016,2.1714
1990-06-27,8.5348,6.4475,2.0873,2.2066
1990-06-28,8.4892,6.4217,2.0675,2.1908
1990-06-29,8.4439,6.3987,2.0452,2.1313
1990-07-02,8.4397,6.3981,2.0416,2.1459
1990-07-03,8.4268,6.3901,2.0367,2.2158
1990-07-05,8.4296,6.3876,2.042,2.1589
1990-07-06,8.5062,6.4305,2.0757,2.1875
1990-07-09,8.561,6.464,2.097,2.2382
1990-07-10,8.5742,6.4744,2.0998,2.215
1990-07-11,8.5684,6.4718,2.0966,2.2275
1990-07-12,8.5009,6.4286,2.0723,2.2558
1990-07-13,8.4624,6.3991,2.0633,2.2691
1990-07-16,8.4573,6.3926,2.0647,2.2485
1990-07-17,8.4565,6.3913,2.0652,2.2538
1990-07-18,8.4945,6.4052,2.0893,2.3791
1990-07-19,8.5153,6.4118,2.1035,2.3998
1990-07-20,8.4907,6.3983,2.0924,2.3626
1990-07-23,8.4896,6.3919,2.0977,2.3835
1990-07-24,8.5316,6.4133,2.1183,2.3739
1990-07-25,8.5124,6.4071,2.1053,2.3357
1990-07-26,8.4992,6.4042,2.095,2.3363
1990-07-27,8.4485,6.3766,2.0719,2.3599
1990-07-30,8.3676,6.3342,2.0334,2.2919
1990-07-31,8.3562,6.3277,2.0285,2.3479
1990-08-01,8.2973,6.2931,2.0042,2.3023
1990-08-02,8.3572,6.3209,2.0363,2.3787
1990-08-03,8.3882,6.3237,2.0645,2.5637
1990-08-06,8.6034,6.4243,2.1791,2.8489
1990-08-07,8.733,6.4928,2.2402,2.8055
1990-08-08,8.7726,6.513,2.2596,2.7953
1990-08-09,8.7042,6.4827,2.2215,2.6817
1990-08-10,8.7096,6.487,2.2226,2.7591
1990-08-13,8.7404,6.5063,2.2341,2.8366
1990-08-14,8.7183,6.5002,2.2181,2.7596
1990-08-15,8.689,6.4904,2.1986,2.7027
1990-08-16,8.7676,6.5351,2.2325,2.7424
1990-08-17,8.8103,6.5559,2.2544,2.7791
1990-08-20,8.8285,6.5684,2.2601,2.8108
1990-08-21,8.8531,6.5857,2.2674,2.7603
1990-08-22,8.9065,6.6156,2.2909,2.8237
1990-08-23,8.9875,6.6537,2.3338,2.9381
1990-08-24,9.0494,6.678,2.3714,2.9787
1990-08-27,8.9612,6.6356,2.3256,2.8442
1990-08-28,8.9675,6.6348,2.3327,2.8715
1990-08-29,8.8937,6.5947,2.299,2.7608
1990-08-30,8.8888,6.5887,2.3001,2.8629
1990-08-31,8.8859,6.5797,2.3062,2.8968
1990-09-04,8.9228,6.595,2.3278,2.987
1990-09-05,8.8973,6.5795,2.3178,2.9574
1990-09-06,8.895,6.5779,2.3171,2.9515
1990-09-07,8.874,6.5693,2.3047,2.9299
1990-09-10,8.8986,6.5854,2.3132,2.9307
1990-09-11,8.8877,6.5822,2.3055,2.917
1990-09-12,8.8714,6.57,2.3014,2.9259
1990-09-13,8.8675,6.5637,2.3038,2.9595
1990-09-14,8.9014,6.5773,2.3241,2.9879
1990-09-17,8.9393,6.5971,2.3422,3.0677
1990-09-18,8.9464,6.6018,2.3446,3.0526
1990-09-19,8.951,6.6076,2.3434,3.0125
1990-09-20,8.9715,6.6199,2.3516,3.0414
1990-09-21,9.0215,6.6421,2.3794,3.1229
1990-09-24,9.0718,6.6669,2.4049,3.1044
1990-09-25,9.074,6.6667,2.4073,3.1047
1990-09-26,9.0546,6.6532,2.4014,3.0391
1990-09-27,8.9784,6.6041,2.3743,3.0342
1990-09-28,8.897,6.5506,2.3464,2.9589
1990-10-01,8.8039,6.4967,2.3072,2.8513
1990-10-02,8.7635,6.4778,2.2857,2.8634
1990-10-03,8.7573,6.4733,2.284,2.9213
1990-10-04,8.7217,6.4538,2.2679,2.8694
1990-10-05,8.6878,6.4281,2.2597,2.8676
1990-10-09,8.8179,6.4988,2.3191,3.0194
1990-10-10,8.894,6.5417,2.3523,3.0762
1990-10-11,8.9478,6.5622,2.3856,3.1656
1990-10-12,8.9048,6.5402,2.3646,3.0746
1990-10-15,8.8676,6.5255,2.3421,3.0207
1990-10-16,8.8449,6.5175,2.3274,3.0007
1990-10-17,8.8134,6.5071,2.3063,2.9462
1990-10-18,8.758,6.4852,2.2728,2.8822
1990-10-19,8.676,6.4477,2.2283,2.7946
1990-10-22,8.6514,6.436,2.2154,2.7883
1990-10-23,8.6495,6.4334,2.2161,2.8203
1990-10-24,8.6555,6.4359,2.2196,2.8372
1990-10-25,8.619,6.4158,2.2032,2.8023
1990-10-26,8.6324,6.4163,2.2161,2.86
1990-10-29,8.6888,6.443,2.2458,2.9536
1990-10-30,8.7126,6.4548,2.2578,2.9486
1990-10-31,8.6823,6.437,2.2453,2.92
1990-11-01,8.6096,6.3949,2.2147,2.881
1990-11-02,8.6014,6.3904,2.211,2.8856
1990-11-05,8.5517,6.3662,2.1855,2.8203
1990-11-06,8.5493,6.3673,2.182,2.8315
1990-11-07,8.6002,6.3941,2.2061,2.9219
1990-11-08,8.6165,6.403,2.2135,2.935
1990-11-09,8.5513,6.3683,2.183,2.8334
1990-11-13,8.4588,6.3221,2.1367,2.7087
1990-11-14,8.4189,6.3043,2.1146,2.6848
1990-11-15,8.4197,6.3073,2.1124,2.7153
1990-11-16,8.3712,6.2829,2.0883,2.6493
1990-11-19,8.3964,6.2981,2.0983,2.6843
1990-11-20,8.378,6.2897,2.0883,2.6391
1990-11-21,8.32,6.2572,2.0628,2.5974
1990-11-23,8.3152,6.2505,2.0647,2.6396
1990-11-26,8.3114,6.2466,2.0648,2.6161
1990-11-27,8.3246,6.2532,2.0714,2.6334
1990-11-28,8.3552,6.2701,2.0851,2.6306
1990-11-29,8.367,6.2741,2.0929,2.6168
1990-11-30,8.3292,6.2523,2.0769,2.5826
1990-12-03,8.2799,6.2289,2.051,2.5181
1990-12-04,8.2415,6.2038,2.0377,2.5251
1990-12-05,8.2111,6.1846,2.0265,2.4898
1990-12-06,8.2159,6.1847,2.0312,2.5071
1990-12-07,8.0864,6.1085,1.9779,2.3891
1990-12-10,8.0265,6.0705,1.956,2.3626
1990-12-11,7.9843,6.046,1.9383,2.3373
1990-12-12,7.9438,6.0186,1.9252,2.3098
1990-12-13,8.0148,6.0529,1.9619,2.4219
1990-12-14,8.0913,6.0912,2.0001,2.5124
1990-12-17,8.0915,6.089,2.0025,2.4854
1990-12-18,8.0633,6.0691,1.9942,2.4548
1990-12-19,8.0537,6.0502,2.0035,2.5517
1990-12-20,8.1096,6.0649,2.0447,2.6282
1990-12-21,8.1985,6.1059,2.0926,2.7246
1990-12-24,8.3037,6.1524,2.1513,2.8245
1990-12-26,8.2783,6.1323,2.146,2.7336
1990-12-27,8.2402,6.1093,2.1309,2.6918
1990-12-28,8.265,6.115,2.15,2.7835
1990-12-31,8.2208,6.0858,2.135,2.7635
1991-01-02,8.1352,6.0437,2.0915,2.6958
1991-01-03,8.0878,6.0202,2.0676,2.6549
1991-01-04,8.1472,6.058,2.0892,2.6769
1991-01-07,8.2417,6.107,2.1347,2.8315
1991-01-08,8.2737,6.1165,2.1572,2.8843
1991-01-09,8.3603,6.1397,2.2206,3.0335
1991-01-10,8.3261,6.1093,2.2168,2.9112
1991-01-11,8.3386,6.1037,2.2349,2.9244
1991-01-14,8.3624,6.098,2.2644,2.9104
1991-01-15,8.3525,6.083,2.2695,2.9261
1991-01-16,8.3715,6.0855,2.286,2.9419
1991-01-17,8.2315,6.0206,2.2109,2.6257
1991-01-18,8.1744,5.9891,2.1853,2.6888
1991-01-22,8.172,5.9827,2.1893,2.7384
1991-01-23,8.1555,5.978,2.1775,2.7288
1991-01-24,8.1258,5.9656,2.1602,2.7323
1991-01-25,8.1624,5.9891,2.1733,2.7773
1991-01-28,8.1655,5.999,2.1665,2.7364
1991-01-29,8.1479,5.9944,2.1535,2.7459
1991-01-30,8.1494,5.9959,2.1535,2.7482
1991-01-31,8.1403,5.9904,2.1499,2.7836
1991-02-01,8.0392,5.9229,2.1163,2.8496
1991-02-04,8.0071,5.8987,2.1084,2.7747
1991-02-05,7.9848,5.884,2.1008,2.7759
1991-02-06,7.9834,5.8753,2.1081,2.7697
1991-02-07,8.0018,5.8822,2.1196,2.8178
1991-02-08,7.9681,5.8401,2.128,2.7286
1991-02-11,7.9635,5.8442,2.1193,2.7619
1991-02-12,7.9563,5.8421,2.1142,2.7287
1991-02-13,7.9537,5.8421,2.1116,2.7272
1991-02-14,7.96,5.8442,2.1158,2.7603
1991-02-15,7.9655,5.8516,2.1139,2.7536
1991-02-19,7.988,5.8683,2.1197,2.7165
1991-02-20,8.0032,5.8761,2.1271,2.6897
1991-02-21,8.0334,5.8889,2.1445,2.7091
1991-02-22,8.0725,5.9079,2.1646,2.6529
1991-02-25,8.0668,5.9072,2.1596,2.6174
1991-02-26,8.1101,5.9345,2.1756,2.7046
1991-02-27,8.1293,5.9449,2.1844,2.7162
1991-02-28,8.1526,5.959,2.1936,2.7651
1991-03-01,8.2449,6.0081,2.2368,2.7435
1991-03-04,8.2548,6.0105,2.2443,2.7535
1991-03-05,8.2356,5.9998,2.2358,2.757
1991-03-06,8.2559,6.0113,2.2446,2.7709
1991-03-07,8.2359,6.0026,2.2333,2.7375
1991-03-08,8.2604,6.0049,2.2555,2.8334
1991-03-11,8.2332,5.9808,2.2524,2.7915
1991-03-12,8.2501,5.9811,2.269,2.7884
1991-03-13,8.2035,5.9503,2.2532,2.7722
1991-03-14,8.1917,5.934,2.2577,2.8239
1991-03-15,8.2566,5.9638,2.2928,2.8587
1991-03-18,8.3172,5.994,2.3232,2.8801
1991-03-19,8.4048,6.0414,2.3634,2.8215
1991-03-20,8.3772,6.0259,2.3513,2.7698
1991-03-21,8.3297,6.0009,2.3288,2.7717
1991-03-22,8.3069,5.9888,2.3181,2.7587
1991-03-25,8.2985,5.9849,2.3136,2.7388
1991-03-26,8.2973,5.9822,2.3151,2.7253
1991-03-27,8.2541,5.954,2.3001,2.7077
1991-03-28,8.2246,5.9316,2.293,2.7383
1991-04-01,8.223,5.9281,2.2949,2.7651
1991-04-02,8.1916,5.9136,2.278,2.7614
1991-04-03,8.2016,5.9199,2.2817,2.7788
1991-04-04,8.1784,5.9073,2.2711,2.7905
1991-04-05,8.1617,5.8966,2.2651,2.7863
1991-04-08,8.1494,5.8838,2.2656,2.7729
1991-04-09,8.1813,5.8937,2.2876,2.8084
1991-04-10,8.2545,5.9258,2.3287,2.902
1991-04-11,8.2615,5.9221,2.3394,2.9408
1991-04-12,8.1956,5.8827,2.3129,2.8992
1991-04-15,8.161,5.8696,2.2914,2.8204
1991-04-16,8.1531,5.8696,2.2835,2.798
1991-04-17,8.1332,5.8554,2.2778,2.7847
1991-04-18,8.1944,5.8918,2.3026,2.8278
1991-04-19,8.2572,5.9325,2.3247,2.9416
1991-04-22,8.3011,5.9533,2.3478,2.9743
1991-04-23,8.2847,5.9473,2.3374,2.8992
1991-04-24,8.2296,5.9178,2.3118,2.8572
1991-04-25,8.2269,5.9118,2.3151,2.8864
1991-04-26,8.2293,5.9125,2.3168,2.9151
1991-04-29,8.2366,5.9144,2.3222,2.9492
1991-04-30,8.1999,5.8859,2.314,2.9228
1991-05-01,8.1867,5.8773,2.3094,2.9269
1991-05-02,8.155,5.8556,2.2994,2.84
1991-05-03,8.2027,5.8763,2.3264,2.9329
1991-05-06,8.2278,5.8863,2.3415,2.9577
1991-05-07,8.247,5.9006,2.3464,3.038
1991-05-08,8.251,5.9048,2.3462,2.9847
1991-05-09,8.2485,5.903,2.3455,2.9635
1991-05-10,8.3092,5.9315,2.3777,3.0938
1991-05-13,8.3036,5.926,2.3776,3.1006
1991-05-14,8.3461,5.949,2.3971,3.1247
1991-05-15,8.355,5.9519,2.4031,3.1394
1991-05-16,8.3521,5.9463,2.4058,3.1203
1991-05-17,8.3313,5.9322,2.3991,3.0409
1991-05-20,8.3359,5.9368,2.3991,3.0826
1991-05-21,8.3092,5.9305,2.3787,3.0724
1991-05-22,8.3023,5.9287,2.3736,3.1607
1991-05-23,8.3173,5.9336,2.3837,3.1935
1991-05-24,8.3278,5.9375,2.3903,3.2331
1991-05-28,8.3019,5.9238,2.3781,3.1529
1991-05-29,8.3,5.9271,2.3729,3.1776
1991-05-30,8.2649,5.9123,2.3526,3.0898
1991-05-31,8.2828,5.9292,2.3536,3.0548
1991-06-03,8.3464,5.9687,2.3777,3.0408
1991-06-04,8.3495,5.9705,2.379,3.0111
1991-06-05,8.3822,5.9875,2.3947,3.0302
1991-06-06,8.4163,6.0005,2.4158,3.027
1991-06-07,8.4769,6.027,2.4499,3.0977
1991-06-10,8.4844,6.0291,2.4553,3.1108
1991-06-11,8.4809,6.0256,2.4553,3.0753
1991-06-12,8.5218,6.0438,2.478,3.1219
1991-06-13,8.5153,6.0399,2.4754,3.1097
1991-06-14,8.4663,6.0152,2.4511,3.0719
1991-06-17,8.4634,6.0148,2.4486,3.0917
1991-06-18,8.4755,6.0233,2.4522,3.1092
1991-06-19,8.4907,6.0276,2.4631,3.1554
1991-06-20,8.4714,6.0171,2.4543,3.1953
1991-06-21,8.4895,6.0271,2.4624,3.1279
1991-06-24,8.5021,6.0327,2.4694,3.0759
1991-06-25,8.5061,6.0347,2.4714,3.0794
1991-06-26,8.511,6.0354,2.4756,3.1032
1991-06-27,8.4988,6.0274,2.4714,3.0825
1991-06-28,8.4625,6.0074,2.4551,3.1353
1991-07-01,8.4554,6.0064,2.449,2.9827
1991-07-02,8.4653,6.0132,2.4521,3.0373
1991-07-03,8.4532,6.0057,2.4475,3.0475
1991-07-05,8.5007,6.0279,2.4728,3.0551
1991-07-08,8.5145,6.0315,2.483,3.081
1991-07-09,8.5301,6.0402,2.4899,3.0828
1991-07-10,8.5266,6.0386,2.488,3.0763
1991-07-11,8.4804,6.0158,2.4646,2.9735
1991-07-12,8.4255,5.9878,2.4377,2.9283
1991-07-15,8.4191,5.9868,2.4323,2.9492
1991-07-16,8.416,5.9894,2.4266,2.9518
1991-07-17,8.455,6.0145,2.4405,3.0606
1991-07-18,8.4675,6.0212,2.4463,3.0398
1991-07-19,8.4527,6.0135,2.4392,3.0553
1991-07-22,8.4524,6.0144,2.438,3.0522
1991-07-23,8.4706,6.0248,2.4458,3.052
1991-07-24,8.4209,5.9999,2.421,3.0167
1991-07-25,8.3797,5.9813,2.3984,3.0123
1991-07-26,8.3677,5.9757,2.392,3.0276
1991-07-29,8.3625,5.9732,2.3893,3.0142
1991-07-30,8.3657,5.975,2.3907,3.0341
1991-07-31,8.3471,5.9643,2.3828,3.0468
1991-08-01,8.3601,5.972,2.3881,3.0723
1991-08-02,8.2545,5.9136,2.3409,3.0666
1991-08-05,8.2252,5.9008,2.3244,3.0191
1991-08-06,8.1694,5.8671,2.3023,3.0371
1991-08-07,8.1512,5.8534,2.2978,3.0195
1991-08-08,8.1932,5.8708,2.3224,3.1743
1991-08-09,8.2039,5.8711,2.3328,3.1752
1991-08-12,8.2005,5.8675,2.333,3.1571
1991-08-13,8.1751,5.8545,2.3206,3.1213
1991-08-14,8.106,5.8208,2.2852,3.1177
1991-08-15,8.1074,5.8238,2.2836,3.2181
1991-08-16,8.1008,5.8184,2.2824,3.217
1991-08-19,8.0997,5.8054,2.2943,3.306
1991-08-20,8.0852,5.7909,2.2943,3.3345
1991-08-21,8.1024,5.8128,2.2896,3.2371
1991-08-22,8.0821,5.8128,2.2693,3.2018
1991-08-23,8.1374,5.8533,2.2841,3.1197
1991-08-26,8.1809,5.8814,2.2995,3.1918
1991-08-27,8.1751,5.8797,2.2954,3.2258
1991-08-28,8.1162,5.8436,2.2726,3.2444
1991-08-29,8.0576,5.81,2.2476,3.1968
1991-08-30,8.1051,5.836,2.2691,3.1781
1991-09-03,8.1028,5.8369,2.2659,3.1706
1991-09-04,8.1052,5.8388,2.2664,3.206
1991-09-05,8.1203,5.8464,2.2739,3.2408
1991-09-06,8.0713,5.8193,2.252,3.1926
1991-09-09,8.0314,5.7977,2.2337,3.1525
1991-09-10,8.0224,5.7886,2.2338,3.1572
1991-09-11,8.0264,5.7894,2.237,3.1369
1991-09-12,7.98,5.7629,2.2171,3.0806
1991-09-13,7.9451,5.7382,2.2069,3.07
1991-09-16,7.9199,5.7234,2.1965,3.0102
1991-09-17,7.898,5.713,2.185,2.9783
1991-09-18,7.8885,5.707,2.1815,2.9729
1991-09-19,7.8843,5.706,2.1783,2.9665
1991-09-20,7.8555,5.6905,2.165,2.9391
1991-09-23,7.8411,5.6847,2.1564,2.9388
1991-09-24,7.8417,5.6837,2.158,2.9826
1991-09-25,7.8572,5.6904,2.1668,3.0334
1991-09-26,7.8541,5.6845,2.1696,3.0929
1991-09-27,7.7983,5.6545,2.1438,2.9975
1991-09-30,7.7643,5.6356,2.1287,2.9958
1991-10-01,7.7402,5.6231,2.1171,2.9749
1991-10-02,7.7352,5.6208,2.1144,2.9808
1991-10-03,7.7249,5.6116,2.1133,2.9942
1991-10-04,7.6702,5.5805,2.0897,2.9478
1991-10-07,7.6515,5.5707,2.0808,2.9713
1991-10-08,7.6663,5.5779,2.0884,3.0346
1991-10-09,7.7355,5.6114,2.1241,3.193
1991-10-10,7.8026,5.6449,2.1577,3.1784
1991-10-11,7.7494,5.6142,2.1352,3.0892
1991-10-15,7.7103,5.5922,2.1181,3.0889
1991-10-16,7.6948,5.5849,2.1099,3.0782
1991-10-17,7.7696,5.6275,2.1421,3.1949
1991-10-18,7.7766,5.6335,2.1431,3.1386
1991-10-21,7.8416,5.6694,2.1722,3.2759
1991-10-22,7.8979,5.7009,2.197,3.3186
1991-10-24,7.8948,5.6934,2.2014,3.3718
1991-10-25,7.9276,5.7056,2.222,3.4292
1991-10-28,7.9235,5.7008,2.2227,3.4238
1991-10-29,7.8343,5.6505,2.1838,3.3227
1991-10-30,7.8009,5.6272,2.1737,3.3316
1991-10-31,7.7831,5.6139,2.1692,3.388
1991-11-01,7.7902,5.6105,2.1797,3.4843
1991-11-04,7.8288,5.6265,2.2023,3.5578
1991-11-05,7.8793,5.6515,2.2278,3.5221
1991-11-06,7.8544,5.6272,2.2272,3.5468
1991-11-07,7.7978,5.5934,2.2044,3.4296
1991-11-08,7.7817,5.5814,2.2003,3.3921
1991-11-12,7.7322,5.5539,2.1783,3.2282
1991-11-13,7.7401,5.5552,2.1849,3.2543
1991-11-14,7.6942,5.5304,2.1638,3.2625
1991-11-15,7.672,5.5149,2.1571,3.3238
1991-11-18,7.6682,5.5116,2.1566,3.3498
1991-11-19,7.6814,5.5127,2.1687,3.4501
1991-11-20,7.7058,5.5193,2.1865,3.4748
1991-11-21,7.7155,5.516,2.1995,3.5372
1991-11-22,7.7527,5.5296,2.2231,3.5863
1991-11-25,7.7953,5.5495,2.2458,3.6081
1991-11-26,7.7832,5.5398,2.2434,3.6228
1991-11-27,7.7836,5.5379,2.2457,3.6371
1991-11-29,7.7608,5.5223,2.2385,3.6189
1991-12-02,7.7091,5.4985,2.2106,3.5939
1991-12-03,7.6662,5.4766,2.1896,3.5974
1991-12-04,7.5688,5.4261,2.1427,3.5295
1991-12-05,7.5679,5.4255,2.1424,3.567
1991-12-06,7.5812,5.4239,2.1573,3.617
1991-12-09,7.5476,5.3964,2.1512,3.6796
1991-12-10,7.5625,5.4053,2.1572,3.7159
1991-12-11,7.5789,5.4101,2.1688,3.7539
1991-12-12,7.5695,5.4047,2.1648,3.7126
1991-12-13,7.6073,5.423,2.1843,3.7457
1991-12-16,7.6089,5.4234,2.1855,3.7617
1991-12-17,7.5858,5.4107,2.1751,3.7596
1991-12-18,7.6127,5.4239,2.1888,3.7155
1991-12-19,7.5592,5.391,2.1682,3.6435
1991-12-20,7.4424,5.3021,2.1403,3.6944
1991-12-23,7.3778,5.2572,2.1206,3.5479
1991-12-24,7.3637,5.2456,2.1181,3.504
1991-12-26,7.3471,5.2358,2.1113,3.4754
1991-12-27,7.3194,5.2213,2.0981,3.417
1991-12-30,7.2671,5.1947,2.0724,3.3509
1991-12-31,7.2069,5.1636,2.0433,3.233
1992-01-02,7.2508,5.1854,2.0654,3.4315
1992-01-03,7.3194,5.2181,2.1013,3.4762
1992-01-06,7.3206,5.2152,2.1054,3.5188
1992-01-07,7.2748,5.1876,2.0872,3.5215
1992-01-08,7.2914,5.1914,2.1,3.5884
1992-01-09,7.3357,5.2154,2.1203,3.5418
1992-01-10,7.4064,5.2543,2.1521,3.5789
1992-01-13,7.4738,5.2864,2.1874,3.5366
1992-01-14,7.5631,5.326,2.2371,3.4898
1992-01-15,7.6031,5.3441,2.259,3.4506
1992-01-16,7.6478,5.3582,2.2896,3.4899
1992-01-17,7.6333,5.3465,2.2868,3.5125
1992-01-21,7.5619,5.3055,2.2564,3.5161
1992-01-22,7.5684,5.3072,2.2612,3.5433
1992-01-23,7.6377,5.3415,2.2962,3.6139
1992-01-24,7.6801,5.3648,2.3153,3.4635
1992-01-27,7.6791,5.3668,2.3123,3.4462
1992-01-28,7.6035,5.3296,2.2739,3.3806
1992-01-29,7.6567,5.3573,2.2994,3.4983
1992-01-30,7.7011,5.3765,2.3246,3.4909
1992-01-31,7.7087,5.3793,2.3294,3.556
1992-02-03,7.7623,5.4043,2.358,3.5728
1992-02-04,7.7258,5.3851,2.3407,3.4964
1992-02-05,7.675,5.3605,2.3145,3.4764
1992-02-06,7.6538,5.3494,2.3044,3.526
1992-02-07,7.6574,5.3446,2.3128,3.6533
1992-02-10,7.6839,5.3551,2.3288,3.7388
1992-02-11,7.7092,5.3701,2.3391,3.6716
1992-02-12,7.7504,5.3906,2.3598,3.6499
1992-02-13,7.8469,5.4397,2.4072,3.6241
1992-02-14,7.8644,5.4458,2.4186,3.481
1992-02-18,7.9066,5.4662,2.4404,3.6161
1992-02-19,7.8864,5.4592,2.4272,3.5297
1992-02-20,7.8597,5.4499,2.4098,3.4556
1992-02-21,7.8812,5.4642,2.417,3.3201
1992-02-24,7.8979,5.4721,2.4258,3.3689
1992-02-25,7.8709,5.4608,2.4101,3.3776
1992-02-26,7.7877,5.4193,2.3684,3.3164
1992-02-27,7.7714,5.4091,2.3623,3.3408
1992-02-28,7.7171,5.3828,2.3343,3.3644
1992-03-02,7.8008,5.4348,2.366,3.3349
1992-03-03,7.8273,5.451,2.3763,3.3119
1992-03-04,7.8234,5.4488,2.3746,3.2862
1992-03-05,7.8848,5.4779,2.4069,3.2512
1992-03-06,7.8592,5.462,2.3972,3.2131
1992-03-09,7.7959,5.4266,2.3693,3.1913
1992-03-10,7.7785,5.4165,2.362,3.1591
1992-03-11,7.8443,5.4474,2.3969,3.2693
1992-03-12,7.9378,5.4902,2.4476,3.2249
1992-03-13,8.01,5.5223,2.4877,3.0971
1992-03-16,8.0115,5.5188,2.4927,3.1068
1992-03-17,7.9533,5.4873,2.466,3.0631
1992-03-18,7.9282,5.4722,2.456,3.0282
1992-03-19,7.8838,5.4479,2.4359,3.0075
1992-03-20,7.9216,5.4663,2.4553,3.0109
1992-03-23,7.9138,5.4575,2.4563,2.9906
1992-03-24,7.8302,5.4147,2.4155,2.9345
1992-03-25,7.8035,5.3982,2.4053,2.9831
1992-03-26,7.8386,5.4148,2.4238,3.0694
1992-03-27,7.8354,5.4131,2.4223,3.0323
1992-03-30,7.8281,5.4102,2.4179,3.0936
1992-03-31,7.8407,5.4225,2.4182,3.1416
1992-04-01,7.7786,5.3933,2.3853,3.1154
1992-04-02,7.7875,5.4008,2.3867,3.1469
1992-04-03,7.7613,5.3855,2.3758,3.3203
1992-04-06,7.7643,5.3888,2.3755,3.3512
1992-04-07,7.7833,5.3951,2.3882,3.429
1992-04-08,7.8269,5.4157,2.4112,3.51
1992-04-09,7.7632,5.367,2.3962,3.655
1992-04-10,7.7735,5.3645,2.409,3.5435
1992-04-13,7.749,5.347,2.402,3.5072
1992-04-14,7.7515,5.345,2.4065,3.4709
1992-04-15,7.7772,5.3546,2.4226,3.4405
1992-04-16,7.8278,5.3775,2.4503,3.3305
1992-04-20,7.9356,5.4314,2.5042,3.4215
1992-04-21,7.9457,5.4354,2.5103,3.4414
1992-04-22,7.939,5.4311,2.5079,3.4353
1992-04-23,7.951,5.4353,2.5157,3.4401
1992-04-24,7.9208,5.4185,2.5023,3.4669
1992-04-27,7.9462,5.4352,2.511,3.4523
1992-04-28,7.9312,5.4289,2.5023,3.4468
1992-04-29,7.9411,5.4346,2.5065,3.5092
1992-04-30,7.9533,5.4406,2.5127,3.4708
1992-05-01,7.9143,5.4143,2.5,3.523
1992-05-04,7.9209,5.4163,2.5046,3.5678
1992-05-05,7.9097,5.4124,2.4973,3.5654
1992-05-06,7.8778,5.3961,2.4817,3.5499
1992-05-07,7.8785,5.3962,2.4823,3.4451
1992-05-08,7.8182,5.3663,2.4519,3.4083
1992-05-11,7.7937,5.3552,2.4385,3.4716
1992-05-12,7.7654,5.3421,2.4233,3.5011
1992-05-13,7.7554,5.3366,2.4188,3.5693
1992-05-14,7.7505,5.3339,2.4166,3.5554
1992-05-15,7.7132,5.3162,2.397,3.4723
1992-05-18,7.6957,5.3099,2.3858,3.4599
1992-05-19,7.6256,5.2728,2.3528,3.4993
1992-05-20,7.648,5.2855,2.3625,3.4141
1992-05-21,7.7691,5.353,2.4161,3.3393
1992-05-22,7.7419,5.3416,2.4003,3.3736
1992-05-26,7.8121,5.3838,2.4283,3.4424
1992-05-27,7.8091,5.3836,2.4255,3.5217
1992-05-28,7.7565,5.3577,2.3988,3.4815
1992-05-29,7.7111,5.3385,2.3726,3.4518
1992-06-01,7.7378,5.3573,2.3805,3.388
1992-06-02,7.7092,5.3454,2.3638,3.4397
1992-06-03,7.6953,5.3384,2.3569,3.4625
1992-06-04,7.6915,5.3351,2.3564,3.445
1992-06-05,7.6595,5.3166,2.3429,3.4486
1992-06-08,7.6623,5.3175,2.3448,3.4779
1992-06-09,7.7021,5.339,2.3631,3.5837
1992-06-10,7.722,5.3504,2.3716,3.5958
1992-06-11,7.71,5.3438,2.3662,3.5994
1992-06-12,7.6708,5.323,2.3478,3.5755
1992-06-15,7.6591,5.3168,2.3423,3.5689
1992-06-16,7.6329,5.3047,2.3282,3.6004
1992-06-17,7.6093,5.2915,2.3178,3.5717
1992-06-18,7.5834,5.2782,2.3052,3.6045
1992-06-19,7.6119,5.2959,2.316,3.556
1992-06-22,7.6114,5.2963,2.3151,3.5782
1992-06-23,7.6315,5.3106,2.3209,3.528
1992-06-24,7.6137,5.3006,2.3131,3.7123
1992-06-25,7.5578,5.2727,2.2851,3.6774
1992-06-26,7.5661,5.2777,2.2884,3.6591
1992-06-29,7.5601,5.2728,2.2873,3.7625
1992-06-30,7.5778,5.281,2.2968,3.782
1992-07-01,7.5652,5.2733,2.2919,3.7607
1992-07-02,7.4123,5.1702,2.2421,3.7717
1992-07-06,7.3723,5.1375,2.2348,3.8268
1992-07-07,7.3536,5.1231,2.2305,3.9197
1992-07-08,7.3808,5.1362,2.2446,3.9706
1992-07-09,7.3928,5.1414,2.2514,3.9491
1992-07-10,7.4001,5.1463,2.2538,3.9949
1992-07-13,7.4346,5.1644,2.2702,4.0564
1992-07-14,7.438,5.1691,2.2689,4.1559
1992-07-15,7.3856,5.1447,2.2409,4.1812
1992-07-16,7.3683,5.1378,2.2305,4.1261
1992-07-17,7.396,5.1523,2.2437,4.1928
1992-07-20,7.401,5.1572,2.2438,4.1381
1992-07-21,7.3935,5.1562,2.2373,4.0767
1992-07-22,7.3485,5.1336,2.2149,4.0211
1992-07-23,7.2269,5.0745,2.1524,3.9312
1992-07-24,7.2123,5.0679,2.1444,3.9214
1992-07-27,7.1771,5.0527,2.1244,3.7947
1992-07-28,7.1214,5.0253,2.0961,3.7196
1992-07-29,7.0901,5.0084,2.0817,3.6752
1992-07-30,7.1645,5.0411,2.1234,3.6994
1992-07-31,7.2068,5.0569,2.1499,3.5851
1992-08-03,7.2159,5.055,2.1609,3.59
1992-08-04,7.1592,5.0244,2.1348,3.6205
1992-08-05,7.1279,5.0088,2.1191,3.6553
1992-08-06,7.1248,5.007,2.1178,3.7061
1992-08-07,7.0569,4.9724,2.0845,3.7202
1992-08-10,7.0064,4.9492,2.0572,3.7411
1992-08-11,6.9779,4.9375,2.0404,3.669
1992-08-12,6.9863,4.9412,2.0451,3.6052
1992-08-13,7.0386,4.9558,2.0828,3.7433
1992-08-14,7.0372,4.9546,2.0826,3.7408
1992-08-17,7.0682,4.9715,2.0967,3.8398
1992-08-18,7.0102,4.9444,2.0658,3.8159
1992-08-19,6.9954,4.9405,2.0549,3.8151
1992-08-20,6.9856,4.9394,2.0462,3.8154
1992-08-21,7.0537,4.9741,2.0796,3.8326
1992-08-24,7.1962,5.0491,2.1471,3.8812
1992-08-25,7.2507,5.0777,2.173,3.8753
1992-08-26,7.2298,5.0665,2.1633,3.8536
1992-08-27,7.1897,5.0474,2.1423,3.858
1992-08-28,7.1711,5.0405,2.1306,3.9184
1992-08-31,7.1652,5.0398,2.1254,3.9254
1992-09-01,7.116,5.0171,2.0989,3.8904
1992-09-02,7.077,4.999,2.078,3.8646
1992-09-03,7.0652,4.9936,2.0716,3.8545
1992-09-04,6.9305,4.9085,2.022,3.8693
1992-09-08,6.8397,4.8541,1.9856,3.8033
1992-09-09,6.8402,4.8513,1.9889,3.8283
1992-09-10,6.8493,4.8541,1.9952,3.8278
1992-09-11,6.9021,4.8794,2.0227,3.8911
1992-09-14,6.8832,4.8667,2.0165,3.9101
1992-09-15,6.9446,4.8982,2.0464,3.9347
1992-09-16,6.9759,4.9122,2.0637,3.9678
1992-09-17,6.9858,4.9145,2.0713,3.985
1992-09-18,6.9986,4.9191,2.0795,3.976
1992-09-21,7.0234,4.9325,2.0909,3.9399
1992-09-22,7.0764,4.9602,2.1162,4.0247
1992-09-23,7.1265,4.9849,2.1416,4.0795
1992-09-24,7.0947,4.9667,2.128,4.047
1992-09-25,7.0083,4.9163,2.092,4.0377
1992-09-28,6.9581,4.8884,2.0697,4.0016
1992-09-29,6.9665,4.8881,2.0784,4.0235
1992-09-30,6.971,4.8845,2.0865,4.0022
1992-10-01,6.8678,4.8236,2.0442,3.9689
1992-10-02,6.8707,4.8227,2.048,3.9703
1992-10-05,6.8535,4.8142,2.0393,3.9874
1992-10-06,6.9041,4.8461,2.058,4.0415
1992-10-07,7.0448,4.925,2.1198,4.0674
1992-10-08,7.0328,4.9204,2.1124,4.0719
1992-10-09,7.1017,4.9565,2.1452,3.9911
1992-10-13,7.111,4.9645,2.1465,4.0013
1992-10-14,7.1093,4.9695,2.1398,3.9308
1992-10-15,7.1093,4.9715,2.1378,3.9468
1992-10-16,7.1482,4.9904,2.1578,4.0029
1992-10-19,7.2163,5.0264,2.1899,3.8782
1992-10-20,7.356,5.1001,2.2559,3.8178
1992-10-21,7.3201,5.0741,2.246,3.795
1992-10-22,7.2606,5.0374,2.2232,3.7112
1992-10-23,7.3084,5.0575,2.2509,3.597
1992-10-26,7.312,5.0548,2.2572,3.5907
1992-10-27,7.2507,5.0223,2.2284,3.602
1992-10-28,7.2347,5.0127,2.222,3.6278
1992-10-29,7.1981,4.9944,2.2037,3.5708
1992-10-30,7.259,5.023,2.236,3.5555
1992-11-02,7.3218,5.0551,2.2667,3.5396
1992-11-03,7.3158,5.0527,2.2631,3.5476
1992-11-04,7.3271,5.0578,2.2693,3.5949
1992-11-05,7.3302,5.058,2.2722,3.6107
1992-11-06,7.4009,5.0974,2.3035,3.6439
1992-11-09,7.4468,5.1228,2.324,3.5783
1992-11-10,7.3923,5.0967,2.2956,3.5202
1992-11-12,7.2875,5.0462,2.2413,3.478
1992-11-13,7.3046,5.0563,2.2483,3.4101
1992-11-16,7.3548,5.0815,2.2733,3.3179
1992-11-17,7.3306,5.0723,2.2583,3.3183
1992-11-18,7.2558,5.0354,2.2204,3.3285
1992-11-19,7.2583,5.0371,2.2212,3.3616
1992-11-20,7.292,5.0566,2.2354,3.3126
1992-11-23,7.314,5.0714,2.2426,3.3144
1992-11-24,7.2815,5.0564,2.2251,3.3202
1992-11-25,7.3086,5.0708,2.2378,3.2789
1992-11-27,7.3851,5.1078,2.2773,3.2649
1992-11-30,7.3981,5.1151,2.283,3.2685
1992-12-01,7.3956,5.1166,2.279,3.2573
1992-12-02,7.3854,5.1131,2.2723,3.2318
1992-12-03,7.3662,5.1011,2.2651,3.2536
1992-12-04,7.2918,5.0586,2.2332,3.2496
1992-12-07,7.2329,5.0274,2.2055,3.2092
1992-12-08,7.1875,5.0065,2.181,3.2348
1992-12-09,7.189,5.0067,2.1823,3.2161
1992-12-10,7.2012,5.0123,2.1889,3.1717
1992-12-11,7.2177,5.0212,2.1965,3.1466
1992-12-14,7.25,5.0365,2.2135,3.1339
1992-12-15,7.2362,5.0257,2.2105,3.1647
1992-12-16,7.2014,5.0054,2.196,3.1899
1992-12-21,7.1691,4.9852,2.1839,3.1355
1992-12-22,7.1238,4.9632,2.1606,3.1142
1992-12-23,7.1333,4.9672,2.1661,3.1305
1992-12-24,7.1431,4.9708,2.1723,3.1464
1992-12-28,7.1812,4.9918,2.1894,3.1417
1992-12-29,7.177,4.9926,2.1844,3.1107
1992-12-30,7.1594,4.9801,2.1793,3.1926
1993-01-04,7.1138,4.9546,2.1592,3.1713
1993-01-05,7.1072,4.9525,2.1547,3.1781
1993-01-06,7.1231,4.9595,2.1636,3.1762
1993-01-07,7.2118,5.0029,2.2089,3.2495
1993-01-08,7.2,4.9912,2.2088,3.3478
1993-01-11,7.1805,4.9795,2.201,3.3942
1993-01-12,7.1959,4.9841,2.2118,3.4073
1993-01-13,7.1704,4.9689,2.2015,3.3694
1993-01-14,7.1409,4.9523,2.1886,3.3642
1993-01-15,7.082,4.9197,2.1623,3.3296
1993-01-19,7.0649,4.9147,2.1502,3.268
1993-01-21,7.0558,4.9105,2.1453,3.2594
1993-01-22,7.0228,4.8925,2.1303,3.295
1993-01-25,6.9619,4.8622,2.0997,3.2112
1993-01-26,6.9675,4.8659,2.1016,3.2353
1993-01-27,6.9406,4.8503,2.0903,3.2597
1993-01-28,6.8943,4.8269,2.0674,3.2848
1993-01-29,6.8581,4.811,2.0471,3.2713
1993-02-01,6.8291,4.7991,2.03,3.2645
1993-02-02,6.8708,4.8242,2.0466,3.2762
1993-02-03,6.8709,4.8241,2.0468,3.2447
1993-02-04,6.8119,4.7934,2.0185,3.2356
1993-02-05,6.7325,4.7552,1.9773,3.2654
1993-02-08,6.7552,4.7693,1.9859,3.2471
1993-02-09,6.796,4.79,2.006,3.2199
1993-02-10,6.8575,4.8202,2.0373,3.2568
1993-02-11,6.8336,4.8058,2.0278,3.2406
1993-02-12,6.8226,4.8005,2.0221,3.2269
1993-02-16,6.8017,4.7917,2.01,3.2772
1993-02-17,6.7447,4.7643,1.9804,3.2933
1993-02-18,6.6357,4.7121,1.9236,3.2575
1993-02-19,6.619,4.7091,1.9099,3.2262
1993-02-22,6.5757,4.6931,1.8826,3.1505
1993-02-23,6.4407,4.6306,1.8101,3.0672
1993-02-24,6.478,4.6528,1.8252,3.1031
1993-02-25,6.5038,4.6657,1.8381,3.1135
1993-02-26,6.5078,4.668,1.8398,3.1318
1993-03-01,6.4496,4.642,1.8076,3.0919
1993-03-02,6.4358,4.6389,1.7969,3.0977
1993-03-03,6.3743,4.6093,1.765,3.0634
1993-03-04,6.3189,4.5813,1.7376,3.0302
1993-03-05,6.381,4.6181,1.7629,2.9556
1993-03-08,6.3683,4.6125,1.7558,2.8979
1993-03-09,6.4014,4.6258,1.7756,2.878
1993-03-10,6.4291,4.6348,1.7943,2.9071
1993-03-11,6.4312,4.6306,1.8006,2.9392
1993-03-12,6.5336,4.6775,1.8561,3.0209
1993-03-15,6.6106,4.7138,1.8968,3.0624
1993-03-16,6.5615,4.69,1.8715,3.0561
1993-03-17,6.5254,4.6741,1.8513,3.0813
1993-03-18,6.4477,4.636,1.8117,3.062
1993-03-19,6.4619,4.6453,1.8166,3.0627
1993-03-22,6.4706,4.649,1.8216,3.0757
1993-03-23,6.4373,4.632,1.8053,3.0569
1993-03-24,6.4638,4.644,1.8198,3.0662
1993-03-25,6.4815,4.6503,1.8312,3.1025
1993-03-26,6.5826,4.6996,1.883,3.1528
1993-03-29,6.5686,4.6932,1.8754,3.1311
1993-03-30,6.5405,4.6779,1.8626,3.179
1993-03-31,6.5485,4.6797,1.8688,3.1622
1993-04-01,6.5577,4.6835,1.8742,3.2066
1993-04-02,6.6321,4.7196,1.9125,3.2919
1993-04-05,6.6201,4.7135,1.9066,3.2732
1993-04-06,6.5807,4.6953,1.8854,3.2009
1993-04-07,6.5566,4.685,1.8716,3.1887
1993-04-08,6.4757,4.647,1.8287,3.128
1993-04-12,6.4142,4.618,1.7962,3.0707
1993-04-13,6.4118,4.6145,1.7973,3.0679
1993-04-14,6.3809,4.5957,1.7852,3.0401
1993-04-15,6.3576,4.584,1.7736,3.0015
1993-04-16,6.3638,4.5865,1.7773,3.028
1993-04-20,6.3517,4.5754,1.7763,3.0377
1993-04-21,6.3394,4.568,1.7714,3.0481
1993-04-22,6.3262,4.5625,1.7637,3.0637
1993-04-23,6.3445,4.5742,1.7703,3.1194
1993-04-26,6.3867,4.601,1.7857,3.1447
1993-04-27,6.4638,4.6435,1.8203,3.1755
1993-04-28,6.4861,4.6565,1.8296,3.177
1993-04-29,6.4579,4.6435,1.8144,3.1862
1993-05-03,6.4226,4.6248,1.7978,3.1904
1993-05-04,6.3885,4.6092,1.7793,3.1212
1993-05-05,6.3867,4.6104,1.7763,3.095
1993-05-06,6.3661,4.5985,1.7676,3.078
1993-05-07,6.3742,4.602,1.7722,3.1338
1993-05-10,6.3572,4.5939,1.7633,3.0948
1993-05-11,6.3463,4.5908,1.7555,3.0832
1993-05-12,6.3745,4.6061,1.7684,3.1276
1993-05-13,6.4386,4.6394,1.7992,3.1736
1993-05-14,6.4651,4.6544,1.8107,3.1156
1993-05-17,6.5088,4.6792,1.8296,3.1251
1993-05-18,6.5469,4.6997,1.8472,3.1625
1993-05-19,6.5193,4.6826,1.8367,3.1327
1993-05-20,6.5006,4.6703,1.8303,3.1128
1993-05-21,6.5417,4.6909,1.8508,3.1126
1993-05-24,6.5496,4.6983,1.8513,2.9852
1993-05-25,6.5441,4.6987,1.8454,3.016
1993-05-26,6.4954,4.6738,1.8216,2.936
1993-05-27,6.4736,4.6632,1.8104,2.8742
1993-05-28,6.4879,4.669,1.8189,2.9102
1993-06-01,6.4159,4.6305,1.7854,2.8595
1993-06-02,6.3817,4.6146,1.7671,2.8088
1993-06-03,6.3363,4.5893,1.747,2.8005
1993-06-04,6.4033,4.627,1.7763,2.7432
1993-06-07,6.3781,4.6139,1.7642,2.7328
1993-06-08,6.3775,4.6144,1.7631,2.7387
1993-06-09,6.3611,4.6038,1.7573,2.7276
1993-06-10,6.3524,4.5973,1.7551,2.7253
1993-06-11,6.2693,4.5506,1.7187,2.7013
1993-06-14,6.2537,4.5415,1.7122,2.726
1993-06-15,6.2445,4.5367,1.7078,2.7584
1993-06-16,6.2454,4.5373,1.7081,2.784
1993-06-17,6.2353,4.5315,1.7038,2.7533
1993-06-18,6.2543,4.5428,1.7115,2.6741
1993-06-21,6.2263,4.5291,1.6972,2.6385
1993-06-22,6.21,4.5228,1.6872,2.6321
1993-06-23,6.2053,4.5243,1.681,2.593
1993-06-24,6.1706,4.5077,1.6629,2.5888
1993-06-25,6.1314,4.4871,1.6443,2.5705
1993-06-28,6.0917,4.4665,1.6252,2.5637
1993-06-29,6.0734,4.4543,1.6191,2.6003
1993-06-30,6.0793,4.4561,1.6232,2.6005
1993-07-01,6.0829,4.4534,1.6295,2.6566
1993-07-02,6.0564,4.4356,1.6208,2.6557
1993-07-06,6.0875,4.4536,1.6339,2.6317
1993-07-07,6.0993,4.4626,1.6367,2.6287
1993-07-08,6.0721,4.4499,1.6222,2.5932
1993-07-09,6.0515,4.4398,1.6117,2.5784
1993-07-12,6.0353,4.4318,1.6035,2.5721
1993-07-13,6.0448,4.4397,1.6051,2.5158
1993-07-14,5.9965,4.4143,1.5822,2.491
1993-07-15,5.9813,4.4056,1.5757,2.4507
1993-07-16,5.9682,4.3979,1.5703,2.4324
1993-07-19,5.9667,4.3978,1.5689,2.4382
1993-07-20,6.0028,4.4182,1.5846,2.3884
1993-07-21,6.0717,4.4519,1.6198,2.4362
1993-07-22,6.1434,4.4878,1.6556,2.4665
1993-07-23,6.1906,4.5094,1.6812,2.4839
1993-07-26,6.1826,4.5028,1.6798,2.4991
1993-07-27,6.1866,4.5061,1.6805,2.4786
1993-07-28,6.1636,4.4936,1.67,2.4615
1993-07-29,6.0849,4.4504,1.6345,2.4554
1993-07-30,6.0856,4.4487,1.6369,2.4449
1993-08-02,6.1119,4.4638,1.6481,2.4021
1993-08-03,6.0994,4.4588,1.6406,2.388
1993-08-04,6.1155,4.4675,1.648,2.4464
1993-08-05,6.1213,4.4696,1.6517,2.5231
1993-08-06,6.1235,4.4701,1.6534,2.5257
1993-08-09,6.0952,4.4539,1.6413,2.4777
1993-08-10,6.0981,4.4564,1.6417,2.4393
1993-08-11,6.0869,4.4498,1.6371,2.4152
1993-08-12,6.0823,4.4455,1.6368,2.4474
1993-08-13,6.0573,4.4335,1.6238,2.4715
1993-08-16,6.022,4.4176,1.6044,2.4351
1993-08-17,6.0308,4.4229,1.6079,2.4381
1993-08-18,6.0093,4.4106,1.5987,2.4187
1993-08-19,5.9635,4.3879,1.5756,2.4202
1993-08-20,5.9422,4.3789,1.5633,2.4228
1993-08-23,6.0189,4.4198,1.5991,2.3379
1993-08-24,5.8916,4.3548,1.5368,2.4083
1993-08-25,5.8395,4.3301,1.5094,2.3976
1993-08-26,5.7696,4.2993,1.4703,2.3124
1993-08-30,5.7615,4.2993,1.4622,2.3143
1993-08-31,5.7526,4.2972,1.4554,2.2729
1993-09-01,5.7521,4.2968,1.4553,2.2785
1993-09-02,5.714,4.2761,1.4379,2.2509
1993-09-03,5.6304,4.231,1.3994,2.2422
1993-09-07,5.5723,4.2017,1.3706,2.1898
1993-09-08,5.5578,4.196,1.3618,2.0977
1993-09-09,5.6329,4.2327,1.4002,2.1377
1993-09-10,5.5938,4.2106,1.3832,2.1282
1993-09-13,5.5717,4.1987,1.373,2.0886
1993-09-14,5.6518,4.2376,1.4142,2.1467
1993-09-15,5.6776,4.2466,1.431,2.2
1993-09-16,5.6743,4.2424,1.4319,2.198
1993-09-17,5.6837,4.2457,1.438,2.1946
1993-09-20,5.7038,4.2535,1.4503,2.195
1993-09-21,5.7406,4.2681,1.4725,2.304
1993-09-22,5.7377,4.265,1.4727,2.2558
1993-09-23,5.7309,4.2616,1.4693,2.2324
1993-09-24,5.7253,4.2586,1.4667,2.2139
1993-09-27,5.6407,4.2166,1.4241,2.1773
1993-09-28,5.6032,4.1983,1.4049,2.1418
1993-09-29,5.634,4.2151,1.4189,2.1448
1993-09-30,5.6753,4.2332,1.4421,2.1595
1993-10-01,5.6355,4.2121,1.4234,2.136
1993-10-04,5.6198,4.2049,1.4149,2.1546
1993-10-05,5.628,4.2168,1.4112,2.1495
1993-10-06,5.6236,4.2177,1.4059,2.1773
1993-10-07,5.6194,4.217,1.4024,2.1847
1993-10-08,5.5588,4.1893,1.3695,2.1264
1993-10-12,5.5556,4.1922,1.3634,2.1042
1993-10-13,5.5571,4.197,1.3601,2.1034
1993-10-14,5.5161,4.1766,1.3395,2.0435
1993-10-15,5.4743,4.1563,1.318,1.9857
1993-10-18,5.5279,4.183,1.3449,2.0491
1993-10-19,5.5377,4.192,1.3457,2.0307
1993-10-20,5.5208,4.1836,1.3372,2.0094
1993-10-21,5.5933,4.2203,1.373,2.125
1993-10-22,5.6553,4.2494,1.4059,2.1781
1993-10-25,5.7222,4.2813,1.4409,2.2333
1993-10-26,5.7155,4.2823,1.4332,2.1967
1993-10-27,5.7231,4.2873,1.4358,2.17
1993-10-29,5.7258,4.2844,1.4414,2.1335
1993-11-01,5.8164,4.3279,1.4885,2.1617
1993-11-02,5.8929,4.3682,1.5247,2.2356
1993-11-03,5.9061,4.3728,1.5333,2.2676
1993-11-04,5.9368,4.3861,1.5507,2.3251
1993-11-05,6.0079,4.4185,1.5894,2.3572
1993-11-08,5.9797,4.4031,1.5766,2.3508
1993-11-09,5.9473,4.3908,1.5565,2.2886
1993-11-10,5.9851,4.4114,1.5737,2.3208
1993-11-12,5.9447,4.3923,1.5524,2.2891
1993-11-15,5.9462,4.3939,1.5523,2.3166
1993-11-16,5.918,4.3801,1.5379,2.3073
1993-11-17,5.915,4.3786,1.5364,2.3104
1993-11-18,5.963,4.4028,1.5602,2.3176
1993-11-19,6.0603,4.4516,1.6087,2.4169
1993-11-22,6.1218,4.4818,1.64,2.4642
1993-11-23,6.084,4.4624,1.6216,2.4157
1993-11-24,6.0866,4.4638,1.6228,2.4445
1993-11-26,6.052,4.4477,1.6043,2.4163
1993-11-29,6.0322,4.4396,1.5926,2.3661
1993-11-30,6.0726,4.4617,1.6109,2.3806
1993-12-01,6.0698,4.4586,1.6112,2.3781
1993-12-02,6.0641,4.4537,1.6104,2.3624
1993-12-03,6.063,4.4516,1.6114,2.3195
1993-12-06,5.9977,4.417,1.5807,2.2593
1993-12-07,5.9758,4.405,1.5708,2.2257
1993-12-08,5.9617,4.3964,1.5653,2.2388
1993-12-09,5.9351,4.3808,1.5543,2.2079
1993-12-10,5.9685,4.3939,1.5746,2.2474
1993-12-13,6.0116,4.4129,1.5987,2.308
1993-12-14,6.0512,4.4299,1.6213,2.3539
1993-12-15,6.0666,4.4352,1.6314,2.3833
1993-12-16,6.078,4.4394,1.6386,2.393
1993-12-17,6.0585,4.4286,1.6299,2.3727
1993-12-20,6.0755,4.4385,1.637,2.3798
1993-12-21,6.0917,4.4484,1.6433,2.3937
1993-12-22,6.0224,4.4144,1.608,2.3243
1993-12-23,5.9885,4.3984,1.5901,2.3064
1993-12-27,5.9769,4.3949,1.582,2.3046
1993-12-28,5.9729,4.3933,1.5796,2.3024
1993-12-29,5.9817,4.3939,1.5878,2.3167
1993-12-30,5.9815,4.3891,1.5924,2.3149
1993-12-31,6.0525,4.4218,1.6307,2.3893
1994-01-03,6.1454,4.4673,1.6781,2.45
1994-01-04,6.1353,4.4665,1.6688,2.4053
1994-01-05,6.147,4.4735,1.6735,2.4268
1994-01-06,6.1021,4.451,1.6511,2.4021
1994-01-07,5.9698,4.3831,1.5867,2.3347
1994-01-10,5.9312,4.3626,1.5686,2.3391
1994-01-11,5.9177,4.3567,1.561,2.3393
1994-01-12,5.8656,4.3288,1.5368,2.2596
1994-01-13,5.9403,4.3624,1.5779,2.3211
1994-01-14,5.9935,4.3867,1.6068,2.3516
1994-01-18,5.982,4.3784,1.6036,2.3506
1994-01-20,5.9407,4.357,1.5837,2.3535
1994-01-21,5.9488,4.3616,1.5872,2.3514
1994-01-24,5.9542,4.3634,1.5908,2.3582
1994-01-25,5.9799,4.3762,1.6037,2.3887
1994-01-26,5.9752,4.3726,1.6026,2.3555
1994-01-27,5.9329,4.3512,1.5817,2.2779
1994-01-28,5.8736,4.3218,1.5518,2.2323
1994-01-31,5.8815,4.328,1.5535,2.2325
1994-02-01,5.9384,4.3629,1.5755,2.2798
1994-02-02,5.9503,4.3736,1.5767,2.2769
1994-02-03,5.9902,4.4008,1.5894,2.2595
1994-02-04,6.1066,4.4699,1.6367,2.3422
1994-02-07,6.1437,4.491,1.6527,2.2839
1994-02-08,6.1871,4.5161,1.671,2.3341
1994-02-09,6.1729,4.5104,1.6625,2.3133
1994-02-10,6.1753,4.5133,1.662,2.2942
1994-02-11,6.1531,4.5027,1.6504,2.2659
1994-02-14,6.1667,4.5103,1.6564,2.3161
1994-02-15,6.1574,4.5068,1.6506,2.2914
1994-02-16,6.1601,4.5091,1.651,2.3004
1994-02-17,6.2386,4.548,1.6906,2.3586
1994-02-18,6.3175,4.5878,1.7297,2.4307
1994-02-22,6.3206,4.5909,1.7297,2.3943
1994-02-23,6.3773,4.627,1.7503,2.4044
1994-02-24,6.452,4.6661,1.7859,2.5063
1994-02-25,6.4625,4.6717,1.7908,2.4873
1994-02-28,6.4316,4.6555,1.7761,2.4924
1994-03-01,6.5258,4.7134,1.8124,2.5411
1994-03-02,6.549,4.7271,1.8219,2.5309
1994-03-03,6.5921,4.7502,1.8419,2.5651
1994-03-04,6.6193,4.7675,1.8518,2.5182
1994-03-07,6.5841,4.7511,1.833,2.4855
1994-03-08,6.6099,4.7661,1.8438,2.4621
1994-03-09,6.6142,4.7672,1.847,2.4696
1994-03-10,6.6854,4.7985,1.8869,2.6212
1994-03-11,6.6818,4.7944,1.8874,2.5465
1994-03-14,6.7136,4.8126,1.901,2.5667
1994-03-15,6.7007,4.8095,1.8912,2.5201
1994-03-16,6.6344,4.7751,1.8593,2.4587
1994-03-17,6.6245,4.7659,1.8586,2.4675
1994-03-18,6.6967,4.7996,1.8971,2.5135
1994-03-21,6.7512,4.827,1.9242,2.4937
1994-03-22,6.6731,4.7874,1.8857,2.4419
1994-03-23,6.6461,4.7685,1.8776,2.4517
1994-03-24,6.7609,4.8207,1.9402,2.5683
1994-03-25,6.8044,4.8402,1.9642,2.5835
1994-03-28,6.8274,4.8511,1.9763,2.5603
1994-03-29,6.9003,4.8876,2.0127,2.6319
1994-03-30,6.9644,4.915,2.0494,2.6951
1994-03-31,6.9827,4.9209,2.0618,2.6953
1994-04-04,7.2914,5.0826,2.2088,2.8712
1994-04-05,7.2057,5.0458,2.1599,2.7266
1994-04-06,7.1466,5.0137,2.1329,2.7163
1994-04-07,7.0995,4.9849,2.1146,2.7014
1994-04-08,7.1433,5.0052,2.1381,2.7005
1994-04-11,7.141,5.0007,2.1403,2.6859
1994-04-12,7.0959,4.9801,2.1158,2.6903
1994-04-13,7.1442,5.0046,2.1396,2.7647
1994-04-14,7.1844,5.0255,2.1589,2.7993
1994-04-15,7.1732,5.0203,2.1529,2.723
1994-04-18,7.3029,5.0925,2.2104,2.7579
1994-04-19,7.2829,5.0909,2.192,2.6732
1994-04-20,7.2367,5.0717,2.165,2.6692
1994-04-21,7.1047,5.0104,2.0943,2.5209
1994-04-22,7.0904,5.0062,2.0842,2.5216
1994-04-25,7.0246,4.9761,2.0485,2.3979
1994-04-26,6.9957,4.9719,2.0238,2.4255
1994-04-28,7.1125,5.0339,2.0786,2.4855
1994-04-29,7.1614,5.0578,2.1036,2.5832
1994-05-02,7.2043,5.0838,2.1205,2.5804
1994-05-03,7.2335,5.1099,2.1236,2.5298
1994-05-04,7.2406,5.1211,2.1195,2.5136
1994-05-05,7.2175,5.1123,2.1052,2.5118
1994-05-06,7.395,5.2132,2.1818,2.6017
1994-05-09,7.5283,5.2918,2.2365,2.6577
1994-05-10,7.4225,5.2463,2.1762,2.5102
1994-05-11,7.477,5.2752,2.2018,2.6516
1994-05-12,7.4602,5.2606,2.1996,2.6724
1994-05-13,7.4216,5.2388,2.1828,2.761
1994-05-16,7.3788,5.2186,2.1602,2.7062
1994-05-17,7.2153,5.1428,2.0725,2.5377
1994-05-18,7.1438,5.1096,2.0342,2.5078
1994-05-19,7.066,5.069,1.997,2.479
1994-05-20,7.1004,5.0883,2.0121,2.4744
1994-05-23,7.2376,5.1588,2.0788,2.5822
1994-05-24,7.2477,5.1678,2.0799,2.5343
1994-05-25,7.2215,5.1519,2.0696,2.4613
1994-05-26,7.1963,5.1378,2.0585,2.5094
1994-05-27,7.2161,5.1494,2.0667,2.4865
1994-05-31,7.2585,5.17,2.0885,2.5614
1994-06-01,7.2327,5.1575,2.0752,2.5238
1994-06-02,7.1817,5.1274,2.0543,2.5112
1994-06-03,7.0929,5.0805,2.0124,2.4208
1994-06-06,6.9995,5.0314,1.9681,2.3358
1994-06-07,7.0126,5.0389,1.9737,2.3717
1994-06-08,7.0182,5.0412,1.977,2.4051
1994-06-09,7.0353,5.0504,1.9849,2.415
1994-06-10,7.0879,5.0764,2.0115,2.4649
1994-06-13,7.1291,5.0966,2.0325,2.4086
1994-06-14,7.079,5.0692,2.0098,2.4203
1994-06-15,7.1498,5.1038,2.046,2.5148
1994-06-16,7.1444,5.0993,2.0451,2.482
1994-06-17,7.2079,5.1309,2.077,2.5738
1994-06-20,7.2393,5.146,2.0933,2.5329
1994-06-21,7.2987,5.1818,2.1169,2.5533
1994-06-22,7.2364,5.1523,2.0841,2.4392
1994-06-23,7.2055,5.1367,2.0688,2.5094
1994-06-24,7.2936,5.1807,2.1129,2.5654
1994-06-27,7.2821,5.1732,2.1089,2.5211
1994-06-28,7.3468,5.2036,2.1432,2.5998
1994-06-29,7.3578,5.2058,2.152,2.6443
1994-06-30,7.4464,5.2499,2.1965,2.7663
1994-07-01,7.4552,5.2559,2.1993,2.7199
1994-07-05,7.4287,5.245,2.1837,2.6587
1994-07-06,7.428,5.2546,2.1734,2.7273
1994-07-07,7.406,5.2477,2.1583,2.718
1994-07-11,7.5447,5.3325,2.2122,2.7598
1994-07-12,7.5275,5.3344,2.1931,2.7014
1994-07-13,7.5114,5.3279,2.1835,2.6897
1994-07-14,7.368,5.2489,2.1191,2.5831
1994-07-15,7.3465,5.2326,2.1139,2.6247
1994-07-18,7.3014,5.2055,2.0959,2.5711
1994-07-19,7.2575,5.1854,2.0721,2.5962
1994-07-20,7.3251,5.2234,2.1017,2.6129
1994-07-21,7.3664,5.2471,2.1193,2.5777
1994-07-22,7.3855,5.261,2.1245,2.5707
1994-07-25,7.3648,5.2529,2.1119,2.5191
1994-07-26,7.3652,5.2577,2.1075,2.5564
1994-07-27,7.4079,5.2847,2.1232,2.5652
1994-07-28,7.4149,5.2872,2.1277,2.5728
1994-07-29,7.2424,5.1901,2.0523,2.5086
1994-08-01,7.217,5.1737,2.0433,2.4756
1994-08-02,7.1856,5.1612,2.0244,2.4482
1994-08-03,7.1748,5.1573,2.0175,2.4644
1994-08-04,7.1934,5.1669,2.0265,2.5035
1994-08-05,7.3259,5.2446,2.0813,2.4677
1994-08-08,7.3493,5.2612,2.0881,2.4731
1994-08-09,7.3831,5.2795,2.1036,2.5194
1994-08-10,7.3783,5.2717,2.1066,2.5291
1994-08-11,7.417,5.2854,2.1316,2.5772
1994-08-12,7.4384,5.2945,2.1439,2.6407
1994-08-15,7.3919,5.2767,2.1152,2.4994
1994-08-16,7.2937,5.2442,2.0495,2.4024
1994-08-17,7.2347,5.2191,2.0156,2.3882
1994-08-18,7.3208,5.2659,2.0549,2.4677
1994-08-19,7.3293,5.2688,2.0605,2.4509
1994-08-22,7.3676,5.2853,2.0823,2.4918
1994-08-23,7.3634,5.285,2.0784,2.4904
1994-08-24,7.3023,5.254,2.0483,2.4632
1994-08-25,7.3498,5.2784,2.0714,2.5257
1994-08-26,7.321,5.2645,2.0565,2.4783
1994-08-29,7.3134,5.2624,2.051,2.4759
1994-08-30,7.2855,5.2523,2.0332,2.4438
1994-08-31,7.2619,5.2399,2.022,2.4414
1994-09-01,7.2583,5.2361,2.0222,2.4333
1994-09-02,7.2732,5.2433,2.0299,2.4588
1994-09-06,7.3271,5.2684,2.0587,2.5066
1994-09-07,7.361,5.2846,2.0764,2.5429
1994-09-08,7.3715,5.29,2.0815,2.5461
1994-09-09,7.4931,5.353,2.1401,2.6489
1994-09-12,7.5288,5.3728,2.156,2.6342
1994-09-13,7.5237,5.372,2.1517,2.6355
1994-09-14,7.4993,5.3596,2.1397,2.6098
1994-09-15,7.4608,5.341,2.1198,2.5995
1994-09-16,7.5741,5.4004,2.1737,2.7122
1994-09-19,7.5761,5.4001,2.176,2.6755
1994-09-20,7.6113,5.4217,2.1896,2.6918
1994-09-21,7.6403,5.4504,2.1899,2.6635
1994-09-22,7.639,5.4579,2.1811,2.6611
1994-09-23,7.6462,5.4652,2.181,2.6495
1994-09-26,7.647,5.468,2.179,2.6273
1994-09-27,7.6646,5.4726,2.192,2.6563
1994-09-28,7.6517,5.4526,2.1991,2.6435
1994-09-29,7.6979,5.4714,2.2265,2.6326
1994-09-30,7.6877,5.4666,2.2211,2.5765
1994-10-03,7.7047,5.4791,2.2256,2.4992
1994-10-04,7.7306,5.5108,2.2198,2.5688
1994-10-05,7.7802,5.545,2.2352,2.629
1994-10-06,7.7923,5.5567,2.2356,2.6164
1994-10-11,7.6946,5.5055,2.1891,2.5338
1994-10-12,7.7077,5.5184,2.1893,2.5501
1994-10-13,7.6727,5.4974,2.1753,2.5231
1994-10-14,7.6449,5.4793,2.1656,2.5552
1994-10-17,7.6568,5.4842,2.1726,2.5776
1994-10-18,7.6676,5.4936,2.174,2.5832
1994-10-19,7.7107,5.5183,2.1924,2.6217
1994-10-20,7.8123,5.5758,2.2365,2.6685
1994-10-21,7.8252,5.5853,2.2399,2.6499
1994-10-24,7.8633,5.6066,2.2567,2.6329
1994-10-25,7.8839,5.6219,2.262,2.6433
1994-10-26,7.8964,5.6248,2.2716,2.7032
1994-10-27,7.8976,5.6217,2.2759,2.6857
1994-10-28,7.8495,5.5975,2.252,2.656
1994-10-31,7.8306,5.5893,2.2413,2.6011
1994-11-01,7.9047,5.6314,2.2733,2.645
1994-11-02,7.9475,5.6548,2.2927,2.6573
1994-11-03,7.9618,5.6629,2.2989,2.6363
1994-11-04,8.021,5.6991,2.3219,2.6605
1994-11-07,8.0362,5.7125,2.3237,2.6557
1994-11-08,8.0095,5.704,2.3055,2.6614
1994-11-09,7.9579,5.6783,2.2796,2.5952
1994-11-10,7.9784,5.6899,2.2885,2.5694
1994-11-14,7.9642,5.6889,2.2753,2.5721
1994-11-15,7.9382,5.6884,2.2498,2.4513
1994-11-16,7.9707,5.7099,2.2608,2.5423
1994-11-17,8.0107,5.7299,2.2808,2.5344
1994-11-18,8.0076,5.725,2.2826,2.4522
1994-11-21,8.0155,5.7258,2.2897,2.4477
1994-11-22,7.9936,5.7146,2.279,2.4196
1994-11-23,7.8471,5.637,2.2101,2.2788
1994-11-25,7.8111,5.6156,2.1955,2.2551
1994-11-28,7.8455,5.6375,2.208,2.1642
1994-11-29,7.9079,5.6796,2.2283,2.2264
1994-11-30,7.8699,5.6695,2.2004,2.2045
1994-12-01,7.8711,5.6748,2.1963,2.2369
1994-12-02,7.7925,5.6482,2.1443,2.1058
1994-12-05,7.8011,5.672,2.1291,2.0627
1994-12-06,7.701,5.6318,2.0692,2.0051
1994-12-07,7.7276,5.6396,2.088,2.0614
1994-12-08,7.7466,5.6463,2.1003,2.025
1994-12-09,7.7257,5.632,2.0937,2.011
1994-12-12,7.772,5.6577,2.1143,2.0135
1994-12-13,7.7639,5.6612,2.1027,1.9378
1994-12-14,7.7049,5.6266,2.0783,1.998
1994-12-15,7.6917,5.6062,2.0855,2.0
1994-12-16,7.7091,5.609,2.1001,1.9743
1994-12-19,7.7095,5.6058,2.1037,1.9653
1994-12-20,7.6999,5.5922,2.1077,1.9965
1994-12-21,7.6883,5.5765,2.1118,1.9795
1994-12-22,7.7054,5.5809,2.1245,1.8827
1994-12-23,7.6959,5.5754,2.1205,1.8262
1994-12-27,7.6219,5.5376,2.0843,1.7733
1994-12-28,7.6531,5.556,2.0971,1.8873
1994-12-29,7.6844,5.5691,2.1153,1.9413
1994-12-30,7.7071,5.5804,2.1267,1.9765
1995-01-03,7.7569,5.6063,2.1506,2.007
1995-01-04,7.7169,5.5992,2.1177,1.9646
1995-01-05,7.7594,5.6308,2.1286,2.0103
1995-01-06,7.7629,5.6401,2.1228,1.9873
1995-01-09,7.7912,5.6597,2.1315,2.0254
1995-01-10,7.7672,5.6521,2.1151,2.0022
1995-01-11,7.739,5.6307,2.1083,2.0071
1995-01-12,7.7556,5.6339,2.1217,2.0324
1995-01-13,7.6318,5.5656,2.0662,1.9871
1995-01-17,7.657,5.5808,2.0762,1.9638
1995-01-18,7.6755,5.5984,2.0771,1.9556
1995-01-19,7.7017,5.6155,2.0862,1.9967
1995-01-20,7.7308,5.6346,2.0962,1.9928
1995-01-23,7.7721,5.6574,2.1147,2.0431
1995-01-24,7.8047,5.6808,2.1239,2.0551
1995-01-25,7.7421,5.6507,2.0914,2.0246
1995-01-26,7.6954,5.6299,2.0655,2.0154
1995-01-27,7.6148,5.5917,2.0231,1.9573
1995-01-30,7.5826,5.5765,2.0061,1.9795
1995-01-31,7.5618,5.5756,1.9862,1.9182
1995-02-01,7.5953,5.6043,1.991,1.9632
1995-02-02,7.6225,5.6195,2.003,1.9221
1995-02-03,7.466,5.5371,1.9289,1.8771
1995-02-06,7.4634,5.535,1.9284,1.8507
1995-02-07,7.4668,5.5385,1.9283,1.8794
1995-02-08,7.4702,5.5382,1.932,1.8994
1995-02-09,7.5093,5.5565,1.9528,1.8702
1995-02-10,7.5665,5.5859,1.9806,1.9259
1995-02-13,7.5655,5.5842,1.9813,1.9101
1995-02-14,7.5011,5.553,1.9481,1.919
1995-02-16,7.3973,5.4952,1.9021,1.9521
1995-02-17,7.3992,5.4952,1.904,1.9171
1995-02-21,7.4156,5.5063,1.9093,1.9305
1995-02-22,7.342,5.4692,1.8728,1.9945
1995-02-23,7.336,5.4697,1.8663,2.0209
1995-02-24,7.3389,5.4752,1.8637,2.049
1995-02-27,7.2747,5.4468,1.8279,2.0362
1995-02-28,7.2609,5.449,1.8119,1.9609
1995-03-01,7.2554,5.4522,1.8032,1.9291
1995-03-02,7.3043,5.4779,1.8264,1.941
1995-03-03,7.3682,5.5086,1.8596,2.0332
1995-03-06,7.4165,5.5333,1.8832,2.0406
1995-03-07,7.4443,5.55,1.8943,2.0591
1995-03-08,7.3872,5.5223,1.8649,1.982
1995-03-09,7.3207,5.4871,1.8336,1.9855
1995-03-10,7.2563,5.458,1.7983,1.8833
1995-03-13,7.2064,5.4353,1.7711,1.9033
1995-03-14,7.1237,5.3963,1.7274,1.791
1995-03-15,7.116,5.3939,1.7221,1.8332
1995-03-16,7.0922,5.3832,1.709,1.8332
1995-03-17,7.1405,5.4071,1.7334,1.8709
1995-03-21,7.1955,5.4344,1.7611,1.9515
1995-03-22,7.2471,5.4584,1.7887,1.9973
1995-03-23,7.2592,5.4614,1.7978,1.9797
1995-03-24,7.1837,5.4206,1.7631,1.9542
1995-03-27,7.1295,5.3905,1.739,1.8648
1995-03-28,7.1932,5.4243,1.7689,1.8925
1995-03-29,7.2089,5.4266,1.7823,1.9068
1995-03-30,7.24,5.4429,1.7971,1.9366
1995-03-31,7.2686,5.457,1.8116,1.9344
1995-04-03,7.2144,5.4293,1.7851,1.8924
1995-04-04,7.1644,5.4093,1.7551,1.8558
1995-04-05,7.158,5.4066,1.7514,1.8798
1995-04-06,7.1335,5.3921,1.7414,1.8987
1995-04-07,7.1444,5.3981,1.7463,1.9385
1995-04-10,7.1561,5.4016,1.7545,1.908
1995-04-11,7.1396,5.3935,1.7461,1.8943
1995-04-12,7.1178,5.3812,1.7366,1.8763
1995-04-13,7.069,5.352,1.717,1.9089
1995-04-17,7.0634,5.3513,1.7121,1.9648
1995-04-18,7.0724,5.358,1.7144,2.0546
1995-04-19,7.0934,5.3712,1.7222,1.9819
1995-04-20,7.0656,5.3576,1.708,1.9815
1995-04-21,7.0603,5.3569,1.7034,1.9615
1995-04-24,7.0509,5.3539,1.697,1.8955
1995-04-25,7.0564,5.3611,1.6953,1.8945
1995-04-26,7.0582,5.3641,1.6941,1.8704
1995-04-27,7.0772,5.3758,1.7014,1.8466
1995-04-28,7.1012,5.3879,1.7133,1.8301
1995-05-01,7.1117,5.3934,1.7183,1.8305
1995-05-02,7.0755,5.375,1.7005,1.8652
1995-05-03,6.9963,5.3321,1.6642,1.8318
1995-05-04,6.8982,5.2776,1.6206,1.7428
1995-05-05,6.7456,5.2001,1.5455,1.7204
1995-05-08,6.7322,5.1975,1.5347,1.7365
1995-05-09,6.6578,5.1689,1.4889,1.707
1995-05-10,6.6902,5.1904,1.4998,1.7423
1995-05-11,6.7255,5.2121,1.5134,1.6774
1995-05-12,6.7404,5.2241,1.5163,1.6863
1995-05-15,6.6998,5.206,1.4938,1.651
1995-05-16,6.6412,5.1782,1.463,1.5753
1995-05-17,6.6181,5.1676,1.4505,1.5742
1995-05-18,6.6712,5.1946,1.4766,1.6001
1995-05-19,6.6785,5.1982,1.4803,1.5961
1995-05-22,6.694,5.2075,1.4865,1.5945
1995-05-23,6.6461,5.1863,1.4598,1.5993
1995-05-24,6.5256,5.1263,1.3993,1.5262
1995-05-25,6.4839,5.1062,1.3777,1.5713
1995-05-26,6.4829,5.1064,1.3765,1.5969
1995-05-30,6.4132,5.0733,1.3399,1.5512
1995-05-31,6.4004,5.0668,1.3336,1.5711
1995-06-01,6.3069,5.0113,1.2956,1.5411
1995-06-02,6.2056,4.9487,1.2569,1.5113
1995-06-05,6.194,4.9478,1.2462,1.5056
1995-06-06,6.2132,4.9611,1.2521,1.5032
1995-06-07,6.2958,5.0085,1.2873,1.4261
1995-06-08,6.3489,5.0378,1.3111,1.4098
1995-06-09,6.475,5.0996,1.3754,1.4849
1995-06-12,6.4784,5.0956,1.3828,1.5566
1995-06-13,6.2878,4.9891,1.2987,1.5211
1995-06-14,6.2628,4.9733,1.2895,1.5114
1995-06-15,6.2921,4.9905,1.3016,1.4846
1995-06-16,6.3228,5.0068,1.316,1.5095
1995-06-19,6.26,4.9733,1.2867,1.4781
1995-06-20,6.2767,4.9826,1.2941,1.4719
1995-06-21,6.2562,4.9694,1.2868,1.5018
1995-06-22,6.1799,4.9253,1.2546,1.4168
1995-06-23,6.1875,4.9269,1.2606,1.4412
1995-06-26,6.2272,4.9457,1.2815,1.4618
1995-06-27,6.2592,4.9602,1.299,1.468
1995-06-28,6.2327,4.9434,1.2893,1.4373
1995-06-29,6.3525,5.0057,1.3468,1.4748
1995-06-30,6.321,4.9853,1.3357,1.489
1995-07-03,6.3105,4.9792,1.3313,1.4923
1995-07-05,6.2918,4.9768,1.315,1.4771
1995-07-06,6.1695,4.9082,1.2613,1.5138
1995-07-07,6.138,4.8917,1.2463,1.4674
1995-07-10,6.1351,4.8899,1.2452,1.4654
1995-07-11,6.1776,4.9148,1.2628,1.4984
1995-07-12,6.1891,4.9206,1.2685,1.499
1995-07-13,6.1953,4.9239,1.2714,1.5051
1995-07-14,6.2511,4.9545,1.2966,1.4894
1995-07-17,6.3196,4.9901,1.3295,1.5343
1995-07-18,6.3666,5.0126,1.354,1.5875
1995-07-19,6.4984,5.0738,1.4246,1.6992
1995-07-20,6.5285,5.0875,1.441,1.6652
1995-07-21,6.6071,5.1238,1.4833,1.7176
1995-07-24,6.5755,5.1059,1.4696,1.6236
1995-07-25,6.549,5.0928,1.4562,1.5976
1995-07-26,6.5869,5.1111,1.4758,1.6525
1995-07-27,6.5513,5.0885,1.4628,1.661
1995-07-28,6.5841,5.1021,1.482,1.6818
1995-07-31,6.5561,5.0879,1.4682,1.6722
1995-08-01,6.5942,5.1103,1.4839,1.705
1995-08-02,6.5491,5.0882,1.4609,1.6813
1995-08-03,6.6079,5.1176,1.4903,1.7159
1995-08-04,6.5943,5.1093,1.485,1.7038
1995-08-07,6.5792,5.1012,1.478,1.7135
1995-08-08,6.5713,5.0964,1.4749,1.6998
1995-08-09,6.5887,5.1047,1.484,1.7162
1995-08-10,6.6247,5.1227,1.502,1.7417
1995-08-11,6.7093,5.1649,1.5444,1.7497
1995-08-14,6.7168,5.1674,1.5494,1.7556
1995-08-15,6.7048,5.1628,1.542,1.674
1995-08-16,6.6664,5.1424,1.524,1.6529
1995-08-17,6.6807,5.149,1.5317,1.6429
1995-08-18,6.6772,5.1454,1.5318,1.652
1995-08-21,6.6392,5.126,1.5132,1.6493
1995-08-22,6.6634,5.1385,1.5249,1.6737
1995-08-23,6.68,5.1442,1.5358,1.6765
1995-08-24,6.6079,5.1013,1.5066,1.6599
1995-08-25,6.4927,5.042,1.4507,1.5621
1995-08-28,6.4569,5.0233,1.4336,1.616
1995-08-29,6.4726,5.0326,1.44,1.5628
1995-08-30,6.4412,5.0133,1.4279,1.5656
1995-08-31,6.4005,4.9905,1.41,1.5183
1995-09-01,6.3381,4.9591,1.379,1.4919
1995-09-05,6.301,4.9432,1.3578,1.4627
1995-09-06,6.2841,4.9383,1.3458,1.4854
1995-09-07,6.3119,4.9551,1.3568,1.4866
1995-09-08,6.3359,4.9691,1.3668,1.4735
1995-09-11,6.3471,4.9745,1.3726,1.4759
1995-09-12,6.289,4.943,1.346,1.4402
1995-09-13,6.3037,4.9488,1.3549,1.4575
1995-09-14,6.227,4.9084,1.3186,1.4765
1995-09-15,6.2413,4.917,1.3243,1.4657
1995-09-18,6.3023,4.9458,1.3565,1.5173
1995-09-19,6.2818,4.9273,1.3545,1.4623
1995-09-20,6.254,4.9076,1.3464,1.432
1995-09-21,6.3224,4.9433,1.3791,1.4755
1995-09-22,6.356,4.9553,1.4007,1.494
1995-09-25,6.3692,4.9614,1.4078,1.4745
1995-09-26,6.3844,4.9749,1.4095,1.4802
1995-09-27,6.4136,4.9884,1.4252,1.5019
1995-09-28,6.3888,4.977,1.4118,1.4476
1995-09-29,6.2899,4.9257,1.3642,1.3518
1995-10-02,6.2622,4.9135,1.3487,1.3817
1995-10-03,6.2301,4.9049,1.3252,1.3501
1995-10-04,6.197,4.89,1.307,1.3624
1995-10-05,6.171,4.8775,1.2935,1.3516
1995-10-06,6.1595,4.8748,1.2847,1.3229
1995-10-10,6.1608,4.8752,1.2856,1.3249
1995-10-11,6.1708,4.8811,1.2897,1.319
1995-10-12,6.1488,4.8704,1.2784,1.2934
1995-10-13,6.0626,4.8278,1.2348,1.1846
1995-10-16,6.0502,4.8245,1.2257,1.2244
1995-10-17,6.0336,4.8146,1.219,1.2138
1995-10-18,6.0521,4.8211,1.231,1.2234
1995-10-19,6.0493,4.8184,1.2309,1.2188
1995-10-20,6.1034,4.8451,1.2583,1.2651
1995-10-23,6.1305,4.8575,1.273,1.2494
1995-10-24,6.0834,4.8304,1.253,1.1911
1995-10-25,6.0566,4.8165,1.2401,1.2422
1995-10-26,6.0803,4.8262,1.2541,1.3554
1995-10-27,6.0874,4.8317,1.2557,1.2834
1995-10-30,6.0899,4.8371,1.2528,1.3369
1995-10-31,6.0899,4.8424,1.2475,1.3061
1995-11-01,6.0427,4.8219,1.2208,1.3081
1995-11-02,5.9956,4.8006,1.195,1.2615
1995-11-03,6.001,4.8065,1.1945,1.269
1995-11-06,6.0263,4.8238,1.2025,1.2629
1995-11-07,6.0584,4.8441,1.2143,1.2685
1995-11-08,6.0107,4.8216,1.1891,1.2364
1995-11-09,6.0383,4.8397,1.1986,1.2995
1995-11-10,6.0802,4.8648,1.2154,1.3232
1995-11-13,6.0638,4.8602,1.2036,1.2951
1995-11-14,6.0544,4.8555,1.1989,1.3051
1995-11-15,6.0826,4.8708,1.2118,1.3153
1995-11-16,6.0339,4.844,1.1899,1.254
1995-11-17,6.0191,4.8348,1.1843,1.2821
1995-11-20,6.0169,4.8332,1.1837,1.2916
1995-11-21,6.0456,4.8478,1.1978,1.3205
1995-11-22,6.0602,4.855,1.2052,1.3228
1995-11-24,6.0536,4.8486,1.205,1.319
1995-11-27,6.0251,4.8349,1.1902,1.2788
1995-11-28,6.0172,4.8342,1.183,1.263
1995-11-29,5.9881,4.8192,1.1689,1.2447
1995-11-30,5.9123,4.7811,1.1312,1.2288
1995-12-01,5.8651,4.7559,1.1092,1.1963
1995-12-04,5.7903,4.7209,1.0694,1.1264
1995-12-05,5.787,4.7189,1.0681,1.1069
1995-12-06,5.8005,4.7245,1.076,1.0906
1995-12-07,5.8345,4.7415,1.093,1.1328
1995-12-08,5.8632,4.7557,1.1075,1.1366
1995-12-11,5.8423,4.7447,1.0976,1.1096
1995-12-12,5.8484,4.7415,1.1069,1.1117
1995-12-13,5.8548,4.7417,1.1131,1.1225
1995-12-14,5.8557,4.7403,1.1154,1.1631
1995-12-15,5.856,4.7331,1.1229,1.1834
1995-12-18,5.9434,4.7725,1.1709,1.2479
1995-12-19,5.9105,4.7448,1.1657,1.2318
1995-12-20,5.8763,4.7162,1.1601,1.2003
1995-12-21,5.8772,4.7047,1.1725,1.204
1995-12-22,5.8358,4.6757,1.1601,1.1643
1995-12-26,5.813,4.6571,1.1559,1.184
1995-12-27,5.7826,4.6402,1.1424,1.1757
1995-12-28,5.7495,4.615,1.1345,1.1551
1995-12-29,5.7115,4.6015,1.11,1.1282
1996-01-02,5.709,4.605,1.104,1.1363
1996-01-03,5.6913,4.6059,1.0854,1.1901
1996-01-04,5.7293,4.6301,1.0992,1.2314
1996-01-05,5.7694,4.6525,1.1169,1.2594
1996-01-08,5.773,4.6557,1.1173,1.2217
1996-01-09,5.7847,4.6597,1.125,1.2543
1996-01-10,5.8686,4.7017,1.1669,1.3535
1996-01-11,5.879,4.7078,1.1712,1.3525
1996-01-12,5.8651,4.7023,1.1628,1.3828
1996-01-16,5.8091,4.6707,1.1384,1.327
1996-01-17,5.74,4.6361,1.1039,1.2443
1996-01-18,5.6986,4.6137,1.0849,1.2328
1996-01-19,5.6977,4.6135,1.0842,1.2232
1996-01-22,5.7451,4.6387,1.1064,1.2805
1996-01-23,5.7899,4.6617,1.1282,1.3205
1996-01-24,5.764,4.6495,1.1145,1.2838
1996-01-25,5.8251,4.6794,1.1457,1.3207
1996-01-26,5.8043,4.6685,1.1358,1.2885
1996-01-29,5.8122,4.6757,1.1365,1.3417
1996-01-30,5.779,4.6583,1.1207,1.3163
1996-01-31,5.7425,4.6341,1.1084,1.3539
1996-02-01,5.7412,4.6308,1.1104,1.4018
1996-02-02,5.7716,4.642,1.1296,1.4906
1996-02-05,5.8217,4.6663,1.1554,1.4659
1996-02-06,5.8126,4.6603,1.1523,1.4512
1996-02-07,5.8192,4.6603,1.1589,1.4938
1996-02-08,5.8229,4.6589,1.164,1.5125
1996-02-09,5.8144,4.6539,1.1605,1.55
1996-02-12,5.7692,4.6332,1.136,1.5185
1996-02-13,5.7362,4.6173,1.1189,1.5303
1996-02-14,5.76,4.6316,1.1284,1.5714
1996-02-15,5.8274,4.6652,1.1622,1.6218
1996-02-16,5.8833,4.6899,1.1934,1.6927
1996-02-20,6.095,4.7982,1.2968,1.7704
1996-02-21,6.133,4.8147,1.3183,1.7672
1996-02-22,6.0854,4.7878,1.2976,1.7726
1996-02-23,6.119,4.8035,1.3155,1.8221
1996-02-26,6.1588,4.8231,1.3357,1.827
1996-02-27,6.2032,4.8445,1.3587,1.7744
1996-02-28,6.2512,4.8657,1.3855,1.7342
1996-02-29,6.2701,4.8718,1.3983,1.7006
1996-03-01,6.1658,4.814,1.3518,1.686
1996-03-04,6.0903,4.7782,1.3121,1.6809
1996-03-05,6.1186,4.7938,1.3248,1.6613
1996-03-06,6.1827,4.8263,1.3564,1.7071
1996-03-07,6.2205,4.8438,1.3767,1.6773
1996-03-08,6.4715,4.9644,1.5071,1.8256
1996-03-11,6.4858,4.9706,1.5152,1.785
1996-03-12,6.5064,4.9775,1.5289,1.7631
1996-03-13,6.5079,4.9753,1.5326,1.8195
1996-03-14,6.5144,4.9772,1.5372,1.8659
1996-03-15,6.5818,5.0108,1.571,1.7598
1996-03-18,6.5684,5.004,1.5644,1.6988
1996-03-19,6.5456,4.9949,1.5507,1.7308
1996-03-20,6.4837,4.9644,1.5193,1.7844
1996-03-21,6.4422,4.9403,1.5019,1.7612
1996-03-22,6.4556,4.946,1.5096,1.7343
1996-03-25,6.4064,4.9189,1.4875,1.6654
1996-03-26,6.3896,4.9122,1.4774,1.6285
1996-03-27,6.4603,4.9482,1.5121,1.6663
1996-03-28,6.5331,4.9852,1.5479,1.7105
1996-03-29,6.4913,4.9618,1.5295,1.7298
1996-04-01,6.4642,4.9494,1.5148,1.6567
1996-04-02,6.4148,4.9283,1.4865,1.6383
1996-04-03,6.4206,4.9318,1.4888,1.6306
1996-04-04,6.469,4.9521,1.5169,1.6983
1996-04-05,6.6693,5.0504,1.6189,1.7768
1996-04-08,6.7385,5.081,1.6575,1.794
1996-04-09,6.7147,5.062,1.6527,1.8105
1996-04-10,6.7527,5.0744,1.6783,1.8598
1996-04-11,6.8007,5.0933,1.7074,1.8664
1996-04-12,6.6997,5.042,1.6577,2.0193
1996-04-15,6.6353,5.0052,1.6301,1.8616
1996-04-16,6.6224,4.9937,1.6287,1.8272
1996-04-17,6.6511,5.006,1.6451,1.8498
1996-04-18,6.6922,5.0251,1.6671,1.8359
1996-04-19,6.6726,5.0171,1.6555,1.886
1996-04-22,6.6208,4.9937,1.6271,1.7898
1996-04-23,6.6275,5.0028,1.6247,1.7835
1996-04-24,6.6588,5.0226,1.6362,1.7863
1996-04-25,6.6583,5.0227,1.6356,1.7811
1996-04-26,6.6358,5.0136,1.6222,1.7706
1996-04-29,6.6699,5.0327,1.6372,1.8132
1996-04-30,6.7265,5.0632,1.6633,1.8511
1996-05-01,6.7482,5.0728,1.6754,1.9194
1996-05-02,6.8781,5.136,1.7421,2.0045
1996-05-03,6.951,5.1702,1.7808,2.0752
1996-05-06,6.9437,5.1656,1.7781,2.0565
1996-05-07,6.9623,5.1761,1.7862,2.0648
1996-05-08,6.9259,5.1566,1.7693,1.9813
1996-05-09,6.925,5.155,1.77,2.0067
1996-05-10,6.8544,5.1205,1.7339,1.9407
1996-05-13,6.8119,5.1022,1.7097,1.8572
1996-05-14,6.7554,5.0771,1.6783,1.8649
1996-05-15,6.7306,5.0667,1.6639,1.8701
1996-05-16,6.7721,5.0882,1.6839,1.8744
1996-05-17,6.7468,5.0759,1.6709,1.8178
1996-05-20,6.7122,5.0607,1.6515,1.8257
1996-05-21,6.7262,5.0698,1.6564,1.8343
1996-05-22,6.7088,5.0626,1.6462,1.8096
1996-05-23,6.7446,5.0816,1.663,1.8258
1996-05-24,6.7312,5.0746,1.6566,1.7869
1996-05-28,6.7324,5.0741,1.6583,1.7734
1996-05-29,6.8046,5.109,1.6956,1.7961
1996-05-30,6.8263,5.1172,1.7091,1.7987
1996-05-31,6.8901,5.1445,1.7456,1.8492
1996-06-03,6.9209,5.1591,1.7618,1.8671
1996-06-04,6.9087,5.1552,1.7535,1.8697
1996-06-05,6.8773,5.1398,1.7375,1.8091
1996-06-06,6.8146,5.1099,1.7047,1.821
1996-06-07,6.9442,5.1784,1.7658,1.8402
1996-06-10,6.984,5.1989,1.7851,1.895
1996-06-11,7.0174,5.2159,1.8015,1.9661
1996-06-12,7.0576,5.2354,1.8222,2.032
1996-06-13,7.0566,5.2327,1.8239,1.9745
1996-06-14,7.0045,5.2036,1.8009,1.9315
1996-06-17,6.9569,5.1777,1.7792,1.9212
1996-06-18,6.9664,5.1829,1.7835,1.9379
1996-06-19,6.9998,5.1995,1.8003,1.9108
1996-06-20,7.0127,5.208,1.8047,1.8947
1996-06-21,6.9929,5.2,1.7929,1.9353
1996-06-24,6.9772,5.1934,1.7838,1.8991
1996-06-25,6.9389,5.1732,1.7657,1.848
1996-06-26,6.9241,5.1651,1.759,1.8287
1996-06-27,6.8591,5.1304,1.7287,1.8145
1996-06-28,6.761,5.0798,1.6812,1.7749
1996-07-01,6.7408,5.0727,1.6681,1.7204
1996-07-02,6.7762,5.1,1.6762,1.7009
1996-07-03,6.7693,5.0946,1.6747,1.7693
1996-07-05,6.9836,5.2045,1.7791,1.921
1996-07-08,7.033,5.2286,1.8044,1.9193
1996-07-09,7.0094,5.2205,1.7889,1.8655
1996-07-10,6.953,5.1911,1.7619,1.8797
1996-07-11,6.9201,5.1784,1.7417,1.8975
1996-07-12,6.8841,5.1585,1.7256,1.8151
1996-07-15,6.8948,5.1643,1.7305,1.8139
1996-07-16,6.8581,5.1448,1.7133,1.8697
1996-07-17,6.839,5.1341,1.7049,1.7909
1996-07-18,6.7467,5.0885,1.6582,1.7102
1996-07-19,6.7783,5.1076,1.6707,1.8037
1996-07-22,6.8251,5.1324,1.6927,1.7736
1996-07-23,6.8155,5.129,1.6865,1.7702
1996-07-24,6.8475,5.1452,1.7023,1.7904
1996-07-25,6.8515,5.1461,1.7054,1.796
1996-07-26,6.8435,5.1415,1.702,1.7803
1996-07-29,6.8928,5.1695,1.7233,1.8135
1996-07-30,6.8764,5.1604,1.716,1.7605
1996-07-31,6.8102,5.1266,1.6836,1.7393
1996-08-01,6.6833,5.0601,1.6232,1.6896
1996-08-02,6.5451,4.988,1.5571,1.6406
1996-08-05,6.528,4.9764,1.5516,1.6068
1996-08-06,6.5459,4.9853,1.5606,1.606
1996-08-07,6.5526,4.9881,1.5645,1.5874
1996-08-08,6.5577,4.9879,1.5698,1.6137
1996-08-09,6.5167,4.9666,1.5501,1.593
1996-08-12,6.5031,4.9601,1.543,1.6087
1996-08-13,6.5607,4.9889,1.5718,1.6545
1996-08-14,6.5813,4.9981,1.5832,1.6569
1996-08-15,6.6179,5.018,1.5999,1.6958
1996-08-16,6.5813,4.9998,1.5815,1.6586
1996-08-19,6.5999,5.01,1.5899,1.6826
1996-08-20,6.6031,5.0113,1.5918,1.6705
1996-08-21,6.6204,5.0167,1.6037,1.7164
1996-08-22,6.6372,5.0219,1.6153,1.721
1996-08-23,6.7172,5.0593,1.6579,1.743
1996-08-27,6.7934,5.0986,1.6948,1.8107
1996-08-28,6.8159,5.1098,1.7061,1.8596
1996-08-29,6.8634,5.1356,1.7278,1.8635
1996-08-30,6.9619,5.1894,1.7725,1.9459
1996-09-03,6.9579,5.1934,1.7645,1.8634
1996-09-04,6.966,5.2013,1.7647,1.8701
1996-09-05,6.9931,5.218,1.7751,1.9568
1996-09-06,6.9746,5.2094,1.7652,1.9521
1996-09-09,6.9377,5.1882,1.7495,1.9108
1996-09-10,6.9628,5.2011,1.7617,1.9687
1996-09-11,6.974,5.2065,1.7675,1.9286
1996-09-12,6.9284,5.1822,1.7462,1.9222
1996-09-13,6.8101,5.1168,1.6933,1.8753
1996-09-16,6.7866,5.1025,1.6841,1.8482
1996-09-17,6.844,5.1385,1.7055,1.8489
1996-09-18,6.8701,5.1532,1.7169,1.8426
1996-09-19,6.8716,5.1524,1.7192,1.8432
1996-09-20,6.884,5.1602,1.7238,1.8512
1996-09-23,6.8671,5.1539,1.7132,1.8442
1996-09-24,6.807,5.1136,1.6934,1.853
1996-09-25,6.7454,5.0706,1.6748,1.8006
1996-09-26,6.6963,5.035,1.6613,1.7707
1996-09-27,6.7097,5.0372,1.6725,1.8026
1996-09-30,6.7437,5.0514,1.6923,1.8121
1996-10-01,6.6985,5.0359,1.6626,1.7886
1996-10-02,6.6514,5.0115,1.6399,1.7794
1996-10-03,6.6437,5.0086,1.6351,1.7766
1996-10-04,6.537,4.9547,1.5823,1.7178
1996-10-07,6.5518,4.9669,1.5849,1.734
1996-10-08,6.5677,4.9816,1.5861,1.7289
1996-10-09,6.6059,5.0036,1.6023,1.7393
1996-10-10,6.6618,5.0348,1.627,1.7805
1996-10-11,6.61,5.0095,1.6005,1.7362
1996-10-15,6.6051,5.0105,1.5946,1.7445
1996-10-16,6.6144,5.0163,1.5981,1.7197
1996-10-17,6.5656,4.991,1.5746,1.6825
1996-10-18,6.5491,4.9828,1.5663,1.6551
1996-10-21,6.5608,4.9904,1.5704,1.6609
1996-10-22,6.5924,5.0086,1.5838,1.6836
1996-10-23,6.5899,5.0063,1.5836,1.6708
1996-10-24,6.5992,5.0105,1.5887,1.6981
1996-10-25,6.5798,5.001,1.5788,1.6808
1996-10-28,6.5859,5.008,1.5779,1.6738
1996-10-29,6.4678,4.9504,1.5174,1.6154
1996-10-30,6.4464,4.9417,1.5047,1.6101
1996-10-31,6.4212,4.9323,1.4889,1.5916
1996-11-01,6.423,4.935,1.488,1.5885
1996-11-04,6.4077,4.928,1.4797,1.5696
1996-11-05,6.3483,4.9002,1.4481,1.5033
1996-11-06,6.3435,4.8991,1.4444,1.5095
1996-11-07,6.2974,4.8761,1.4213,1.4357
1996-11-08,6.3129,4.8843,1.4286,1.4671
1996-11-12,6.2622,4.8597,1.4025,1.4084
1996-11-13,6.2589,4.8589,1.4,1.4311
1996-11-14,6.382,4.9164,1.4656,1.6021
1996-11-15,6.2776,4.8653,1.4123,1.4576
1996-11-18,6.2633,4.8601,1.4032,1.4604
1996-11-19,6.2353,4.848,1.3873,1.4311
1996-11-20,6.2041,4.8339,1.3702,1.3895
1996-11-21,6.2016,4.8335,1.3681,1.3823
1996-11-22,6.2033,4.8342,1.3691,1.3926
1996-11-25,6.1877,4.8258,1.3619,1.389
1996-11-26,6.183,4.8234,1.3596,1.4067
1996-11-27,6.1881,4.825,1.3631,1.4196
1996-11-29,6.1238,4.7923,1.3315,1.3574
1996-12-02,6.1204,4.7871,1.3333,1.3609
1996-12-03,6.1054,4.7752,1.3302,1.3527
1996-12-04,6.1434,4.7884,1.355,1.3897
1996-12-05,6.2355,4.8305,1.405,1.516
1996-12-06,6.2846,4.8513,1.4333,1.5341
1996-12-09,6.2598,4.834,1.4258,1.5256
1996-12-10,6.26,4.8288,1.4312,1.4694
1996-12-11,6.3772,4.8819,1.4953,1.5636
1996-12-12,6.4177,4.8978,1.5199,1.6126
1996-12-13,6.3727,4.8716,1.5011,1.5952
1996-12-16,6.4061,4.8904,1.5157,1.6142
1996-12-17,6.4353,4.9073,1.528,1.572
1996-12-18,6.4674,4.925,1.5424,1.5731
1996-12-19,6.3917,4.8869,1.5048,1.4892
1996-12-20,6.371,4.8775,1.4935,1.4778
1996-12-23,6.3606,4.8784,1.4822,1.4451
1996-12-24,6.3596,4.8797,1.4799,1.4485
1996-12-26,6.3587,4.8804,1.4783,1.4515
1996-12-27,6.3241,4.8657,1.4584,1.4174
1996-12-30,6.3215,4.8697,1.4518,1.4286
1996-12-31,6.4137,4.9204,1.4933,1.5006
1997-01-02,6.518,4.9725,1.5455,1.6033
1997-01-03,6.5245,4.9743,1.5502,1.5828
1997-01-06,6.5455,4.9842,1.5613,1.6137
1997-01-07,6.5711,4.9943,1.5768,1.6331
1997-01-08,6.5981,5.0058,1.5923,1.6424
1997-01-09,6.5427,4.9753,1.5674,1.5923
1997-01-10,6.621,5.0151,1.6059,1.6443
1997-01-13,6.6318,5.0189,1.6129,1.6324
1997-01-14,6.559,4.9834,1.5756,1.5683
1997-01-15,6.5441,4.9756,1.5685,1.5944
1997-01-16,6.5732,4.9896,1.5836,1.6352
1997-01-17,6.5697,4.9877,1.582,1.6135
1997-01-21,6.5389,4.9724,1.5665,1.566
1997-01-22,6.561,4.986,1.575,1.6074
1997-01-23,6.5944,5.0034,1.591,1.6088
1997-01-24,6.6294,5.0192,1.6102,1.6736
1997-01-27,6.6716,5.0412,1.6304,1.7142
1997-01-28,6.6506,5.0294,1.6212,1.6791
1997-01-29,6.6414,5.0243,1.6171,1.6621
1997-01-30,6.6241,5.0169,1.6072,1.6567
1997-01-31,6.5535,4.9816,1.5719,1.604
1997-02-03,6.4966,4.952,1.5446,1.5817
1997-02-04,6.4719,4.9405,1.5314,1.5702
1997-02-05,6.4883,4.9504,1.5379,1.5935
1997-02-06,6.4987,4.9567,1.542,1.592
1997-02-07,6.4605,4.9384,1.5221,1.5727
1997-02-10,6.4464,4.9326,1.5138,1.5587
1997-02-11,6.4456,4.9336,1.512,1.5523
1997-02-13,6.3895,4.9035,1.486,1.4877
1997-02-14,6.3352,4.873,1.4622,1.4475
1997-02-18,6.3335,4.8719,1.4616,1.4657
1997-02-19,6.3476,4.8803,1.4673,1.4837
1997-02-20,6.409,4.9089,1.5001,1.5386
1997-02-21,6.4101,4.9078,1.5023,1.5262
1997-02-24,6.4336,4.9206,1.513,1.5435
1997-02-25,6.4434,4.9255,1.5179,1.5314
1997-02-26,6.5742,4.9948,1.5794,1.6019
1997-02-27,6.6126,5.0155,1.5971,1.5833
1997-02-28,6.613,5.0176,1.5954,1.5606
1997-03-03,6.6267,5.025,1.6017,1.5937
1997-03-04,6.6493,5.0377,1.6116,1.619
1997-03-05,6.6516,5.0373,1.6143,1.6205
1997-03-06,6.6746,5.0494,1.6252,1.6505
1997-03-07,6.6359,5.029,1.6069,1.6103
1997-03-10,6.6299,5.0248,1.6051,1.6083
1997-03-11,6.6326,5.0242,1.6084,1.6252
1997-03-12,6.6585,5.0374,1.6211,1.6404
1997-03-13,6.7551,5.0883,1.6668,1.6916
1997-03-14,6.7566,5.0881,1.6685,1.6884
1997-03-17,6.7707,5.0977,1.673,1.6834
1997-03-18,6.7749,5.1006,1.6743,1.6744
1997-03-19,6.7904,5.1112,1.6792,1.6838
1997-03-20,6.7969,5.1193,1.6776,1.6299
1997-03-21,6.7961,5.1262,1.6699,1.6186
1997-03-24,6.7738,5.1179,1.6559,1.6035
1997-03-25,6.7849,5.128,1.6569,1.5756
1997-03-26,6.821,5.1414,1.6796,1.6202
1997-03-27,6.9113,5.1828,1.7285,1.7387
1997-03-31,6.9416,5.192,1.7496,1.7474
1997-04-01,6.9302,5.181,1.7492,1.7676
1997-04-02,6.916,5.17,1.746,1.7344
1997-04-03,6.9048,5.1601,1.7447,1.7406
1997-04-04,6.9465,5.1797,1.7668,1.7574
1997-04-07,6.9124,5.1624,1.75,1.7033
1997-04-08,6.9282,5.1676,1.7606,1.7334
1997-04-09,6.9315,5.1677,1.7638,1.7434
1997-04-10,6.9351,5.1723,1.7628,1.729
1997-04-11,6.9889,5.2013,1.7876,1.7711
1997-04-14,6.9964,5.2048,1.7916,1.751
1997-04-15,6.9209,5.1675,1.7534,1.6709
1997-04-16,6.9177,5.1652,1.7525,1.6792
1997-04-17,6.8836,5.1491,1.7345,1.6589
1997-04-18,6.8616,5.1389,1.7227,1.6695
1997-04-21,6.8862,5.1514,1.7348,1.7031
1997-04-22,6.87,5.1465,1.7235,1.7028
1997-04-23,6.9018,5.1648,1.737,1.7166
1997-04-24,6.9435,5.1832,1.7603,1.7278
1997-04-25,6.962,5.1906,1.7714,1.7159
1997-04-28,6.9447,5.1828,1.7619,1.6944
1997-04-29,6.8234,5.1219,1.7015,1.6614
1997-04-30,6.7576,5.089,1.6686,1.6482
1997-05-01,6.729,5.0744,1.6546,1.6657
1997-05-02,6.7115,5.0663,1.6452,1.6316
1997-05-05,6.6999,5.0568,1.6431,1.5774
1997-05-06,6.6952,5.0555,1.6397,1.5549
1997-05-07,6.7547,5.0827,1.672,1.6129
1997-05-08,6.7329,5.0695,1.6634,1.597
1997-05-09,6.6836,5.0411,1.6425,1.5944
1997-05-12,6.6644,5.0296,1.6348,1.5933
1997-05-13,6.716,5.0598,1.6562,1.5795
1997-05-14,6.6976,5.0496,1.648,1.6112
1997-05-15,6.6821,5.0383,1.6438,1.6241
1997-05-16,6.7035,5.052,1.6515,1.6341
1997-05-19,6.7109,5.0643,1.6466,1.5751
1997-05-20,6.7009,5.0673,1.6336,1.6099
1997-05-21,6.7279,5.0687,1.6592,1.6802
1997-05-22,6.7615,5.081,1.6805,1.6856
1997-05-23,6.7295,5.0625,1.667,1.6643
1997-05-27,6.7855,5.0862,1.6993,1.6763
1997-05-28,6.8057,5.0956,1.7101,1.698
1997-05-29,6.7739,5.0697,1.7042,1.6701
1997-05-30,6.7039,5.026,1.6779,1.6542
1997-06-02,6.6822,5.0089,1.6733,1.6608
1997-06-03,6.6521,4.994,1.6581,1.6367
1997-06-04,6.6383,4.9922,1.6461,1.5973
1997-06-05,6.632,4.9923,1.6397,1.5646
1997-06-06,6.5466,4.9504,1.5962,1.4768
1997-06-09,6.5669,4.9607,1.6062,1.5101
1997-06-10,6.5872,4.9705,1.6167,1.5217
1997-06-11,6.5859,4.9649,1.621,1.5311
1997-06-12,6.5208,4.9293,1.5915,1.5216
1997-06-13,6.4739,4.9069,1.567,1.4951
1997-06-16,6.4443,4.892,1.5523,1.4718
1997-06-17,6.4601,4.9034,1.5567,1.4904
1997-06-18,6.4445,4.8964,1.5481,1.4693
1997-06-19,6.4433,4.8998,1.5435,1.4645
1997-06-20,6.4198,4.8897,1.5301,1.4405
1997-06-23,6.4411,4.9079,1.5332,1.4546
1997-06-24,6.4483,4.9082,1.5401,1.4582
1997-06-25,6.4783,4.9203,1.558,1.5001
1997-06-26,6.5244,4.9457,1.5787,1.5368
1997-06-27,6.5371,4.9529,1.5842,1.5409
1997-06-30,6.5587,4.9669,1.5918,1.5292
1997-07-01,6.5133,4.948,1.5653,1.4893
1997-07-02,6.4841,4.9384,1.5457,1.4653
1997-07-03,6.3899,4.8904,1.4995,1.3982
1997-07-07,6.3404,4.8628,1.4776,1.3593
1997-07-08,6.3362,4.8634,1.4728,1.3663
1997-07-09,6.3128,4.8531,1.4597,1.3509
1997-07-10,6.313,4.8568,1.4562,1.3639
1997-07-11,6.2941,4.8481,1.446,1.3313
1997-07-14,6.3087,4.8577,1.451,1.3295
1997-07-15,6.3102,4.8626,1.4476,1.3326
1997-07-16,6.2635,4.84,1.4235,1.2817
1997-07-17,6.2546,4.8373,1.4173,1.2856
1997-07-18,6.2891,4.8596,1.4295,1.3305
1997-07-21,6.3147,4.8774,1.4373,1.3277
1997-07-22,6.2332,4.8352,1.398,1.2542
1997-07-23,6.2074,4.8229,1.3845,1.2526
1997-07-24,6.2083,4.8259,1.3824,1.2638
1997-07-25,6.2278,4.8379,1.3899,1.2836
1997-07-28,6.2192,4.8345,1.3847,1.2721
1997-07-29,6.1656,4.8098,1.3558,1.2322
1997-07-30,6.1268,4.7933,1.3335,1.2282
1997-07-31,6.0891,4.7777,1.3114,1.211
1997-08-01,6.2219,4.8466,1.3753,1.3045
1997-08-04,6.2689,4.8696,1.3993,1.288
1997-08-05,6.2856,4.8786,1.407,1.2918
1997-08-06,6.276,4.8742,1.4018,1.2758
1997-08-07,6.2763,4.8758,1.4005,1.2883
1997-08-08,6.4019,4.9359,1.466,1.4601
1997-08-11,6.4237,4.9472,1.4765,1.4717
1997-08-12,6.4563,4.9633,1.493,1.4862
1997-08-13,6.4418,4.9565,1.4853,1.4694
1997-08-14,6.3831,4.9299,1.4532,1.4098
1997-08-15,6.3674,4.9209,1.4465,1.4464
1997-08-18,6.3257,4.8993,1.4264,1.415
1997-08-19,6.3241,4.8968,1.4273,1.3932
1997-08-20,6.3411,4.9035,1.4376,1.3971
1997-08-21,6.3876,4.9261,1.4615,1.4381
1997-08-22,6.4466,4.9512,1.4954,1.5031
1997-08-25,6.4787,4.9689,1.5098,1.5048
1997-08-26,6.4783,4.9684,1.5099,1.5298
1997-08-27,6.4793,4.9685,1.5108,1.49
1997-08-28,6.4111,4.9325,1.4786,1.4136
1997-08-29,6.4272,4.9394,1.4878,1.4584
1997-09-02,6.4023,4.9234,1.4789,1.4374
1997-09-03,6.4139,4.9238,1.4901,1.4651
1997-09-04,6.4229,4.9247,1.4982,1.4731
1997-09-05,6.4476,4.9356,1.512,1.5196
1997-09-08,6.4313,4.9266,1.5047,1.4807
1997-09-09,6.4317,4.925,1.5067,1.4965
1997-09-10,6.4515,4.9304,1.5211,1.5278
1997-09-11,6.4717,4.939,1.5327,1.5571
1997-09-12,6.4021,4.9021,1.5,1.5004
1997-09-15,6.3807,4.8934,1.4873,1.4801
1997-09-16,6.2385,4.8227,1.4158,1.3433
1997-09-17,6.1993,4.8054,1.3939,1.348
1997-09-18,6.2,4.8052,1.3948,1.3286
1997-09-19,6.1856,4.7954,1.3902,1.3138
1997-09-22,6.1577,4.7782,1.3795,1.2859
1997-09-23,6.1762,4.7821,1.3941,1.3125
1997-09-24,6.1411,4.7556,1.3855,1.2841
1997-09-25,6.2005,4.778,1.4225,1.3575
1997-09-26,6.1805,4.7682,1.4123,1.3025
1997-09-29,6.1818,4.7691,1.4127,1.3302
1997-09-30,6.1968,4.7848,1.412,1.3345
1997-10-01,6.1388,4.7639,1.3749,1.2894
1997-10-02,6.1072,4.7506,1.3566,1.2654
1997-10-03,6.095,4.743,1.352,1.2757
1997-10-06,6.0594,4.7241,1.3353,1.2764
1997-10-07,6.0339,4.7136,1.3203,1.2527
1997-10-08,6.1355,4.7672,1.3683,1.3445
1997-10-09,6.1693,4.7887,1.3806,1.3387
1997-10-10,6.2241,4.8178,1.4063,1.3959
1997-10-14,6.1779,4.7938,1.3841,1.3238
1997-10-15,6.1939,4.8005,1.3934,1.3457
1997-10-16,6.1937,4.799,1.3947,1.3352
1997-10-17,6.2489,4.8229,1.426,1.351
1997-10-20,6.2422,4.8159,1.4263,1.3286
1997-10-21,6.2368,4.8151,1.4217,1.299
1997-10-22,6.2219,4.8152,1.4067,1.3024
1997-10-23,6.1414,4.7766,1.3648,1.2485
1997-10-24,6.105,4.7617,1.3433,1.2204
1997-10-27,6.0124,4.7131,1.2993,1.219
1997-10-28,6.0585,4.7477,1.3108,1.1959
1997-10-29,6.014,4.7269,1.2871,1.1581
1997-10-30,5.9585,4.6995,1.259,1.1084
1997-10-31,5.9441,4.6981,1.246,1.095
1997-11-03,5.9911,4.7281,1.263,1.1413
1997-11-04,6.0296,4.7489,1.2807,1.1548
1997-11-05,6.0329,4.7509,1.282,1.1213
1997-11-06,5.9992,4.737,1.2622,1.0816
1997-11-07,5.9917,4.7358,1.2559,1.061
1997-11-10,5.9966,4.7433,1.2533,1.0429
1997-11-12,5.9809,4.7353,1.2456,1.0512
1997-11-13,5.9616,4.7244,1.2372,1.0419
1997-11-14,5.9539,4.7194,1.2345,1.0259
1997-11-17,5.9385,4.7102,1.2283,1.0099
1997-11-18,5.932,4.7106,1.2214,0.9986
1997-11-19,5.8989,4.6944,1.2045,0.9437
1997-11-20,5.9088,4.6988,1.21,0.9504
1997-11-21,5.8883,4.6854,1.2029,0.9746
1997-11-24,5.917,4.7022,1.2148,0.98
1997-11-25,5.9163,4.7051,1.2112,0.9545
1997-11-26,5.9177,4.7026,1.2151,0.9251
1997-11-28,5.9129,4.695,1.2179,0.8934
1997-12-01,5.9116,4.6933,1.2183,0.9521
1997-12-02,5.9058,4.6891,1.2167,0.9394
1997-12-03,5.8811,4.6759,1.2052,0.9129
1997-12-04,5.8768,4.6746,1.2022,0.9352
1997-12-05,5.9354,4.708,1.2274,0.9364
1997-12-08,5.9837,4.7381,1.2456,0.9653
1997-12-09,5.9814,4.7337,1.2477,0.9725
1997-12-10,5.9451,4.7099,1.2352,0.9844
1997-12-11,5.8866,4.6774,1.2092,0.9566
1997-12-12,5.816,4.6395,1.1765,0.8849
1997-12-15,5.8313,4.6501,1.1812,0.9079
1997-12-16,5.8244,4.6484,1.176,0.8895
1997-12-17,5.8441,4.6608,1.1833,0.908
1997-12-18,5.8086,4.6442,1.1644,0.8566
1997-12-19,5.7805,4.6386,1.1419,0.8616
1997-12-22,5.7626,4.6422,1.1204,0.787
1997-12-23,5.7633,4.651,1.1123,0.8075
1997-12-24,5.7741,4.6548,1.1193,0.8343
1997-12-26,5.7767,4.652,1.1247,0.8001
1997-12-29,5.788,4.6593,1.1287,0.8223
1997-12-30,5.8221,4.6794,1.1427,0.867
1997-12-31,5.7937,4.6612,1.1325,0.8501
1998-01-02,5.7241,4.6222,1.1019,0.7855
1998-01-05,5.5989,4.552,1.0469,0.7594
1998-01-06,5.5577,4.5296,1.0281,0.7883
1998-01-07,5.596,4.5487,1.0473,0.8659
1998-01-08,5.5489,4.5185,1.0304,0.9058
1998-01-09,5.4859,4.4796,1.0063,0.955
1998-01-12,5.4859,4.4781,1.0078,0.8963
1998-01-13,5.5141,4.4993,1.0148,0.8905
1998-01-14,5.5507,4.5213,1.0294,0.9078
1998-01-15,5.5686,4.5283,1.0403,0.9246
1998-01-16,5.6219,4.5555,1.0664,0.9497
1998-01-20,5.6474,4.5672,1.0802,0.9512
1998-01-21,5.6278,4.5567,1.0711,0.9453
1998-01-22,5.6323,4.5592,1.0731,1.0394
1998-01-23,5.745,4.6183,1.1267,1.1151
1998-01-26,5.7283,4.6098,1.1185,1.0355
1998-01-27,5.7726,4.6374,1.1352,1.0192
1998-01-28,5.7744,4.64,1.1344,1.0171
1998-01-29,5.6765,4.5899,1.0866,0.9518
1998-01-30,5.6329,4.5693,1.0636,0.9629
1998-02-02,5.6558,4.5835,1.0723,0.9913
1998-02-03,5.6566,4.5891,1.0675,1.0071
1998-02-04,5.6541,4.5801,1.074,1.0315
1998-02-05,5.7076,4.6037,1.1039,1.0939
1998-02-06,5.7198,4.6103,1.1095,1.047
1998-02-09,5.7446,4.62,1.1246,1.0497
1998-02-10,5.7364,4.618,1.1184,1.0304
1998-02-11,5.6869,4.5951,1.0918,0.9492
1998-02-12,5.6763,4.5907,1.0856,0.9645
1998-02-13,5.6468,4.5776,1.0692,0.9508
1998-02-17,5.6069,4.5555,1.0514,0.9041
1998-02-18,5.6297,4.5699,1.0598,0.9334
1998-02-19,5.6484,4.5809,1.0675,0.9456
1998-02-20,5.6675,4.5904,1.0771,0.9587
1998-02-23,5.7049,4.6123,1.0926,0.9588
1998-02-24,5.8063,4.6614,1.1449,1.0046
1998-02-25,5.7696,4.6434,1.1262,0.9107
1998-02-26,5.7763,4.6484,1.1279,0.9145
1998-02-27,5.7547,4.6376,1.1171,0.9003
1998-03-02,5.8162,4.667,1.1492,0.989
1998-03-03,5.8724,4.6881,1.1843,1.0284
1998-03-04,5.8731,4.6799,1.1932,0.9958
1998-03-05,5.8921,4.6826,1.2095,1.059
1998-03-06,5.8577,4.6607,1.197,1.0231
1998-03-09,5.8129,4.6373,1.1756,0.9768
1998-03-10,5.7986,4.6249,1.1737,0.9681
1998-03-11,5.7648,4.6052,1.1596,0.9417
1998-03-12,5.7052,4.573,1.1322,0.8806
1998-03-13,5.7012,4.5709,1.1303,0.9035
1998-03-16,5.6757,4.5588,1.1169,0.8895
1998-03-17,5.6828,4.5666,1.1162,0.9015
1998-03-18,5.6969,4.5774,1.1195,0.9095
1998-03-19,5.7019,4.5824,1.1195,0.8984
1998-03-20,5.6936,4.5797,1.1139,0.8815
1998-03-23,5.6889,4.5767,1.1122,0.8726
1998-03-24,5.6881,4.5741,1.114,0.856
1998-03-25,5.7317,4.5927,1.139,0.8703
1998-03-26,5.7702,4.6112,1.159,0.8679
1998-03-27,5.7825,4.6154,1.1671,0.8586
1998-03-30,5.8094,4.6288,1.1806,0.893
1998-03-31,5.7727,4.6095,1.1632,0.8861
1998-04-01,5.7264,4.5832,1.1432,0.8625
1998-04-02,5.6799,4.5577,1.1222,0.8365
1998-04-03,5.5988,4.5157,1.0831,0.8213
1998-04-06,5.6141,4.5256,1.0885,0.8246
1998-04-07,5.6298,4.5315,1.0983,0.8417
1998-04-08,5.6699,4.5497,1.1202,0.8944
1998-04-09,5.6818,4.555,1.1268,0.8609
1998-04-13,5.7417,4.5933,1.1484,0.8876
1998-04-14,5.7238,4.5874,1.1364,0.8833
1998-04-15,5.7059,4.5752,1.1307,0.9161
1998-04-16,5.69,4.5627,1.1273,0.926
1998-04-17,5.6913,4.5613,1.13,0.9329
1998-04-20,5.7298,4.5784,1.1514,0.9766
1998-04-21,5.7673,4.5956,1.1717,0.9962
1998-04-22,5.7771,4.6005,1.1766,1.0083
1998-04-23,5.7862,4.6053,1.1809,1.0041
1998-04-24,5.7707,4.5975,1.1732,0.9716
1998-04-27,5.8711,4.6474,1.2237,1.0596
1998-04-28,5.894,4.6571,1.2369,1.0798
1998-04-29,5.9068,4.6618,1.245,1.0817
1998-04-30,5.8114,4.6087,1.2027,1.0291
1998-05-01,5.7809,4.5936,1.1873,0.9922
1998-05-04,5.7737,4.592,1.1817,0.9811
1998-05-05,5.7952,4.6089,1.1863,1.0093
1998-05-06,5.7672,4.5996,1.1676,1.0087
1998-05-07,5.7703,4.6046,1.1657,1.0333
1998-05-08,5.7994,4.6227,1.1767,1.0303
1998-05-11,5.8597,4.6534,1.2063,1.0679
1998-05-12,5.8109,4.6298,1.1811,0.9819
1998-05-13,5.782,4.6171,1.1649,0.9488
1998-05-14,5.7984,4.629,1.1694,0.9686
1998-05-15,5.7981,4.6299,1.1682,0.9389
1998-05-18,5.7609,4.6133,1.1476,0.8744
1998-05-19,5.7701,4.6218,1.1483,0.9552
1998-05-20,5.7389,4.6079,1.131,0.8975
1998-05-21,5.7651,4.6248,1.1403,0.8685
1998-05-22,5.7538,4.6184,1.1354,0.8391
1998-05-26,5.7163,4.595,1.1213,0.8564
1998-05-27,5.6885,4.5753,1.1132,0.8775
1998-05-28,5.691,4.5711,1.1199,0.839
1998-05-29,5.6868,4.5633,1.1235,0.8842
1998-06-01,5.6652,4.5457,1.1195,0.8666
1998-06-02,5.6804,4.5564,1.124,0.8776
1998-06-03,5.6901,4.5656,1.1245,0.8564
1998-06-04,5.7077,4.5749,1.1328,0.8816
1998-06-05,5.7021,4.5728,1.1293,0.8362
1998-06-08,5.698,4.5728,1.1252,0.8326
1998-06-09,5.6978,4.5773,1.1205,0.8339
1998-06-10,5.6413,4.5499,1.0914,0.7576
1998-06-11,5.5637,4.5097,1.054,0.7503
1998-06-12,5.5392,4.4982,1.041,0.7719
1998-06-15,5.5104,4.4847,1.0257,0.725
1998-06-16,5.5579,4.5135,1.0444,0.7522
1998-06-17,5.6359,4.5565,1.0794,0.8188
1998-06-18,5.6246,4.5502,1.0744,0.7888
1998-06-19,5.5984,4.5349,1.0635,0.7827
1998-06-22,5.5924,4.5298,1.0626,0.7606
1998-06-23,5.5725,4.5165,1.056,0.7315
1998-06-24,5.576,4.5113,1.0647,0.7569
1998-06-25,5.5827,4.5085,1.0742,0.7486
1998-06-26,5.5675,4.4946,1.0729,0.6947
1998-06-29,5.5768,4.4971,1.0797,0.74
1998-06-30,5.5519,4.4862,1.0657,0.7147
1998-07-01,5.537,4.4795,1.0575,0.7556
1998-07-02,5.5132,4.4655,1.0477,0.6929
1998-07-06,5.4933,4.4549,1.0384,0.6912
1998-07-07,5.5058,4.4639,1.0419,0.6764
1998-07-08,5.5183,4.4724,1.0459,0.698
1998-07-09,5.4996,4.4632,1.0364,0.691
1998-07-10,5.5022,4.4641,1.0381,0.707
1998-07-13,5.5416,4.4859,1.0557,0.7371
1998-07-14,5.5691,4.5041,1.065,0.7668
1998-07-15,5.5727,4.5069,1.0658,0.7682
1998-07-16,5.5927,4.5195,1.0732,0.7829
1998-07-17,5.6103,4.5288,1.0815,0.8152
1998-07-20,5.5903,4.5194,1.0709,0.7702
1998-07-21,5.5642,4.5044,1.0598,0.7088
1998-07-22,5.5641,4.5012,1.0629,0.7353
1998-07-23,5.5512,4.4942,1.057,0.7074
1998-07-24,5.5537,4.4941,1.0596,0.7059
1998-07-27,5.5656,4.4996,1.066,0.7383
1998-07-28,5.5864,4.5069,1.0795,0.7844
1998-07-29,5.6103,4.5171,1.0932,0.779
1998-07-30,5.6011,4.5113,1.0898,0.7529
1998-07-31,5.5968,4.51,1.0868,0.7457
1998-08-03,5.5544,4.49,1.0644,0.6957
1998-08-04,5.5275,4.4794,1.0481,0.6859
1998-08-05,5.5167,4.474,1.0427,0.7068
1998-08-06,5.5216,4.4736,1.048,0.7301
1998-08-07,5.487,4.4521,1.0349,0.7044
1998-08-10,5.488,4.4499,1.0381,0.7025
1998-08-11,5.4619,4.4384,1.0235,0.7018
1998-08-12,5.4691,4.4427,1.0264,0.7074
1998-08-13,5.499,4.4593,1.0397,0.7082
1998-08-14,5.4735,4.4452,1.0283,0.6743
1998-08-17,5.466,4.4453,1.0207,0.6993
1998-08-18,5.472,4.4509,1.0211,0.6952
1998-08-19,5.475,4.454,1.021,0.7047
1998-08-20,5.4477,4.4393,1.0084,0.6601
1998-08-21,5.3914,4.4089,0.9825,0.6597
1998-08-24,5.3638,4.4011,0.9627,0.6888
1998-08-25,5.3247,4.3869,0.9378,0.6819
1998-08-26,5.3262,4.3901,0.9361,0.8026
1998-08-27,5.2429,4.3464,0.8965,0.7068
1998-08-28,5.2158,4.3261,0.8897,0.7113
1998-08-31,5.183,4.3057,0.8773,0.6552
1998-09-01,5.1874,4.3076,0.8798,0.7179
1998-09-02,5.2194,4.3229,0.8965,0.6843
1998-09-03,5.1834,4.2998,0.8836,0.6466
1998-09-04,5.1617,4.2887,0.873,0.625
1998-09-08,5.1709,4.2935,0.8774,0.7151
1998-09-09,5.0939,4.2568,0.8371,0.7275
1998-09-10,4.943,4.1772,0.7658,0.7511
1998-09-11,4.9897,4.2087,0.781,0.7294
1998-09-14,5.009,4.2229,0.7861,0.7316
1998-09-15,5.0331,4.2327,0.8004,0.7626
1998-09-16,5.0215,4.2222,0.7993,0.7034
1998-09-17,4.9626,4.1871,0.7755,0.6925
1998-09-18,4.8936,4.1455,0.7481,0.6948
1998-09-21,4.879,4.1399,0.7391,0.6474
1998-09-22,4.9034,4.1594,0.744,0.6354
1998-09-23,4.8585,4.1267,0.7318,0.671
1998-09-24,4.8182,4.0913,0.7269,0.6983
1998-09-25,4.7969,4.0706,0.7263,0.6904
1998-09-28,4.8055,4.07,0.7355,0.7063
1998-09-29,4.7945,4.0682,0.7263,0.645
1998-09-30,4.6741,3.998,0.6761,0.6272
1998-10-01,4.5612,3.9272,0.634,0.6354
1998-10-02,4.5356,3.9069,0.6287,0.5718
1998-10-05,4.4332,3.8497,0.5835,0.5352
1998-10-06,4.4761,3.8684,0.6077,0.5525
1998-10-07,4.5627,3.9041,0.6586,0.6723
1998-10-08,4.7362,3.9601,0.7761,0.9212
1998-10-09,4.9428,4.0406,0.9022,1.1309
1998-10-13,4.9832,4.0555,0.9277,1.1417
1998-10-14,4.8924,4.0179,0.8745,0.9941
1998-10-15,4.883,4.0281,0.8549,0.992
1998-10-16,4.7395,3.9229,0.8166,1.0566
1998-10-19,4.7422,3.9249,0.8173,1.0957
1998-10-20,4.8173,3.9718,0.8455,1.1604
1998-10-21,4.8567,3.9999,0.8568,1.1095
1998-10-22,4.8883,4.0195,0.8688,1.1174
1998-10-23,4.9514,4.0514,0.9,1.1285
1998-10-26,4.948,4.059,0.889,0.9876
1998-10-27,4.8659,4.02,0.8459,0.9783
1998-10-28,4.8215,4.0188,0.8027,1.0111
1998-10-29,4.7744,4.0128,0.7616,0.9894
1998-10-30,4.8376,4.0548,0.7828,0.9922
1998-11-02,4.9577,4.1289,0.8288,1.0206
1998-11-03,4.9672,4.1438,0.8234,1.0066
1998-11-04,5.0695,4.2035,0.866,0.9825
1998-11-05,5.0835,4.2166,0.8669,0.9524
1998-11-06,5.1743,4.2672,0.9071,0.9907
1998-11-09,5.1319,4.247,0.8849,0.8704
1998-11-10,5.0783,4.2137,0.8646,0.8531
1998-11-12,5.0364,4.1847,0.8517,0.8494
1998-11-13,5.0549,4.1929,0.862,0.838
1998-11-16,5.0744,4.2,0.8744,0.859
1998-11-17,5.0908,4.1978,0.893,0.9049
1998-11-18,5.0739,4.1844,0.8895,0.8005
1998-11-19,5.0941,4.1926,0.9015,0.7899
1998-11-20,5.0665,4.1784,0.8881,0.7534
1998-11-23,5.0732,4.1896,0.8836,0.8373
1998-11-24,5.0851,4.2032,0.8819,0.7864
1998-11-25,5.0755,4.1987,0.8768,0.7621
1998-11-27,5.0509,4.1858,0.8651,0.7475
1998-11-30,4.9635,4.1432,0.8203,0.6857
1998-12-01,4.8924,4.1045,0.7879,0.747
1998-12-02,4.8118,4.0647,0.7471,0.7483
1998-12-03,4.7984,4.0574,0.741,0.7578
1998-12-04,4.8543,4.086,0.7683,0.7449
1998-12-07,4.9269,4.1234,0.8035,0.7319
1998-12-08,4.8729,4.0919,0.781,0.6875
1998-12-09,4.8275,4.0667,0.7608,0.6495
1998-12-10,4.7818,4.0469,0.7349,0.6492
1998-12-11,4.8362,4.0768,0.7594,0.7166
1998-12-14,4.8213,4.0722,0.7491,0.7174
1998-12-15,4.8623,4.0923,0.77,0.7431
1998-12-16,4.8316,4.074,0.7576,0.7414
1998-12-17,4.8408,4.0783,0.7625,0.7379
1998-12-18,4.8545,4.0869,0.7676,0.7235
1998-12-21,4.9155,4.1204,0.7951,0.7639
1998-12-22,4.969,4.1469,0.8221,0.837
1998-12-23,5.0734,4.2026,0.8708,0.8379
1998-12-24,5.1476,4.2388,0.9088,0.8427
1998-12-28,5.0962,4.2121,0.8841,0.7807
1998-12-29,5.0288,4.1797,0.8491,0.7362
1998-12-30,4.9864,4.1565,0.8299,0.766
1998-12-31,4.9822,4.1485,0.8337,0.7789
1999-01-04,4.9987,4.155,0.8437,0.8633
1999-01-05,5.0385,4.1723,0.8662,0.8833
1999-01-06,5.015,4.1573,0.8577,0.7988
1999-01-07,5.0471,4.1668,0.8803,0.9101
1999-01-08,5.1296,4.2065,0.9231,0.9725
1999-01-11,5.18,4.2324,0.9476,1.0089
1999-01-12,5.1398,4.2105,0.9293,0.9839
1999-01-13,5.0868,4.182,0.9048,0.948
1999-01-14,5.0006,4.138,0.8626,0.9374
1999-01-15,5.0219,4.1495,0.8724,0.9346
1999-01-19,5.0594,4.1638,0.8956,0.918
1999-01-20,5.094,4.1779,0.9161,0.9517
1999-01-21,5.0514,4.1512,0.9002,0.9147
1999-01-22,4.9918,4.1212,0.8706,0.8462
1999-01-25,4.9864,4.1226,0.8638,0.8627
1999-01-26,4.9958,4.1312,0.8646,0.8419
1999-01-27,4.985,4.1291,0.8559,0.856
1999-01-28,4.9634,4.1207,0.8427,0.8169
1999-01-29,4.9483,4.1153,0.833,0.8247
1999-02-01,5.0239,4.1568,0.8671,0.8977
1999-02-02,5.0838,4.1896,0.8942,0.9396
1999-02-03,5.125,4.2068,0.9182,0.9304
1999-02-04,5.1957,4.239,0.9567,0.9747
1999-02-05,5.2466,4.2639,0.9827,0.9891
1999-02-08,5.2459,4.2639,0.982,0.9996
1999-02-09,5.2208,4.252,0.9688,0.9657
1999-02-10,5.2181,4.2469,0.9712,0.9735
1999-02-11,5.2347,4.254,0.9807,0.9563
1999-02-12,5.3614,4.3173,1.0441,1.0914
1999-02-16,5.359,4.3133,1.0457,1.0062
1999-02-17,5.3169,4.2926,1.0243,0.9831
1999-02-18,5.3544,4.3118,1.0426,1.0219
1999-02-19,5.3791,4.3265,1.0526,1.0271
1999-02-22,5.3566,4.321,1.0356,1.0091
1999-02-23,5.4072,4.3506,1.0566,1.0318
1999-02-24,5.4798,4.3896,1.0902,1.0747
1999-02-25,5.5792,4.4342,1.145,1.1135
1999-02-26,5.5678,4.4283,1.1395,1.079
1999-03-01,5.6354,4.4624,1.173,1.1335
1999-03-02,5.6098,4.4489,1.1609,1.0872
1999-03-03,5.6362,4.459,1.1772,1.1786
1999-03-04,5.6665,4.4715,1.195,1.1877
1999-03-05,5.6267,4.452,1.1747,1.1603
1999-03-08,5.5991,4.4402,1.1589,1.1553
1999-03-09,5.5296,4.405,1.1246,1.1516
1999-03-10,5.5355,4.408,1.1275,1.147
1999-03-11,5.5445,4.4142,1.1303,1.1402
1999-03-12,5.5145,4.3993,1.1152,1.1313
1999-03-15,5.4929,4.3892,1.1037,1.1001
1999-03-16,5.4539,4.3691,1.0848,1.0626
1999-03-17,5.4685,4.3737,1.0948,1.0974
1999-03-18,5.4525,4.3619,1.0906,1.1043
1999-03-19,5.4967,4.381,1.1157,1.1458
1999-03-22,5.5354,4.3975,1.1379,1.1494
1999-03-23,5.5338,4.3903,1.1435,1.1733
1999-03-24,5.5093,4.3761,1.1332,1.1444
1999-03-25,5.5453,4.3933,1.152,1.2032
1999-03-26,5.5506,4.395,1.1556,1.2269
1999-03-29,5.5924,4.4149,1.1775,1.2589
1999-03-30,5.5547,4.3939,1.1608,1.2134
1999-03-31,5.5711,4.4027,1.1684,1.2496
1999-04-01,5.6006,4.4134,1.1872,1.2922
1999-04-05,5.5365,4.3786,1.1579,1.2306
1999-04-06,5.4701,4.3475,1.1226,1.1672
1999-04-07,5.4604,4.3437,1.1167,1.1503
1999-04-08,5.3726,4.3002,1.0724,1.084
1999-04-09,5.3618,4.2957,1.0661,1.0989
1999-04-12,5.354,4.2857,1.0683,1.0801
1999-04-13,5.389,4.2981,1.0909,1.1516
1999-04-14,5.4059,4.3018,1.1041,1.1503
1999-04-15,5.4362,4.3151,1.1211,1.1747
1999-04-16,5.4804,4.3369,1.1435,1.189
1999-04-19,5.4511,4.3229,1.1282,1.1937
1999-04-20,5.4258,4.314,1.1118,1.1722
1999-04-21,5.4287,4.3158,1.1129,1.1657
1999-04-22,5.5001,4.3536,1.1465,1.2201
1999-04-23,5.5068,4.3609,1.1459,1.2119
1999-04-26,5.488,4.3568,1.1312,1.1871
1999-04-27,5.4676,4.3381,1.1295,1.1557
1999-04-28,5.4914,4.359,1.1324,1.1475
1999-04-29,5.4429,4.3407,1.1022,1.1092
1999-04-30,5.5576,4.4034,1.1542,1.235
1999-05-03,5.594,4.4265,1.1675,1.2193
1999-05-04,5.6413,4.4555,1.1858,1.2692
1999-05-05,5.6332,4.4533,1.1799,1.2594
1999-05-06,5.723,4.4983,1.2247,1.315
1999-05-07,5.7692,4.5204,1.2488,1.3463
1999-05-10,5.762,4.5154,1.2466,1.3275
1999-05-11,5.805,4.5381,1.2669,1.3453
1999-05-12,5.8,4.5344,1.2656,1.3332
1999-05-13,5.7169,4.4935,1.2234,1.257
1999-05-14,5.8444,4.5591,1.2853,1.3962
1999-05-17,5.904,4.5928,1.3112,1.3632
1999-05-18,5.9353,4.6079,1.3274,1.3121
1999-05-19,5.8936,4.5833,1.3103,1.2418
1999-05-20,5.8947,4.5791,1.3156,1.2688
1999-05-21,5.8446,4.5521,1.2925,1.2451
1999-05-24,5.821,4.5429,1.2781,1.2567
1999-05-25,5.8187,4.5438,1.2749,1.2268
1999-05-26,5.8592,4.5649,1.2943,1.2511
1999-05-27,5.9244,4.5958,1.3286,1.2484
1999-06-01,6.0502,4.6595,1.3907,1.3113
1999-06-02,6.0715,4.6733,1.3982,1.3182
1999-06-03,6.0659,4.6669,1.399,1.3282
1999-06-04,6.0715,4.6617,1.4098,1.3435
1999-06-07,6.0639,4.6509,1.413,1.2945
1999-06-08,6.0757,4.6587,1.417,1.3287
1999-06-09,6.1014,4.6703,1.4311,1.3279
1999-06-10,6.1453,4.6955,1.4498,1.3758
1999-06-11,6.2273,4.7425,1.4848,1.4626
1999-06-14,6.2109,4.7357,1.4752,1.4249
1999-06-15,6.2031,4.7359,1.4672,1.4291
1999-06-16,6.1759,4.7198,1.4561,1.435
1999-06-17,6.0593,4.66,1.3993,1.3897
1999-06-18,6.076,4.6709,1.4051,1.3489
1999-06-21,6.1236,4.6974,1.4262,1.4137
1999-06-22,6.1675,4.7223,1.4452,1.4839
1999-06-23,6.2253,4.7513,1.474,1.5236
1999-06-24,6.2711,4.7734,1.4977,1.5321
1999-06-25,6.2651,4.7753,1.4898,1.5041
1999-06-28,6.213,4.7545,1.4585,1.4561
1999-06-29,6.1807,4.7454,1.4353,1.4573
1999-06-30,6.0739,4.693,1.3809,1.5129
1999-07-01,6.085,4.6929,1.3921,1.528
1999-07-02,6.0749,4.6838,1.3911,1.497
1999-07-06,6.1123,4.6958,1.4165,1.4981
1999-07-07,6.1416,4.6986,1.443,1.5022
1999-07-08,6.0957,4.6701,1.4256,1.4415
1999-07-09,6.0858,4.6634,1.4224,1.4327
1999-07-13,5.9857,4.615,1.3707,1.351
1999-07-14,5.9888,4.6168,1.372,1.3556
1999-07-15,5.9795,4.6106,1.3689,1.3612
1999-07-16,5.9457,4.5923,1.3534,1.3642
1999-07-19,5.9272,4.5818,1.3454,1.3742
1999-07-20,5.9107,4.5715,1.3392,1.3842
1999-07-22,6.0111,4.6181,1.393,1.4828
1999-07-23,6.0794,4.6517,1.4277,1.5073
1999-07-26,6.1094,4.6716,1.4378,1.4836
1999-07-27,6.084,4.662,1.422,1.4521
1999-07-28,6.0788,4.6627,1.4161,1.4254
1999-07-29,6.1403,4.6951,1.4452,1.4376
1999-07-30,6.1804,4.7175,1.4629,1.4871
1999-08-02,6.1966,4.7302,1.4664,1.4935
1999-08-03,6.2172,4.7506,1.4666,1.4678
1999-08-04,6.2158,4.7512,1.4646,1.5044
1999-08-05,6.1694,4.7272,1.4422,1.5136
1999-08-06,6.2841,4.787,1.4971,1.5427
1999-08-09,6.3832,4.845,1.5382,1.5687
1999-08-10,6.4202,4.87,1.5502,1.6076
1999-08-11,6.3959,4.8589,1.537,1.5981
1999-08-12,6.4082,4.8587,1.5495,1.6835
1999-08-13,6.3208,4.8092,1.5116,1.5994
1999-08-16,6.2997,4.7981,1.5016,1.623
1999-08-17,6.2253,4.7687,1.4566,1.5753
1999-08-18,6.1947,4.7516,1.4431,1.558
1999-08-19,6.2071,4.7566,1.4505,1.5878
1999-08-20,6.2018,4.7587,1.4431,1.548
1999-08-23,6.2003,4.7685,1.4318,1.5124
1999-08-24,6.1627,4.7596,1.4031,1.5238
1999-08-25,6.0664,4.7139,1.3525,1.4587
1999-08-26,6.0657,4.7153,1.3504,1.4292
1999-08-27,6.1378,4.7553,1.3825,1.4926
1999-08-30,6.236,4.8065,1.4295,1.5796
1999-08-31,6.2739,4.8269,1.447,1.6104
1999-09-01,6.2873,4.8342,1.4531,1.6318
1999-09-02,6.3229,4.8482,1.4747,1.7006
1999-09-03,6.239,4.8051,1.4339,1.6239
1999-09-07,6.2719,4.8155,1.4564,1.6891
1999-09-08,6.2652,4.81,1.4552,1.6849
1999-09-09,6.2971,4.8227,1.4744,1.7151
1999-09-10,6.2453,4.7912,1.4541,1.6697
1999-09-13,6.2532,4.7939,1.4593,1.7009
1999-09-14,6.2998,4.8191,1.4807,1.7664
1999-09-15,6.2841,4.8059,1.4782,1.7642
1999-09-16,6.2431,4.7789,1.4642,1.7099
1999-09-17,6.2104,4.7589,1.4515,1.6577
1999-09-20,6.2349,4.7692,1.4657,1.679
1999-09-21,6.2549,4.7825,1.4724,1.7017
1999-09-22,6.249,4.7843,1.4647,1.7044
1999-09-23,6.1934,4.7587,1.4347,1.6159
1999-09-24,6.0991,4.7111,1.388,1.5709
1999-09-27,6.1359,4.7305,1.4054,1.6146
1999-09-28,6.1943,4.7596,1.4347,1.6892
1999-09-29,6.2779,4.7987,1.4792,1.7273
1999-09-30,6.2347,4.7801,1.4546,1.6594
1999-10-01,6.3163,4.8216,1.4947,1.7617
1999-10-04,6.2898,4.8059,1.4839,1.7321
1999-10-05,6.3523,4.8406,1.5117,1.7755
1999-10-06,6.3747,4.8476,1.5271,1.7064
1999-10-07,6.3816,4.8506,1.531,1.6904
1999-10-08,6.3747,4.8446,1.5301,1.7332
1999-10-12,6.3946,4.8567,1.5379,1.7401
1999-10-13,6.4457,4.8904,1.5553,1.7987
1999-10-14,6.5014,4.924,1.5774,1.8368
1999-10-15,6.4492,4.9037,1.5455,1.8219
1999-10-18,6.465,4.9194,1.5456,1.8324
1999-10-19,6.5145,4.9536,1.5609,1.8677
1999-10-20,6.531,4.9668,1.5642,1.8466
1999-10-21,6.5499,4.9798,1.5701,1.9042
1999-10-22,6.5572,4.9809,1.5763,1.8708
1999-10-25,6.5661,4.9831,1.583,1.8464
1999-10-26,6.5782,4.9951,1.5831,1.8605
1999-10-27,6.5299,4.974,1.5559,1.7915
1999-10-28,6.453,4.9363,1.5167,1.7161
1999-10-29,6.3448,4.8835,1.4613,1.6104
1999-11-01,6.3464,4.8865,1.4599,1.634
1999-11-02,6.3178,4.8751,1.4427,1.5948
1999-11-03,6.2964,4.866,1.4304,1.6012
1999-11-04,6.247,4.8422,1.4048,1.5638
1999-11-05,6.2023,4.8236,1.3787,1.5062
1999-11-08,6.202,4.8295,1.3725,1.4808
1999-11-09,6.2122,4.838,1.3742,1.4685
1999-11-10,6.2353,4.8522,1.3831,1.4778
1999-11-12,6.1876,4.832,1.3556,1.4576
1999-11-15,6.1755,4.832,1.3435,1.4034
1999-11-16,6.1889,4.8422,1.3467,1.3752
1999-11-17,6.2488,4.8689,1.3799,1.4684
1999-11-18,6.2859,4.8852,1.4007,1.549
1999-11-19,6.2987,4.8889,1.4098,1.5147
1999-11-22,6.3247,4.9005,1.4242,1.5451
1999-11-23,6.3292,4.9054,1.4238,1.5587
1999-11-24,6.3308,4.91,1.4208,1.5673
1999-11-26,6.3555,4.9243,1.4312,1.5883
1999-11-29,6.4202,4.9596,1.4606,1.6414
1999-11-30,6.4041,4.9519,1.4522,1.6337
1999-12-01,6.4304,4.9637,1.4667,1.694
1999-12-02,6.4534,4.9721,1.4813,1.6952
1999-12-03,6.4038,4.9455,1.4583,1.6529
1999-12-06,6.3766,4.9316,1.445,1.6367
1999-12-07,6.3346,4.9107,1.4239,1.6128
1999-12-08,6.3518,4.9192,1.4326,1.6406
1999-12-09,6.3419,4.9166,1.4253,1.6059
1999-12-10,6.2831,4.8924,1.3907,1.5312
1999-12-13,6.2893,4.9057,1.3836,1.528
1999-12-14,6.3795,4.9563,1.4232,1.6098
1999-12-15,6.4267,4.9792,1.4475,1.6623
1999-12-16,6.4918,5.0138,1.478,1.7363
1999-12-17,6.5108,5.0278,1.483,1.7061
1999-12-20,6.5696,5.0679,1.5017,1.7761
1999-12-21,6.5969,5.0889,1.508,1.8005
1999-12-22,6.6093,5.0958,1.5135,1.7807
1999-12-23,6.6294,5.0988,1.5306,1.7986
1999-12-27,6.6241,5.0928,1.5313,1.766
1999-12-28,6.6455,5.0968,1.5487,1.7917
1999-12-29,6.6258,5.0712,1.5546,1.7774
1999-12-30,6.6122,5.0555,1.5567,1.7743
1999-12-31,6.6546,5.0783,1.5763,1.7808
2000-01-03,6.7423,5.1278,1.6145,1.7944
2000-01-04,6.6847,5.1012,1.5835,1.7775
2000-01-05,6.7569,5.1366,1.6203,1.8451
2000-01-06,6.7227,5.1159,1.6068,1.7715
2000-01-07,6.6827,5.0913,1.5914,1.7491
2000-01-10,6.7063,5.0998,1.6065,1.7347
2000-01-11,6.7755,5.1331,1.6424,1.7891
2000-01-12,6.8228,5.1566,1.6662,1.8043
2000-01-13,6.7521,5.1184,1.6337,1.7132
2000-01-14,6.7655,5.1234,1.6421,1.7032
2000-01-18,6.8056,5.1392,1.6664,1.7125
2000-01-19,6.7925,5.1296,1.6629,1.6802
2000-01-20,6.8201,5.1527,1.6674,1.6951
2000-01-21,6.8158,5.154,1.6618,1.6741
2000-01-24,6.7561,5.1279,1.6282,1.6187
2000-01-25,6.744,5.1282,1.6158,1.6415
2000-01-26,6.7306,5.1251,1.6055,1.5389
2000-01-27,6.7245,5.1231,1.6014,1.4213
2000-01-28,6.7018,5.1164,1.5854,1.2974
2000-01-31,6.7193,5.1305,1.5888,1.3403
2000-02-01,6.692,5.1211,1.5709,1.318
2000-02-02,6.6738,5.1097,1.5641,1.2654
2000-02-03,6.5892,5.0622,1.527,1.2439
2000-02-04,6.6034,5.0699,1.5335,1.1896
2000-02-07,6.6773,5.1021,1.5752,1.2247
2000-02-08,6.6428,5.0869,1.5559,1.0937
2000-02-09,6.6714,5.099,1.5724,1.2381
2000-02-10,6.7271,5.1258,1.6013,1.3422
2000-02-11,6.7147,5.1195,1.5952,1.3165
2000-02-14,6.6552,5.0902,1.565,1.239
2000-02-15,6.6684,5.1045,1.5639,1.2571
2000-02-16,6.6764,5.1118,1.5646,1.2838
2000-02-17,6.6955,5.1241,1.5714,1.2052
2000-02-18,6.6303,5.0943,1.536,1.1277
2000-02-22,6.5264,5.0472,1.4792,1.0678
2000-02-23,6.565,5.0712,1.4938,1.0785
2000-02-24,6.516,5.0504,1.4656,1.1002
2000-02-25,6.5045,5.0465,1.458,1.2157
2000-02-28,6.5203,5.058,1.4623,1.1865
2000-02-29,6.5584,5.0772,1.4812,1.1321
2000-03-01,6.5488,5.0712,1.4776,1.1698
2000-03-02,6.5433,5.0673,1.476,1.1041
2000-03-03,6.5282,5.0606,1.4676,1.055
2000-03-06,6.5516,5.0742,1.4774,1.0908
2000-03-07,6.539,5.0718,1.4672,1.1467
2000-03-08,6.5423,5.0771,1.4652,1.169
2000-03-09,6.5244,5.0693,1.4551,1.1657
2000-03-10,6.5592,5.091,1.4682,1.1764
2000-03-13,6.544,5.0875,1.4565,1.1808
2000-03-14,6.4983,5.0685,1.4298,1.1367
2000-03-15,6.4658,5.0533,1.4125,1.0717
2000-03-16,6.4298,5.0363,1.3935,1.0471
2000-03-17,6.3842,5.0157,1.3685,0.9809
2000-03-20,6.3659,5.0095,1.3564,0.9547
2000-03-21,6.3262,4.9906,1.3356,0.8943
2000-03-22,6.3125,4.9835,1.329,0.9229
2000-03-23,6.2811,4.9668,1.3143,0.8735
2000-03-24,6.3551,5.0025,1.3526,0.8955
2000-03-27,6.3649,5.0021,1.3628,0.8826
2000-03-28,6.3354,4.986,1.3494,0.9102
2000-03-29,6.3287,4.9831,1.3456,0.9276
2000-03-30,6.2399,4.9389,1.301,0.8603
2000-03-31,6.1936,4.9177,1.2759,0.8026
2000-04-03,6.1597,4.9004,1.2593,0.8143
2000-04-04,6.0685,4.8558,1.2127,0.8448
2000-04-05,6.0617,4.8566,1.2051,0.8286
2000-04-06,6.0785,4.8666,1.2119,0.7795
2000-04-07,6.0422,4.8504,1.1918,0.7091
2000-04-10,5.999,4.8298,1.1692,0.7786
2000-04-11,6.0618,4.86,1.2018,0.8594
2000-04-12,6.1401,4.8953,1.2448,0.9093
2000-04-13,6.1314,4.8881,1.2433,0.8752
2000-04-14,6.0655,4.855,1.2105,0.8861
2000-04-17,6.1726,4.9074,1.2652,1.0162
2000-04-18,6.2159,4.9278,1.2881,1.0077
2000-04-19,6.1787,4.9098,1.2689,0.8964
2000-04-20,6.1626,4.8994,1.2632,0.8788
2000-04-24,6.1622,4.8968,1.2654,0.9456
2000-04-25,6.2586,4.9422,1.3164,0.931
2000-04-26,6.2816,4.9481,1.3335,0.9326
2000-04-27,6.3513,4.9769,1.3744,0.9083
2000-04-28,6.3597,4.9814,1.3783,0.8234
2000-05-01,6.3754,4.9887,1.3867,0.8322
2000-05-02,6.4019,5.0083,1.3936,0.9189
2000-05-03,6.4654,5.0423,1.4231,1.0208
2000-05-04,6.5244,5.071,1.4534,1.1228
2000-05-05,6.58,5.1036,1.4764,1.099
2000-05-08,6.6414,5.1452,1.4962,1.1541
2000-05-09,6.6245,5.1491,1.4754,1.114
2000-05-10,6.5676,5.1294,1.4382,1.0574
2000-05-11,6.5351,5.1188,1.4163,1.0374
2000-05-12,6.5992,5.156,1.4432,1.0808
2000-05-15,6.5751,5.1458,1.4293,1.0292
2000-05-16,6.5466,5.1378,1.4088,0.9682
2000-05-17,6.5689,5.1397,1.4292,1.046
2000-05-18,6.6378,5.1578,1.48,1.1329
2000-05-19,6.6131,5.1353,1.4778,1.1299
2000-05-22,6.5575,5.1034,1.4541,1.0907
2000-05-23,6.5495,5.1062,1.4433,1.0748
2000-05-24,6.5713,5.1146,1.4567,1.0948
2000-05-25,6.5027,5.0735,1.4292,0.9971
2000-05-26,6.4339,5.0349,1.399,0.9783
2000-05-30,6.4577,5.0412,1.4165,1.0072
2000-05-31,6.3888,4.9955,1.3933,0.949
2000-06-01,6.3023,4.9506,1.3517,0.9014
2000-06-02,6.242,4.9278,1.3142,0.9093
2000-06-05,6.2086,4.9189,1.2897,0.8848
2000-06-06,6.2175,4.9373,1.2802,0.8652
2000-06-07,6.2057,4.934,1.2717,0.83
2000-06-08,6.2022,4.9309,1.2713,0.8067
2000-06-09,6.2037,4.9317,1.272,0.809
2000-06-12,6.1759,4.9143,1.2616,0.8106
2000-06-13,6.1607,4.9055,1.2552,0.7311
2000-06-14,6.1415,4.8931,1.2484,0.8682
2000-06-15,6.1459,4.8955,1.2504,0.8944
2000-06-16,6.1035,4.8745,1.229,0.8782
2000-06-19,6.1124,4.879,1.2334,0.8985
2000-06-20,6.1335,4.8875,1.246,0.8854
2000-06-21,6.2022,4.9199,1.2823,0.9232
2000-06-22,6.2179,4.9255,1.2924,0.9032
2000-06-23,6.2687,4.9513,1.3174,0.9473
2000-06-26,6.223,4.9286,1.2944,0.9259
2000-06-27,6.2054,4.9222,1.2832,0.8952
2000-06-28,6.2107,4.9249,1.2858,0.9392
2000-06-29,6.1518,4.8995,1.2523,0.8845
2000-06-30,6.1344,4.8965,1.2379,0.9212
2000-07-03,6.0989,4.886,1.2129,0.9053
2000-07-05,6.0819,4.8863,1.1956,0.8963
2000-07-06,6.1357,4.92,1.2157,0.9186
2000-07-07,6.1002,4.9082,1.192,0.9208
2000-07-10,6.1162,4.9229,1.1933,0.9146
2000-07-11,6.1357,4.9383,1.1974,0.8868
2000-07-12,6.16,4.9579,1.2021,0.8614
2000-07-13,6.1078,4.9388,1.169,0.7963
2000-07-14,6.1733,4.9726,1.2007,0.8243
2000-07-17,6.238,5.0037,1.2343,0.8825
2000-07-18,6.245,5.0071,1.2379,0.8758
2000-07-19,6.2549,5.014,1.2409,0.8899
2000-07-20,6.1373,4.958,1.1793,0.8015
2000-07-21,6.1005,4.9382,1.1623,0.7603
2000-07-24,6.1133,4.9454,1.1679,0.7475
2000-07-25,6.1111,4.9475,1.1636,0.7549
2000-07-26,6.1079,4.947,1.1609,0.7678
2000-07-27,6.0802,4.9367,1.1435,0.7117
2000-07-28,6.0981,4.9465,1.1516,0.7644
2000-07-31,6.1034,4.9532,1.1502,0.7714
2000-08-01,6.0671,4.9425,1.1246,0.7533
2000-08-02,6.0421,4.9337,1.1084,0.7593
2000-08-03,6.0196,4.9236,1.096,0.7286
2000-08-04,5.9817,4.9059,1.0758,0.7202
2000-08-07,6.0135,4.9228,1.0907,0.7257
2000-08-08,5.9918,4.9152,1.0766,0.7257
2000-08-09,5.9823,4.9119,1.0704,0.7035
2000-08-10,5.9503,4.8967,1.0536,0.6928
2000-08-11,5.9882,4.9189,1.0693,0.7096
2000-08-14,5.9786,4.9136,1.065,0.6412
2000-08-15,5.9935,4.9213,1.0722,0.6461
2000-08-16,6.0138,4.9289,1.0849,0.6798
2000-08-17,6.0061,4.9232,1.0829,0.6396
2000-08-18,5.9723,4.9046,1.0677,0.6036
2000-08-21,5.9732,4.9051,1.0681,0.6333
2000-08-22,5.9657,4.9034,1.0623,0.6593
2000-08-23,5.9232,4.8856,1.0376,0.6332
2000-08-24,5.903,4.8777,1.0253,0.6207
2000-08-25,5.8996,4.8787,1.0209,0.6215
2000-08-28,5.9323,4.8975,1.0348,0.6248
2000-08-29,5.9758,4.9195,1.0563,0.6999
2000-08-30,5.9822,4.9236,1.0586,0.6882
2000-08-31,5.9236,4.8962,1.0274,0.6655
2000-09-01,5.8684,4.8679,1.0005,0.6779
2000-09-05,5.8659,4.8652,1.0007,0.6912
2000-09-06,5.901,4.8801,1.0209,0.7529
2000-09-07,5.9362,4.8945,1.0417,0.7712
2000-09-08,5.9244,4.8832,1.0412,0.7549
2000-09-11,5.95,4.8903,1.0597,0.7903
2000-09-12,5.9626,4.891,1.0716,0.8079
2000-09-13,5.9354,4.8742,1.0612,0.8037
2000-09-14,5.9673,4.8921,1.0752,0.8966
2000-09-15,5.992,4.9067,1.0853,1.0053
2000-09-18,6.0168,4.9221,1.0947,1.0694
2000-09-19,6.0274,4.933,1.0944,1.0614
2000-09-20,6.0656,4.9546,1.111,1.0645
2000-09-21,6.0545,4.9504,1.1041,1.0119
2000-09-22,6.031,4.9407,1.0903,0.9918
2000-09-25,6.0251,4.9397,1.0854,0.9841
2000-09-26,5.9958,4.9276,1.0682,0.9575
2000-09-27,5.9974,4.9333,1.0641,1.0218
2000-09-28,5.9935,4.9377,1.0558,0.9712
2000-09-29,5.9749,4.9311,1.0438,0.997
2000-10-02,5.9893,4.9387,1.0506,1.0591
2000-10-03,6.0172,4.9564,1.0608,1.0728
2000-10-04,6.0414,4.9696,1.0718,1.0504
2000-10-05,6.0235,4.9628,1.0607,1.0152
2000-10-06,5.9861,4.9452,1.0409,0.9462
2000-10-10,5.957,4.9306,1.0264,0.9085
2000-10-11,5.925,4.9157,1.0093,0.9212
2000-10-12,5.8803,4.89,0.9903,0.9752
2000-10-13,5.8784,4.8878,0.9906,0.9717
2000-10-16,5.898,4.9019,0.9961,0.9564
2000-10-17,5.8495,4.8852,0.9643,0.9168
2000-10-18,5.8327,4.8815,0.9512,0.9195
2000-10-19,5.8311,4.8858,0.9453,0.8668
2000-10-20,5.8057,4.8748,0.9309,0.8157
2000-10-23,5.7595,4.8568,0.9027,0.7525
2000-10-24,5.7764,4.8682,0.9082,0.7792
2000-10-25,5.8139,4.8907,0.9232,0.8054
2000-10-26,5.8208,4.893,0.9278,0.7877
2000-10-27,5.837,4.8994,0.9376,0.7702
2000-10-30,5.8566,4.9085,0.9481,0.7753
2000-10-31,5.879,4.918,0.961,0.8275
2000-11-01,5.8668,4.9119,0.9549,0.8409
2000-11-02,5.8629,4.9112,0.9517,0.847
2000-11-03,5.9363,4.9487,0.9876,0.9095
2000-11-06,5.9811,4.9738,1.0073,0.9206
2000-11-07,5.9928,4.98,1.0128,0.9081
2000-11-08,5.9869,4.9768,1.0101,0.8808
2000-11-09,5.9471,4.9573,0.9898,0.8867
2000-11-10,5.9383,4.9521,0.9862,0.9194
2000-11-13,5.9109,4.9396,0.9713,0.8996
2000-11-14,5.892,4.9303,0.9617,0.8371
2000-11-15,5.8587,4.9146,0.9441,0.7928
2000-11-16,5.8247,4.8961,0.9286,0.7768
2000-11-17,5.8345,4.8993,0.9352,0.8133
2000-11-20,5.8217,4.8939,0.9278,0.8124
2000-11-21,5.8038,4.8846,0.9192,0.761
2000-11-22,5.7587,4.8628,0.8959,0.6959
2000-11-24,5.7479,4.8571,0.8908,0.6675
2000-11-27,5.7551,4.8575,0.8976,0.7169
2000-11-28,5.7114,4.8314,0.88,0.7076
2000-11-29,5.6716,4.8059,0.8657,0.731
2000-11-30,5.6042,4.7687,0.8355,0.718
2000-12-01,5.6276,4.7797,0.8479,0.7293
2000-12-04,5.638,4.7795,0.8585,0.7741
2000-12-05,5.5771,4.7409,0.8362,0.7384
2000-12-06,5.4965,4.699,0.7975,0.6913
2000-12-07,5.4839,4.6946,0.7893,0.6705
2000-12-08,5.5148,4.7079,0.8069,0.6852
2000-12-11,5.5247,4.7115,0.8132,0.692
2000-12-12,5.5188,4.7065,0.8123,0.681
2000-12-13,5.4563,4.6746,0.7817,0.6613
2000-12-14,5.4038,4.6487,0.7551,0.6323
2000-12-15,5.3664,4.6283,0.7381,0.6415
2000-12-18,5.333,4.6056,0.7274,0.6799
2000-12-19,5.344,4.6071,0.7369,0.6926
2000-12-20,5.2808,4.5654,0.7154,0.7066
2000-12-21,5.2319,4.5041,0.7278,0.7033
2000-12-22,5.2148,4.4651,0.7497,0.7209
2000-12-26,5.2443,4.5019,0.7424,0.7447
2000-12-27,5.2985,4.5359,0.7626,0.7647
2000-12-28,5.3378,4.5699,0.7679,0.7436
2000-12-29,5.3299,4.5724,0.7575,0.7767
2001-01-02,5.1794,4.5,0.6794,0.7477
2001-01-03,5.3156,4.5534,0.7622,0.8579
2001-01-04,5.277,4.5016,0.7754,0.8868
2001-01-05,5.1996,4.4279,0.7717,0.9499
2001-01-08,5.2105,4.4239,0.7866,0.9698
2001-01-09,5.2639,4.4506,0.8133,0.9204
2001-01-10,5.3502,4.4964,0.8538,0.9589
2001-01-11,5.3956,4.5208,0.8748,1.0473
2001-01-12,5.4852,4.5677,0.9175,1.0582
2001-01-16,5.4853,4.5711,0.9142,1.0514
2001-01-17,5.4268,4.5443,0.8825,1.0201
2001-01-18,5.344,4.4968,0.8472,1.0245
2001-01-19,5.3996,4.5185,0.8811,1.082
2001-01-22,5.4461,4.5381,0.908,1.1289
2001-01-23,5.5075,4.5669,0.9406,1.143
2001-01-24,5.5455,4.5864,0.9591,1.1401
2001-01-25,5.5229,4.5751,0.9478,1.1156
2001-01-26,5.5186,4.5638,0.9548,1.1458
2001-01-29,5.5375,4.5646,0.9729,1.1854
2001-01-30,5.4727,4.5198,0.9529,1.1369
2001-01-31,5.4209,4.4823,0.9386,1.1197
2001-02-01,5.3459,4.4405,0.9054,1.0158
2001-02-02,5.3872,4.4652,0.922,1.0344
2001-02-05,5.3903,4.4707,0.9196,0.9957
2001-02-06,5.4158,4.4832,0.9326,1.0109
2001-02-07,5.4094,4.479,0.9304,1.0236
2001-02-08,5.4145,4.4815,0.933,1.0161
2001-02-09,5.352,4.449,0.903,0.9903
2001-02-12,5.3648,4.4557,0.9091,1.0317
2001-02-13,5.388,4.4682,0.9198,1.0471
2001-02-14,5.4248,4.487,0.9378,1.0535
2001-02-15,5.4888,4.5181,0.9707,1.0635
2001-02-16,5.4333,4.4844,0.9489,1.0868
2001-02-20,5.4193,4.4774,0.9419,1.072
2001-02-21,5.4387,4.4841,0.9546,1.103
2001-02-22,5.4463,4.4853,0.961,1.172
2001-02-23,5.4077,4.4543,0.9534,1.1769
2001-02-26,5.373,4.4274,0.9456,1.1496
2001-02-27,5.3041,4.3885,0.9156,1.0347
2001-02-28,5.2666,4.3734,0.8932,1.0818
2001-03-01,5.2209,4.352,0.8689,1.0167
2001-03-02,5.2831,4.3828,0.9003,1.1068
2001-03-05,5.3075,4.3921,0.9154,1.0725
2001-03-06,5.3178,4.3928,0.925,1.1051
2001-03-07,5.267,4.3583,0.9087,1.068
2001-03-08,5.2387,4.3377,0.901,1.0536
2001-03-09,5.2695,4.3527,0.9168,1.0461
2001-03-12,5.2552,4.3393,0.9159,1.0583
2001-03-13,5.268,4.3408,0.9272,1.0589
2001-03-14,5.1889,4.2898,0.8991,1.0551
2001-03-15,5.1506,4.2644,0.8862,1.1197
2001-03-16,5.1319,4.2531,0.8788,1.0692
2001-03-19,5.1655,4.2686,0.8969,1.085
2001-03-20,5.1353,4.2492,0.8861,1.1067
2001-03-21,5.1182,4.2275,0.8907,1.1657
2001-03-22,5.0799,4.199,0.8809,1.1538
2001-03-23,5.1301,4.2215,0.9086,1.1781
2001-03-26,5.18,4.2411,0.9389,1.241
2001-03-27,5.304,4.3004,1.0036,1.3081
2001-03-28,5.3111,4.2977,1.0134,1.339
2001-03-29,5.3152,4.2946,1.0206,1.3518
2001-03-30,5.2789,4.2735,1.0054,1.3651
2001-04-02,5.3048,4.2834,1.0214,1.4468
2001-04-03,5.2791,4.2635,1.0156,1.4715
2001-04-04,5.2714,4.2529,1.0185,1.4591
2001-04-05,5.3105,4.2702,1.0403,1.4692
2001-04-06,5.2352,4.2178,1.0174,1.411
2001-04-09,5.2514,4.2175,1.0339,1.4578
2001-04-10,5.3666,4.2698,1.0968,1.5748
2001-04-11,5.4152,4.3012,1.114,1.4995
2001-04-12,5.4611,4.321,1.1401,1.505
2001-04-16,5.553,4.3736,1.1794,1.5666
2001-04-17,5.5094,4.3517,1.1577,1.5194
2001-04-18,5.4263,4.2923,1.134,1.5548
2001-04-19,5.5156,4.3238,1.1918,1.6766
2001-04-20,5.5521,4.3239,1.2282,1.7076
2001-04-23,5.5008,4.2888,1.212,1.6941
2001-04-24,5.5111,4.2934,1.2177,1.7351
2001-04-25,5.5738,4.3292,1.2446,1.7309
2001-04-26,5.522,4.305,1.217,1.6644
2001-04-27,5.6223,4.3567,1.2656,1.7252
2001-04-30,5.6505,4.3786,1.2719,1.6891
2001-05-01,5.6138,4.3616,1.2522,1.6787
2001-05-02,5.602,4.355,1.247,1.6107
2001-05-03,5.532,4.3162,1.2158,1.5711
2001-05-04,5.4929,4.2847,1.2082,1.6211
2001-05-07,5.4878,4.2752,1.2126,1.6656
2001-05-08,5.5029,4.2764,1.2265,1.7198
2001-05-09,5.4767,4.261,1.2157,1.6726
2001-05-10,5.5629,4.3038,1.2591,1.7292
2001-05-11,5.733,4.388,1.345,1.809
2001-05-14,5.7307,4.3812,1.3495,1.8144
2001-05-15,5.7555,4.3828,1.3727,1.8798
2001-05-16,5.7542,4.3724,1.3818,1.8859
2001-05-17,5.7569,4.3688,1.3881,1.8009
2001-05-18,5.7428,4.361,1.3818,1.7345
2001-05-21,5.7298,4.3566,1.3732,1.7171
2001-05-22,5.7249,4.3536,1.3713,1.7607
2001-05-23,5.7157,4.3474,1.3683,1.7979
2001-05-24,5.7876,4.3849,1.4027,1.8367
2001-05-25,5.8007,4.3884,1.4123,1.8569
2001-05-29,5.8249,4.4016,1.4233,1.8659
2001-05-30,5.8252,4.3994,1.4258,1.8502
2001-05-31,5.7407,4.3537,1.387,1.8266
2001-06-01,5.7059,4.3389,1.367,1.7499
2001-06-04,5.6812,4.3303,1.3509,1.7094
2001-06-05,5.6289,4.3034,1.3255,1.7296
2001-06-06,5.614,4.2955,1.3185,1.7068
2001-06-07,5.6489,4.3127,1.3362,1.7581
2001-06-08,5.6844,4.3304,1.354,1.7364
2001-06-11,5.6487,4.3108,1.3379,1.7169
2001-06-12,5.6062,4.287,1.3192,1.6952
2001-06-13,5.5994,4.2814,1.318,1.7269
2001-06-14,5.5729,4.2693,1.3036,1.7408
2001-06-15,5.5712,4.2665,1.3047,1.8162
2001-06-18,5.5708,4.264,1.3068,1.8346
2001-06-19,5.5633,4.2591,1.3042,1.8054
2001-06-20,5.5517,4.2513,1.3004,1.7757
2001-06-21,5.5407,4.2471,1.2936,1.7513
2001-06-22,5.4826,4.2143,1.2683,1.715
2001-06-25,5.4874,4.2175,1.2699,1.7205
2001-06-26,5.5501,4.2483,1.3018,1.7616
2001-06-27,5.5888,4.2703,1.3185,1.6696
2001-06-28,5.6654,4.3167,1.3487,1.7074
2001-06-29,5.7216,4.3474,1.3742,1.8059
2001-07-02,5.6802,4.3285,1.3517,1.8116
2001-07-03,5.7008,4.3409,1.3599,1.8226
2001-07-05,5.7344,4.3572,1.3772,1.8605
2001-07-06,5.7094,4.3419,1.3675,1.8394
2001-07-09,5.6823,4.3313,1.351,1.789
2001-07-10,5.6384,4.3099,1.3285,1.7701
2001-07-11,5.6286,4.3026,1.326,1.8029
2001-07-12,5.6089,4.2936,1.3153,1.746
2001-07-13,5.6077,4.2953,1.3124,1.7152
2001-07-16,5.5603,4.2756,1.2847,1.6698
2001-07-17,5.5491,4.2692,1.2799,1.6476
2001-07-18,5.4604,4.2196,1.2408,1.609
2001-07-19,5.4568,4.2174,1.2394,1.6087
2001-07-20,5.4675,4.2208,1.2467,1.6375
2001-07-23,5.4547,4.2166,1.2381,1.6087
2001-07-24,5.436,4.2077,1.2283,1.5965
2001-07-25,5.4853,4.2321,1.2532,1.6523
2001-07-26,5.4813,4.2303,1.251,1.6804
2001-07-27,5.434,4.2076,1.2264,1.6764
2001-07-30,5.4123,4.1998,1.2125,1.6524
2001-07-31,5.3764,4.1833,1.1931,1.6507
2001-08-01,5.4022,4.1964,1.2058,1.6553
2001-08-02,5.4611,4.2243,1.2368,1.6932
2001-08-03,5.4929,4.2377,1.2552,1.703
2001-08-06,5.4946,4.2376,1.257,1.735
2001-08-07,5.5027,4.2414,1.2613,1.7503
2001-08-08,5.4162,4.197,1.2192,1.6956
2001-08-09,5.4337,4.2032,1.2305,1.7122
2001-08-10,5.4115,4.1898,1.2217,1.7166
2001-08-13,5.3884,4.1797,1.2087,1.7308
2001-08-14,5.3945,4.1833,1.2112,1.7289
2001-08-15,5.4195,4.1958,1.2237,1.7109
2001-08-16,5.3849,4.1745,1.2104,1.6941
2001-08-17,5.3053,4.1321,1.1732,1.643
2001-08-20,5.3349,4.1498,1.1851,1.6445
2001-08-21,5.3094,4.1343,1.1751,1.6441
2001-08-22,5.3188,4.137,1.1818,1.6032
2001-08-23,5.3011,4.1276,1.1735,1.596
2001-08-24,5.326,4.1407,1.1853,1.6257
2001-08-27,5.3419,4.1509,1.191,1.6382
2001-08-28,5.2756,4.1157,1.1599,1.5872
2001-08-29,5.2174,4.0877,1.1297,1.5495
2001-08-30,5.2044,4.0772,1.1272,1.5752
2001-08-31,5.2357,4.0925,1.1432,1.5995
2001-09-04,5.3668,4.1633,1.2035,1.6436
2001-09-05,5.3729,4.1641,1.2088,1.6465
2001-09-06,5.2886,4.1178,1.1708,1.6412
2001-09-07,5.2189,4.0744,1.1445,1.6301
2001-09-10,5.2393,4.082,1.1573,1.7046
2001-09-13,5.0287,3.9367,1.092,1.9486
2001-09-14,4.9896,3.8947,1.0949,1.9701
2001-09-17,5.043,3.9056,1.1374,2.0013
2001-09-18,5.126,3.9305,1.1955,2.2146
2001-09-19,5.1065,3.8881,1.2184,2.3084
2001-09-20,5.1839,3.9136,1.2703,2.3572
2001-09-21,5.1785,3.9036,1.2749,2.278
2001-09-24,5.2014,3.9199,1.2815,2.245
2001-09-25,5.1896,3.9175,1.2721,2.2678
2001-09-26,5.1385,3.8935,1.245,2.192
2001-09-27,5.0809,3.8659,1.215,2.1106
2001-09-28,5.0982,3.8774,1.2208,2.0701
2001-10-01,5.0608,3.8589,1.2019,2.0152
2001-10-02,5.0292,3.8337,1.1955,2.0146
2001-10-03,5.009,3.8155,1.1935,1.9996
2001-10-04,5.0048,3.8062,1.1986,2.0057
2001-10-05,4.9906,3.7936,1.197,2.0565
2001-10-09,5.0561,3.8246,1.2315,2.132
2001-10-10,5.0622,3.8261,1.2361,2.0772
2001-10-11,5.13,3.8624,1.2676,2.1292
2001-10-12,5.1306,3.8616,1.269,2.1614
2001-10-15,5.0872,3.8403,1.2469,2.1217
2001-10-16,5.0561,3.8234,1.2327,2.1059
2001-10-17,5.0477,3.8177,1.23,2.046
2001-10-18,5.04,3.8107,1.2293,2.0561
2001-10-19,5.0679,3.8211,1.2468,2.0873
2001-10-22,5.0834,3.8285,1.2549,2.0636
2001-10-23,5.0971,3.8323,1.2648,2.0767
2001-10-24,5.0503,3.8056,1.2447,2.0219
2001-10-25,5.002,3.7786,1.2234,2.0057
2001-10-26,4.9839,3.7695,1.2144,2.0078
2001-10-29,4.9464,3.748,1.1984,2.0169
2001-10-30,4.8932,3.7173,1.1759,2.017
2001-10-31,4.8041,3.6728,1.1313,1.9
2001-11-01,4.7606,3.6536,1.107,1.8331
2001-11-02,4.8398,3.6874,1.1524,1.9976
2001-11-05,4.8147,3.6732,1.1415,1.9225
2001-11-06,4.7775,3.6402,1.1373,1.9588
2001-11-07,4.7012,3.5903,1.1109,1.8792
2001-11-08,4.7626,3.6172,1.1454,1.9224
2001-11-09,4.8035,3.6336,1.1699,1.9284
2001-11-13,4.8609,3.6594,1.2015,1.9513
2001-11-14,4.9699,3.7108,1.2591,1.9947
2001-11-15,5.1881,3.8167,1.3714,2.1038
2001-11-16,5.3303,3.883,1.4473,2.1657
2001-11-19,5.2611,3.844,1.4171,2.1164
2001-11-20,5.3059,3.8644,1.4415,2.215
2001-11-21,5.4205,3.9188,1.5017,2.2653
2001-11-23,5.4975,3.9521,1.5454,2.2985
2001-11-26,5.5226,3.9624,1.5602,2.3067
2001-11-27,5.4773,3.9345,1.5428,2.312
2001-11-28,5.4643,3.9201,1.5442,2.3026
2001-11-29,5.317,3.8391,1.4779,2.2854
2001-11-30,5.2942,3.825,1.4692,2.313
2001-12-03,5.2636,3.8112,1.4524,2.2692
2001-12-04,5.2244,3.7906,1.4338,2.2205
2001-12-05,5.3965,3.8755,1.521,2.3031
2001-12-06,5.5312,3.9361,1.5951,2.3712
2001-12-07,5.6722,3.991,1.6812,2.5717
2001-12-10,5.6818,3.9884,1.6934,2.556
2001-12-11,5.6523,3.9675,1.6848,2.5985
2001-12-12,5.5756,3.9302,1.6454,2.4818
2001-12-13,5.6436,3.9659,1.6777,2.5153
2001-12-14,5.7461,4.0179,1.7282,2.5486
2001-12-17,5.7763,4.0334,1.7429,2.5256
2001-12-18,5.7073,3.9972,1.7101,2.4509
2001-12-19,5.6273,3.956,1.6713,2.3623
2001-12-20,5.6202,3.9509,1.6693,2.3372
2001-12-21,5.6376,3.9591,1.6785,2.3593
2001-12-24,5.6828,3.9806,1.7022,2.4157
2001-12-26,5.7258,4.0032,1.7226,2.4145
2001-12-27,5.6638,3.9721,1.6917,2.3846
2001-12-28,5.6713,3.9749,1.6964,2.438
2001-12-31,5.6062,3.9457,1.6605,2.3943
2002-01-02,5.7062,3.9967,1.7095,2.4634
2002-01-03,5.6902,3.9875,1.7027,2.4469
2002-01-04,5.7123,3.9972,1.7151,2.4937
2002-01-07,5.6306,3.9542,1.6764,2.4065
2002-01-08,5.6185,3.9479,1.6706,2.4075
2002-01-09,5.611,3.9444,1.6666,2.4078
2002-01-10,5.5174,3.9003,1.6171,2.3229
2002-01-11,5.4296,3.851,1.5786,2.3675
2002-01-14,5.4264,3.8484,1.578,2.3975
2002-01-15,5.3997,3.8376,1.5621,2.3081
2002-01-16,5.4026,3.8416,1.561,2.3219
2002-01-17,5.4806,3.8832,1.5974,2.3253
2002-01-18,5.4462,3.865,1.5812,2.2738
2002-01-22,5.463,3.8778,1.5852,2.2959
2002-01-23,5.5342,3.9151,1.6191,2.3849
2002-01-24,5.5586,3.9285,1.6301,2.3303
2002-01-25,5.5852,3.9405,1.6447,2.3198
2002-01-28,5.5959,3.9456,1.6503,2.3079
2002-01-29,5.5005,3.899,1.6015,2.2839
2002-01-30,5.4883,3.8971,1.5912,2.2894
2002-01-31,5.5287,3.9201,1.6086,2.2893
2002-02-01,5.4945,3.904,1.5905,2.2671
2002-02-04,5.4219,3.8703,1.5516,2.2293
2002-02-05,5.391,3.8576,1.5334,2.2203
2002-02-06,5.4203,3.8714,1.5489,2.2916
2002-02-07,5.4486,3.8841,1.5645,2.3269
2002-02-08,5.4235,3.8717,1.5518,2.3078
2002-02-11,5.4332,3.878,1.5552,2.3465
2002-02-12,5.4898,3.9079,1.5819,2.3927
2002-02-13,5.5343,3.9302,1.6041,2.4188
2002-02-14,5.4945,3.9092,1.5853,2.3226
2002-02-15,5.4187,3.8713,1.5474,2.2854
2002-02-19,5.4206,3.873,1.5476,2.311
2002-02-20,5.4183,3.8747,1.5436,2.2976
2002-02-21,5.408,3.871,1.537,2.2707
2002-02-22,5.3741,3.8554,1.5187,2.2485
2002-02-25,5.3803,3.86,1.5203,2.2432
2002-02-26,5.4381,3.889,1.5491,2.295
2002-02-27,5.376,3.8586,1.5174,2.2835
2002-02-28,5.3997,3.8707,1.529,2.3093
2002-03-01,5.4882,3.9127,1.5755,2.3422
2002-03-04,5.5282,3.9304,1.5978,2.3253
2002-03-05,5.5313,3.9306,1.6007,2.2999
2002-03-06,5.5557,3.939,1.6167,2.3653
2002-03-07,5.6956,4.0036,1.692,2.4157
2002-03-08,5.8065,4.0556,1.7509,2.4471
2002-03-11,5.8231,4.0614,1.7617,2.4374
2002-03-12,5.8125,4.0555,1.757,2.4466
2002-03-13,5.7727,4.034,1.7387,2.4613
2002-03-14,5.8669,4.0816,1.7853,2.5322
2002-03-15,5.8445,4.0707,1.7738,2.436
2002-03-18,5.8162,4.057,1.7592,2.3828
2002-03-19,5.8067,4.0511,1.7556,2.4148
2002-03-20,5.8633,4.0771,1.7862,2.4526
2002-03-21,5.8703,4.0771,1.7932,2.4094
2002-03-22,5.88,4.0793,1.8007,2.4163
2002-03-25,5.8768,4.0741,1.8027,2.3589
2002-03-26,5.817,4.0418,1.7752,2.3275
2002-03-27,5.7993,4.031,1.7683,2.3396
2002-03-28,5.851,4.0538,1.7972,2.4028
2002-04-01,5.8672,4.059,1.8082,2.3851
2002-04-02,5.8031,4.0281,1.775,2.3447
2002-04-03,5.7397,3.9984,1.7413,2.3352
2002-04-04,5.7189,3.9888,1.7301,2.3001
2002-04-05,5.6583,3.9581,1.7002,2.2895
2002-04-08,5.6759,3.9656,1.7103,2.3366
2002-04-09,5.6542,3.9549,1.6993,2.311
2002-04-10,5.6652,3.9576,1.7076,2.3532
2002-04-11,5.6506,3.9501,1.7005,2.3351
2002-04-12,5.6113,3.9308,1.6805,2.3451
2002-04-15,5.5821,3.9168,1.6653,2.3214
2002-04-16,5.6137,3.9363,1.6774,2.3365
2002-04-17,5.6499,3.9532,1.6967,2.4367
2002-04-18,5.6523,3.9527,1.6996,2.3934
2002-04-19,5.6451,3.9495,1.6956,2.3843
2002-04-22,5.6355,3.9439,1.6916,2.3719
2002-04-23,5.6335,3.9446,1.6889,2.3377
2002-04-24,5.5681,3.9131,1.655,2.2999
2002-04-25,5.5442,3.9044,1.6398,2.299
2002-04-26,5.5175,3.8948,1.6227,2.2774
2002-04-29,5.5501,3.9148,1.6353,2.2867
2002-04-30,5.548,3.9157,1.6323,2.2602
2002-05-01,5.5138,3.901,1.6128,2.2673
2002-05-02,5.5435,3.917,1.6265,2.2961
2002-05-03,5.5047,3.8973,1.6074,2.2672
2002-05-06,5.5178,3.904,1.6138,2.2757
2002-05-07,5.5079,3.9,1.6079,2.3169
2002-05-08,5.6251,3.958,1.6671,2.3893
2002-05-09,5.6158,3.953,1.6628,2.3838
2002-05-10,5.5649,3.9284,1.6365,2.3732
2002-05-13,5.6271,3.9602,1.6669,2.4505
2002-05-14,5.7077,4.0012,1.7065,2.5118
2002-05-15,5.6888,3.9899,1.6989,2.499
2002-05-16,5.6347,3.9618,1.6729,2.4732
2002-05-17,5.6824,3.9866,1.6958,2.4999
2002-05-20,5.6317,3.9609,1.6708,2.4605
2002-05-21,5.5859,3.9388,1.6471,2.4211
2002-05-22,5.5332,3.9129,1.6203,2.3985
2002-05-23,5.5454,3.9195,1.6259,2.4278
2002-05-24,5.5477,3.9206,1.6271,2.4192
2002-05-28,5.545,3.9211,1.6239,2.4221
2002-05-29,5.4957,3.8976,1.5981,2.3937
2002-05-30,5.4426,3.8725,1.5701,2.3565
2002-05-31,5.4518,3.8782,1.5736,2.3964
2002-06-03,5.4411,3.8745,1.5666,2.4018
2002-06-04,5.4166,3.8652,1.5514,2.414
2002-06-05,5.4465,3.8814,1.5651,2.4579
2002-06-06,5.4233,3.8701,1.5532,2.4204
2002-06-07,5.4688,3.8923,1.5765,2.4635
2002-06-10,5.4557,3.8857,1.57,2.4092
2002-06-11,5.4128,3.8649,1.5479,2.3582
2002-06-12,5.3751,3.8466,1.5285,2.3443
2002-06-13,5.3344,3.8256,1.5088,2.3198
2002-06-14,5.2493,3.7842,1.4651,2.2474
2002-06-17,5.2774,3.8009,1.4765,2.309
2002-06-18,5.2748,3.8016,1.4732,2.3031
2002-06-19,5.1896,3.7604,1.4292,2.2591
2002-06-20,5.2447,3.7903,1.4544,2.288
2002-06-21,5.2102,3.7738,1.4364,2.2329
2002-06-24,5.2563,3.797,1.4593,2.2859
2002-06-25,5.2736,3.8058,1.4678,2.3076
2002-06-26,5.1776,3.757,1.4206,2.2506
2002-06-27,5.243,3.7897,1.4533,2.3414
2002-06-28,5.2774,3.8062,1.4712,2.3541
2002-07-01,5.2737,3.8055,1.4682,2.3403
2002-07-02,5.2097,3.7771,1.4326,2.2976
2002-07-03,5.2068,3.7777,1.4291,2.2973
2002-07-05,5.3035,3.8259,1.4776,2.3495
2002-07-08,5.2806,3.8154,1.4652,2.3381
2002-07-09,5.2205,3.7874,1.4331,2.327
2002-07-10,5.1159,3.7405,1.3754,2.2716
2002-07-11,5.1003,3.7377,1.3626,2.2563
2002-07-12,5.071,3.7269,1.3441,2.2492
2002-07-15,5.0887,3.7378,1.3509,2.303
2002-07-16,5.1703,3.78,1.3903,2.3793
2002-07-17,5.1499,3.7715,1.3784,2.3431
2002-07-18,5.1029,3.7504,1.3525,2.3307
2002-07-19,5.0528,3.7282,1.3246,2.2992
2002-07-22,4.966,3.6899,1.2761,2.2725
2002-07-23,4.9164,3.6699,1.2465,2.2969
2002-07-24,4.9285,3.6787,1.2498,2.3319
2002-07-25,4.8728,3.6548,1.218,2.3574
2002-07-26,4.8611,3.6534,1.2077,2.4191
2002-07-29,5.0154,3.7334,1.282,2.4639
2002-07-30,5.0696,3.7602,1.3094,2.4489
2002-07-31,4.9618,3.7077,1.2541,2.4138
2002-08-01,4.9086,3.683,1.2256,2.4788
2002-08-02,4.7815,3.6206,1.1609,2.4352
2002-08-05,4.7245,3.598,1.1265,2.4683
2002-08-06,4.8326,3.6536,1.179,2.5011
2002-08-07,4.7865,3.6282,1.1583,2.5431
2002-08-08,4.8407,3.6561,1.1846,2.5183
2002-08-09,4.7705,3.6217,1.1488,2.3759
2002-08-12,4.7163,3.5994,1.1169,2.3051
2002-08-13,4.6247,3.5527,1.072,2.2588
2002-08-14,4.6034,3.5413,1.0621,2.1001
2002-08-15,4.6609,3.5649,1.096,2.1716
2002-08-16,4.772,3.6137,1.1583,2.2749
2002-08-19,4.7758,3.6142,1.1616,2.2372
2002-08-20,4.6774,3.5635,1.1139,2.2185
2002-08-21,4.6762,3.5638,1.1124,2.2332
2002-08-22,4.7386,3.5954,1.1432,2.2757
2002-08-23,4.6972,3.575,1.1222,2.2193
2002-08-26,4.6643,3.5616,1.1027,2.1992
2002-08-27,4.7175,3.5897,1.1278,2.2675
2002-08-28,4.676,3.5691,1.1069,2.2105
2002-08-29,4.6164,3.5407,1.0757,2.1931
2002-08-30,4.5834,3.5272,1.0562,2.1836
2002-09-03,4.4412,3.4577,0.9835,2.1204
2002-09-04,4.396,3.4358,0.9602,2.0925
2002-09-05,4.342,3.4087,0.9333,2.0986
2002-09-06,4.4417,3.4619,0.9798,2.1488
2002-09-09,4.4662,3.4773,0.9889,2.1265
2002-09-10,4.442,3.4655,0.9765,2.085
2002-09-11,4.489,3.4878,1.0012,2.1143
2002-09-12,4.4274,3.4571,0.9703,2.0495
2002-09-13,4.3642,3.4266,0.9376,1.9909
2002-09-16,4.3358,3.4146,0.9212,1.9584
2002-09-17,4.2978,3.397,0.9008,1.9678
2002-09-18,4.2757,3.385,0.8907,1.9557
2002-09-19,4.2159,3.3532,0.8627,1.9647
2002-09-20,4.2076,3.3493,0.8583,1.9865
2002-09-23,4.1362,3.3157,0.8205,1.9495
2002-09-24,4.1092,3.3028,0.8064,1.9377
2002-09-25,4.1764,3.3361,0.8403,2.0149
2002-09-26,4.1996,3.3444,0.8552,1.9885
2002-09-27,4.1335,3.3099,0.8236,1.9841
2002-09-30,4.0678,3.2749,0.7929,2.0372
2002-10-01,4.1376,3.3109,0.8267,2.0956
2002-10-02,4.1446,3.3138,0.8308,2.0742
2002-10-03,4.1504,3.3162,0.8342,2.088
2002-10-04,4.1452,3.3182,0.827,2.0611
2002-10-07,4.1086,3.3051,0.8035,2.0379
2002-10-08,4.1112,3.3076,0.8036,2.0251
2002-10-09,4.0661,3.2826,0.7835,2.0016
2002-10-10,4.1,3.2997,0.8003,2.0591
2002-10-11,4.2244,3.3598,0.8646,2.1566
2002-10-15,4.4424,3.4707,0.9717,2.2448
2002-10-16,4.4812,3.4876,0.9936,2.2683
2002-10-17,4.5703,3.5303,1.04,2.3436
2002-10-18,4.5716,3.5298,1.0418,2.3311
2002-10-21,4.6528,3.5711,1.0817,2.3247
2002-10-22,4.6886,3.5868,1.1018,2.3822
2002-10-23,4.6803,3.58,1.1003,2.3623
2002-10-24,4.6094,3.5427,1.0667,2.3415
2002-10-25,4.5497,3.513,1.0367,2.3488
2002-10-28,4.5108,3.4914,1.0194,2.418
2002-10-29,4.4112,3.4372,0.974,2.3643
2002-10-30,4.4027,3.4323,0.9704,2.4084
2002-10-31,4.3637,3.4099,0.9538,2.3909
2002-11-01,4.4272,3.4375,0.9897,2.3889
2002-11-04,4.4875,3.464,1.0235,2.4161
2002-11-05,4.5201,3.4766,1.0435,2.4569
2002-11-06,4.5233,3.4576,1.0657,2.3863
2002-11-07,4.3959,3.3833,1.0126,2.1722
2002-11-08,4.339,3.3465,0.9925,2.0962
2002-11-12,4.2967,3.3205,0.9762,2.1399
2002-11-13,4.2674,3.3017,0.9657,2.13
2002-11-14,4.3993,3.363,1.0363,2.2522
2002-11-15,4.447,3.382,1.065,2.263
2002-11-18,4.4339,3.373,1.0609,2.2245
2002-11-19,4.4064,3.3565,1.0499,2.1717
2002-11-20,4.4833,3.3906,1.0927,2.2432
2002-11-21,4.5494,3.4188,1.1306,2.2924
2002-11-22,4.5995,3.4399,1.1596,2.2938
2002-11-25,4.6106,3.4436,1.167,2.3057
2002-11-26,4.5206,3.398,1.1226,2.2386
2002-11-27,4.6672,3.4695,1.1977,2.4423
2002-11-29,4.6559,3.462,1.1939,2.3748
2002-12-02,4.6684,3.4689,1.1995,2.3265
2002-12-03,4.6841,3.4764,1.2077,2.3301
2002-12-04,4.6405,3.4551,1.1854,2.3181
2002-12-05,4.5885,3.4307,1.1578,2.2841
2002-12-06,4.5453,3.4112,1.1341,2.3243
2002-12-09,4.5049,3.3967,1.1082,2.2973
2002-12-10,4.4891,3.3908,1.0983,2.2668
2002-12-11,4.4425,3.3694,1.0731,2.2331
2002-12-12,4.4338,3.3664,1.0674,2.2315
2002-12-13,4.4729,3.3865,1.0864,2.3021
2002-12-16,4.5388,3.4203,1.1185,2.3642
2002-12-17,4.5347,3.4181,1.1166,2.3848
2002-12-18,4.4808,3.3929,1.0879,2.3751
2002-12-19,4.3871,3.35,1.0371,2.3315
2002-12-20,4.3791,3.3489,1.0302,2.3118
2002-12-23,4.391,3.3562,1.0348,2.3106
2002-12-24,4.3689,3.3465,1.0224,2.2803
2002-12-26,4.3411,3.3341,1.007,2.2629
2002-12-27,4.2592,3.2944,0.9648,2.2161
2002-12-30,4.2286,3.2855,0.9431,2.224
2002-12-31,4.2323,3.2905,0.9418,2.2388
2003-01-02,4.4274,3.3851,1.0423,2.3711
2003-01-03,4.4557,3.3966,1.0591,2.3466
2003-01-06,4.4981,3.4154,1.0827,2.3511
2003-01-07,4.4701,3.3982,1.0719,2.3434
2003-01-08,4.4358,3.38,1.0558,2.292
2003-01-09,4.5859,3.4512,1.1347,2.3839
2003-01-10,4.5973,3.4544,1.1429,2.3827
2003-01-13,4.5921,3.4534,1.1387,2.3896
2003-01-14,4.5473,3.4313,1.116,2.3771
2003-01-15,4.5309,3.4238,1.1071,2.3427
2003-01-16,4.5291,3.4215,1.1076,2.3347
2003-01-17,4.4847,3.3995,1.0852,2.2844
2003-01-21,4.4404,3.3798,1.0606,2.2939
2003-01-22,4.382,3.3512,1.0308,2.2575
2003-01-23,4.3906,3.3554,1.0352,2.2813
2003-01-24,4.3545,3.3369,1.0176,2.2355
2003-01-27,4.3818,3.3497,1.0321,2.2655
2003-01-28,4.398,3.3577,1.0403,2.2614
2003-01-29,4.4533,3.3833,1.07,2.2962
2003-01-30,4.4277,3.3697,1.058,2.2566
2003-01-31,4.4122,3.3616,1.0506,2.2078
2003-02-03,4.4229,3.3668,1.0561,2.198
2003-02-04,4.3843,3.3464,1.0379,2.165
2003-02-05,4.4364,3.3718,1.0646,2.2153
2003-02-06,4.4028,3.3547,1.0481,2.1768
2003-02-07,4.3738,3.3409,1.0329,2.1723
2003-02-10,4.4074,3.3585,1.0489,2.2086
2003-02-11,4.4025,3.357,1.0455,2.2079
2003-02-12,4.3565,3.3368,1.0197,2.2091
2003-02-13,4.2985,3.3106,0.9879,2.1926
2003-02-14,4.3404,3.333,1.0074,2.2614
2003-02-18,4.3445,3.3364,1.0081,2.2193
2003-02-19,4.2955,3.3127,0.9828,2.1732
2003-02-20,4.2512,3.2928,0.9584,2.1638
2003-02-21,4.276,3.3057,0.9703,2.206
2003-02-24,4.2489,3.2949,0.954,2.1858
2003-02-25,4.2041,3.2742,0.9299,2.1428
2003-02-26,4.17,3.2591,0.9109,2.1016
2003-02-27,4.1502,3.2504,0.8998,2.0831
2003-02-28,4.1017,3.2269,0.8748,2.0558
2003-03-03,4.0669,3.2116,0.8553,2.0496
2003-03-04,4.0349,3.1965,0.8384,2.0469
2003-03-05,4.0022,3.1804,0.8218,2.0398
2003-03-06,4.0264,3.192,0.8344,2.0682
2003-03-07,3.9928,3.1698,0.823,2.0557
2003-03-10,3.9503,3.1432,0.8071,2.0581
2003-03-11,3.9609,3.1471,0.8138,2.0398
2003-03-12,3.9763,3.153,0.8233,1.9867
2003-03-13,4.1023,3.2128,0.8895,2.0417
2003-03-14,4.1022,3.2102,0.892,2.0262
2003-03-17,4.1756,3.2448,0.9308,2.1022
2003-03-18,4.2645,3.2857,0.9788,2.1332
2003-03-19,4.3295,3.3149,1.0146,2.1803
2003-03-20,4.3769,3.337,1.0399,2.2073
2003-03-21,4.4678,3.3802,1.0876,2.271
2003-03-24,4.3934,3.344,1.0494,2.2028
2003-03-25,4.3749,3.337,1.0379,2.2084
2003-03-26,4.3592,3.3312,1.028,2.2158
2003-03-27,4.3399,3.3223,1.0176,2.2321
2003-03-28,4.3079,3.307,1.0009,2.2455
2003-03-31,4.2368,3.274,0.9628,2.1913
2003-04-01,4.2216,3.2666,0.955,2.2123
2003-04-02,4.308,3.3089,0.9991,2.2542
2003-04-03,4.3157,3.3105,1.0052,2.2634
2003-04-04,4.3392,3.3209,1.0183,2.2904
2003-04-07,4.4108,3.36,1.0508,2.273
2003-04-08,4.3568,3.3343,1.0225,2.227
2003-04-09,4.3207,3.3163,1.0044,2.2239
2003-04-10,4.3282,3.3216,1.0066,2.2385
2003-04-11,4.3662,3.3426,1.0236,2.2411
2003-04-14,4.408,3.3652,1.0428,2.2317
2003-04-15,4.3655,3.3436,1.0219,2.1827
2003-04-16,4.3427,3.3309,1.0118,2.1602
2003-04-17,4.3563,3.3362,1.0201,2.1396
2003-04-21,4.3725,3.3431,1.0294,2.1438
2003-04-22,4.3759,3.3437,1.0322,2.1745
2003-04-23,4.3797,3.3443,1.0354,2.171
2003-04-24,4.3056,3.3065,0.9991,2.1144
2003-04-25,4.2699,3.2893,0.9806,2.1511
2003-04-28,4.2737,3.292,0.9817,2.1401
2003-04-29,4.3027,3.3067,0.996,2.1507
2003-04-30,4.2474,3.2793,0.9681,2.1505
2003-05-01,4.2247,3.2671,0.9576,2.1636
2003-05-02,4.2744,3.2931,0.9813,2.1932
2003-05-05,4.2617,3.2887,0.973,2.1592
2003-05-06,4.1847,3.2505,0.9342,2.1588
2003-05-07,4.0864,3.2054,0.881,2.05
2003-05-08,4.046,3.1867,0.8593,2.0701
2003-05-09,4.0175,3.1738,0.8437,2.035
2003-05-12,3.9723,3.1515,0.8208,1.9626
2003-05-13,3.9508,3.1395,0.8113,1.9645
2003-05-14,3.8603,3.0925,0.7678,1.8968
2003-05-15,3.855,3.0872,0.7678,1.848
2003-05-16,3.793,3.0535,0.7395,1.8522
2003-05-19,3.7617,3.0372,0.7245,1.8606
2003-05-20,3.695,3.0037,0.6913,1.7907
2003-05-21,3.6941,3.005,0.6891,1.7383
2003-05-22,3.6528,2.9859,0.6669,1.6953
2003-05-23,3.6416,2.9805,0.6611,1.6808
2003-05-27,3.6779,2.9995,0.6784,1.8296
2003-05-28,3.6949,3.0119,0.683,1.8789
2003-05-29,3.6306,2.9817,0.6489,1.8037
2003-05-30,3.6381,2.9874,0.6507,1.8194
2003-06-02,3.685,3.0138,0.6712,1.8742
2003-06-03,3.6138,2.9765,0.6373,1.8514
2003-06-04,3.5685,2.9527,0.6158,1.8269
2003-06-05,3.6047,2.9685,0.6362,1.8352
2003-06-06,3.6386,2.9836,0.655,1.8484
2003-06-09,3.5796,2.9526,0.627,1.811
2003-06-10,3.4958,2.9069,0.5889,1.7533
2003-06-11,3.495,2.9021,0.5929,1.7403
2003-06-12,3.4589,2.8791,0.5798,1.7358
2003-06-13,3.4098,2.8473,0.5625,1.6794
2003-06-16,3.4545,2.8646,0.5899,1.6917
2003-06-17,3.5362,2.902,0.6342,1.7054
2003-06-18,3.6226,2.9391,0.6835,1.794
2003-06-19,3.6171,2.9271,0.69,1.8752
2003-06-20,3.6617,2.9469,0.7148,1.9072
2003-06-23,3.6152,2.9261,0.6891,1.858
2003-06-24,3.5763,2.9071,0.6692,1.8316
2003-06-25,3.6557,2.9538,0.7019,1.8399
2003-06-26,3.7832,3.0159,0.7673,1.8849
2003-06-27,3.8334,3.0359,0.7975,1.9945
2003-06-30,3.8102,3.0266,0.7836,1.9637
2003-07-01,3.8207,3.0321,0.7886,2.0076
2003-07-02,3.8228,3.0325,0.7903,2.0246
2003-07-03,3.9042,3.0719,0.8323,2.1272
2003-07-07,3.9829,3.1131,0.8698,2.1656
2003-07-08,4.0217,3.1326,0.8891,2.1574
2003-07-09,4.0137,3.1278,0.8859,2.1438
2003-07-10,3.9912,3.117,0.8742,2.1578
2003-07-11,3.9534,3.1005,0.8529,2.1597
2003-07-14,4.0047,3.1281,0.8766,2.214
2003-07-15,4.175,3.2106,0.9644,2.319
2003-07-16,4.2478,3.2433,1.0045,2.3073
2003-07-17,4.2784,3.2553,1.0231,2.3201
2003-07-18,4.3139,3.2713,1.0426,2.3188
2003-07-21,4.3935,3.3103,1.0832,2.3694
2003-07-22,4.4687,3.3454,1.1233,2.4384
2003-07-23,4.4555,3.3391,1.1164,2.4236
2003-07-24,4.5085,3.3664,1.1421,2.5378
2003-07-25,4.5473,3.3866,1.1607,2.5635
2003-07-28,4.6381,3.4342,1.2039,2.5928
2003-07-29,4.7489,3.4894,1.2595,2.6548
2003-07-30,4.7368,3.484,1.2528,2.6371
2003-07-31,4.8417,3.5343,1.3074,2.7969
2003-08-01,4.8744,3.5479,1.3265,2.7552
2003-08-04,4.7978,3.5121,1.2857,2.7516
2003-08-05,4.8768,3.5491,1.3277,2.7729
2003-08-06,4.7683,3.4937,1.2746,2.5974
2003-08-07,4.6925,3.4561,1.2364,2.538
2003-08-08,4.6568,3.4392,1.2176,2.5566
2003-08-11,4.7208,3.4707,1.2501,2.6409
2003-08-12,4.7217,3.4698,1.2519,2.666
2003-08-13,4.8858,3.5486,1.3372,2.8323
2003-08-14,4.916,3.5615,1.3545,2.8206
2003-08-15,4.9271,3.5643,1.3628,2.8052
2003-08-18,4.8899,3.547,1.3429,2.7449
2003-08-19,4.7971,3.5027,1.2944,2.6367
2003-08-20,4.8292,3.5183,1.3109,2.6816
2003-08-21,4.9192,3.56,1.3592,2.6523
2003-08-22,4.8944,3.545,1.3494,2.6085
2003-08-25,4.9251,3.5601,1.365,2.6323
2003-08-26,4.9045,3.5489,1.3556,2.6031
2003-08-27,4.9366,3.5623,1.3743,2.6053
2003-08-28,4.8413,3.5148,1.3265,2.5343
2003-08-29,4.8487,3.5177,1.331,2.5325
2003-09-02,4.9729,3.5764,1.3965,2.6367
2003-09-03,4.9952,3.5838,1.4114,2.653
2003-09-04,4.9224,3.5491,1.3733,2.6322
2003-09-05,4.7605,3.4747,1.2858,2.587
2003-09-08,4.7679,3.4844,1.2835,2.6131
2003-09-09,4.743,3.4756,1.2674,2.6063
2003-09-10,4.6596,3.4388,1.2208,2.5528
2003-09-11,4.6939,3.4578,1.2361,2.5897
2003-09-12,4.6483,3.4379,1.2104,2.5669
2003-09-15,4.6334,3.4334,1.2,2.5963
2003-09-16,4.6348,3.4345,1.2003,2.6454
2003-09-17,4.569,3.4046,1.1644,2.52
2003-09-18,4.5607,3.4014,1.1593,2.4809
2003-09-19,4.5538,3.3961,1.1577,2.4263
2003-09-22,4.6,3.4178,1.1822,2.5141
2003-09-23,4.5858,3.4087,1.1771,2.4854
2003-09-24,4.5276,3.3799,1.1477,2.4119
2003-09-25,4.4839,3.358,1.1259,2.3779
2003-09-26,4.4017,3.3189,1.0828,2.3259
2003-09-29,4.4149,3.328,1.0869,2.3765
2003-09-30,4.3104,3.2785,1.0319,2.3086
2003-10-01,4.2855,3.2683,1.0172,2.325
2003-10-02,4.336,3.2934,1.0426,2.3875
2003-10-03,4.5083,3.3749,1.1334,2.4809
2003-10-06,4.5074,3.3709,1.1365,2.4661
2003-10-07,4.587,3.4075,1.1795,2.5406
2003-10-08,4.6005,3.412,1.1885,2.5688
2003-10-09,4.6445,3.4318,1.2127,2.6166
2003-10-10,4.6276,3.4234,1.2042,2.5547
2003-10-14,4.6938,3.4559,1.2379,2.655
2003-10-15,4.7529,3.4828,1.2701,2.6617
2003-10-16,4.8299,3.5162,1.3137,2.6202
2003-10-17,4.7855,3.4902,1.2953,2.5595
2003-10-20,4.7647,3.4794,1.2853,2.5428
2003-10-21,4.7366,3.4637,1.2729,2.5247
2003-10-22,4.6503,3.4228,1.2275,2.4573
2003-10-23,4.6641,3.4303,1.2338,2.522
2003-10-24,4.5788,3.3897,1.1891,2.4355
2003-10-27,4.6096,3.4076,1.202,2.4527
2003-10-28,4.5469,3.3774,1.1695,2.4384
2003-10-29,4.6024,3.4048,1.1976,2.4865
2003-10-30,4.6694,3.4357,1.2337,2.4848
2003-10-31,4.6595,3.4292,1.2303,2.4533
2003-11-03,4.7107,3.4524,1.2583,2.4836
2003-11-04,4.6718,3.4309,1.2409,2.4297
2003-11-05,4.7051,3.4459,1.2592,2.4383
2003-11-06,4.7712,3.4756,1.2956,2.4811
2003-11-07,4.808,3.4901,1.3179,2.4708
2003-11-10,4.8244,3.4953,1.3291,2.4727
2003-11-12,4.7847,3.4726,1.3121,2.4474
2003-11-13,4.6579,3.41,1.2479,2.3828
2003-11-14,4.5627,3.3666,1.1961,2.3429
2003-11-17,4.5075,3.344,1.1635,2.3428
2003-11-18,4.4844,3.3356,1.1488,2.3073
2003-11-19,4.5357,3.3597,1.176,2.3305
2003-11-20,4.4867,3.3344,1.1523,2.2912
2003-11-21,4.4721,3.3264,1.1457,2.2565
2003-11-24,4.532,3.3557,1.1763,2.2983
2003-11-25,4.5101,3.3434,1.1667,2.2684
2003-11-26,4.5592,3.365,1.1942,2.2964
2003-11-28,4.6407,3.4003,1.2404,2.3326
2003-12-01,4.714,3.4325,1.2815,2.3513
2003-12-02,4.7086,3.4258,1.2828,2.3574
2003-12-03,4.7285,3.4328,1.2957,2.3755
2003-12-04,4.7037,3.4189,1.2848,2.3549
2003-12-05,4.5661,3.3519,1.2142,2.2725
2003-12-08,4.5831,3.3635,1.2196,2.3218
2003-12-09,4.6173,3.3817,1.2356,2.3393
2003-12-10,4.6052,3.3766,1.2286,2.3391
2003-12-11,4.5555,3.3515,1.204,2.3539
2003-12-12,4.5531,3.3519,1.2012,2.3311
2003-12-15,4.5762,3.3647,1.2115,2.346
2003-12-16,4.5464,3.3513,1.1951,2.337
2003-12-17,4.511,3.3344,1.1766,2.2733
2003-12-18,4.4791,3.3168,1.1623,2.199
2003-12-19,4.4651,3.3081,1.157,2.2125
2003-12-22,4.4786,3.3166,1.162,2.2354
2003-12-23,4.5596,3.3549,1.2047,2.2739
2003-12-24,4.5062,3.3284,1.1778,2.2417
2003-12-26,4.468,3.3089,1.1591,2.2284
2003-12-29,4.5183,3.3374,1.1809,2.3183
2003-12-30,4.5597,3.3608,1.1989,2.35
2003-12-31,4.5588,3.3626,1.1962,2.3435
2004-01-02,4.6526,3.4078,1.2448,2.4095
2004-01-05,4.6956,3.428,1.2676,2.4297
2004-01-06,4.6114,3.3873,1.2241,2.3558
2004-01-07,4.5734,3.3695,1.2039,2.3187
2004-01-08,4.5668,3.3648,1.202,2.3368
2004-01-09,4.4291,3.2979,1.1312,2.2796
2004-01-12,4.3984,3.2871,1.1113,2.272
2004-01-13,4.3455,3.2643,1.0812,2.2553
2004-01-14,4.3132,3.2497,1.0635,2.1991
2004-01-15,4.2977,3.2419,1.0558,2.1324
2004-01-16,4.3321,3.258,1.0741,2.1486
2004-01-20,4.3567,3.2695,1.0872,2.1842
2004-01-21,4.3458,3.2625,1.0833,2.1795
2004-01-22,4.2953,3.2371,1.0582,2.1458
2004-01-23,4.3626,3.27,1.0926,2.2094
2004-01-26,4.4275,3.302,1.1255,2.2516
2004-01-27,4.4034,3.2907,1.1127,2.2406
2004-01-28,4.4979,3.3377,1.1602,2.249
2004-01-29,4.5189,3.3469,1.172,2.2529
2004-01-30,4.482,3.3267,1.1553,2.2074
2004-02-02,4.4845,3.3291,1.1554,2.2214
2004-02-03,4.443,3.3095,1.1335,2.21
2004-02-04,4.4501,3.3132,1.1369,2.2046
2004-02-05,4.4864,3.3301,1.1563,2.1952
2004-02-06,4.4306,3.3023,1.1283,2.1724
2004-02-09,4.3982,3.2891,1.1091,2.1797
2004-02-10,4.4232,3.3022,1.121,2.1821
2004-02-11,4.3561,3.269,1.0871,2.1592
2004-02-12,4.3685,3.2757,1.0928,2.2067
2004-02-13,4.3368,3.2599,1.0769,2.1863
2004-02-17,4.3333,3.2612,1.0721,2.1774
2004-02-18,4.3434,3.2672,1.0762,2.1841
2004-02-19,4.3371,3.2645,1.0726,2.1797
2004-02-20,4.3845,3.2879,1.0966,2.2049
2004-02-23,4.3553,3.2764,1.0789,2.1905
2004-02-24,4.3376,3.27,1.0676,2.1657
2004-02-25,4.3182,3.2619,1.0563,2.1718
2004-02-26,4.3369,3.2722,1.0647,2.1939
2004-02-27,4.312,3.2601,1.0519,2.0908
2004-03-01,4.3037,3.2576,1.0461,2.1399
2004-03-02,4.3443,3.2779,1.0664,2.1637
2004-03-03,4.364,3.2864,1.0776,2.1789
2004-03-04,4.3408,3.2738,1.067,2.1522
2004-03-05,4.1814,3.196,0.9854,2.033
2004-03-08,4.0926,3.1577,0.9349,2.0193
2004-03-09,4.031,3.1309,0.9001,1.9861
2004-03-10,4.0223,3.1284,0.8939,1.9847
2004-03-11,4.0347,3.1354,0.8993,2.0001
2004-03-12,4.0462,3.1412,0.905,2.0025
2004-03-15,4.0514,3.1442,0.9072,1.9907
2004-03-16,3.9892,3.1139,0.8753,1.9529
2004-03-17,3.9785,3.1071,0.8714,1.9441
2004-03-18,4.0176,3.1235,0.8941,1.9606
2004-03-19,4.0523,3.1384,0.9139,1.9857
2004-03-22,4.0114,3.1203,0.8911,1.9532
2004-03-23,3.9957,3.113,0.8827,1.9401
2004-03-24,3.9901,3.1092,0.8809,1.9462
2004-03-25,4.006,3.116,0.89,1.9818
2004-03-26,4.0949,3.1593,0.9356,2.0528
2004-03-29,4.1568,3.1902,0.9666,2.0934
2004-03-30,4.178,3.1995,0.9785,2.1005
2004-03-31,4.1373,3.1796,0.9577,2.0869
2004-04-01,4.1723,3.1954,0.9769,2.1053
2004-04-02,4.3843,3.2943,1.09,2.2098
2004-04-05,4.4951,3.343,1.1521,2.2721
2004-04-06,4.4773,3.3288,1.1485,2.2547
2004-04-07,4.4763,3.3269,1.1494,2.2752
2004-04-08,4.5004,3.3357,1.1647,2.2647
2004-04-12,4.5365,3.3529,1.1836,2.2886
2004-04-13,4.6306,3.3974,1.2332,2.3485
2004-04-14,4.698,3.4298,1.2682,2.3573
2004-04-15,4.7196,3.4373,1.2823,2.3661
2004-04-16,4.6835,3.4156,1.2679,2.3611
2004-04-19,4.7006,3.4251,1.2755,2.3538
2004-04-20,4.7317,3.4412,1.2905,2.3668
2004-04-21,4.7742,3.4626,1.3116,2.3105
2004-04-22,4.7271,3.4364,1.2907,2.282
2004-04-23,4.7921,3.4666,1.3255,2.2923
2004-04-26,4.7882,3.4629,1.3253,2.2735
2004-04-27,4.7514,3.4426,1.3088,2.2785
2004-04-28,4.7979,3.4618,1.3361,2.2924
2004-04-29,4.8514,3.483,1.3684,2.3343
2004-04-30,4.8372,3.4738,1.3634,2.3053
2004-05-03,4.8354,3.4752,1.3602,2.3019
2004-05-04,4.8558,3.4851,1.3707,2.3473
2004-05-05,4.8938,3.5009,1.3929,2.359
2004-05-06,4.9222,3.515,1.4072,2.3899
2004-05-07,5.088,3.601,1.487,2.3914
2004-05-10,5.1143,3.6159,1.4984,2.4228
2004-05-11,5.104,3.6093,1.4947,2.413
2004-05-12,5.1165,3.6118,1.5047,2.456
2004-05-13,5.1543,3.6253,1.529,2.4806
2004-05-14,5.1029,3.5975,1.5054,2.4528
2004-05-17,5.0204,3.5632,1.4572,2.399
2004-05-18,5.0347,3.5734,1.4613,2.3934
2004-05-19,5.0766,3.5937,1.4829,2.4304
2004-05-20,5.034,3.5716,1.4624,2.3903
2004-05-21,5.0575,3.5828,1.4747,2.3812
2004-05-24,5.0511,3.5835,1.4676,2.3699
2004-05-25,5.035,3.5774,1.4576,2.3458
2004-05-26,4.9789,3.5514,1.4275,2.3365
2004-05-27,4.9097,3.5184,1.3913,2.2993
2004-05-28,4.9453,3.5381,1.4072,2.3106
2004-06-01,4.991,3.5675,1.4235,2.3582
2004-06-02,5.0254,3.5872,1.4382,2.3414
2004-06-03,5.0129,3.582,1.4309,2.3209
2004-06-04,5.066,3.6107,1.4553,2.3382
2004-06-07,5.0638,3.6151,1.4487,2.3401
2004-06-08,5.066,3.6211,1.4449,2.3287
2004-06-09,5.0978,3.6402,1.4576,2.3442
2004-06-10,5.0919,3.6407,1.4512,2.3019
2004-06-14,5.1569,3.6847,1.4722,2.3005
2004-06-15,5.0011,3.6074,1.3937,2.1772
2004-06-16,5.0041,3.6063,1.3978,2.1954
2004-06-17,4.9736,3.5866,1.387,2.167
2004-06-18,4.9755,3.5859,1.3896,2.182
2004-06-21,4.9584,3.5814,1.377,2.1817
2004-06-22,4.9616,3.5836,1.378,2.1947
2004-06-23,4.9502,3.5763,1.3739,2.1864
2004-06-24,4.9077,3.5547,1.353,2.1599
2004-06-25,4.9005,3.5529,1.3476,2.1695
2004-06-28,4.9818,3.6002,1.3816,2.1964
2004-06-29,4.955,3.5894,1.3656,2.1649
2004-06-30,4.8704,3.5452,1.3252,2.1398
2004-07-01,4.8139,3.5108,1.3031,2.1444
2004-07-02,4.7246,3.469,1.2556,2.1006
2004-07-06,4.7251,3.4776,1.2475,2.0945
2004-07-07,4.7262,3.4788,1.2474,2.0948
2004-07-08,4.7169,3.4733,1.2436,2.1023
2004-07-09,4.7149,3.4719,1.243,2.1026
2004-07-12,4.7019,3.4722,1.2297,2.0863
2004-07-13,4.7251,3.4873,1.2378,2.0984
2004-07-14,4.7373,3.4944,1.2429,2.0854
2004-07-15,4.7422,3.4956,1.2466,2.0641
2004-07-16,4.6483,3.4502,1.1981,2.0135
2004-07-19,4.6308,3.4445,1.1863,1.9834
2004-07-20,4.7009,3.4792,1.2217,2.0136
2004-07-21,4.738,3.4948,1.2432,2.0164
2004-07-22,4.7261,3.4867,1.2394,2.0023
2004-07-23,4.7032,3.4748,1.2284,1.9678
2004-07-26,4.7297,3.4946,1.2351,1.9779
2004-07-27,4.8257,3.5442,1.2815,2.0684
2004-07-28,4.8322,3.5473,1.2849,2.0884
2004-07-29,4.8247,3.5428,1.2819,2.0811
2004-07-30,4.7518,3.5082,1.2436,2.0092
2004-08-02,4.7177,3.4986,1.2191,2.0029
2004-08-03,4.6912,3.4888,1.2024,1.9711
2004-08-04,4.6854,3.4879,1.1975,1.9767
2004-08-05,4.6646,3.478,1.1866,1.9549
2004-08-06,4.4989,3.3958,1.1031,1.9229
2004-08-09,4.5,3.4054,1.0946,1.9127
2004-08-10,4.5477,3.433,1.1147,1.8892
2004-08-11,4.541,3.4266,1.1144,1.9022
2004-08-12,4.5178,3.4137,1.1041,1.8975
2004-08-13,4.4795,3.3944,1.0851,1.8717
2004-08-16,4.4992,3.4103,1.0889,1.9104
2004-08-17,4.4606,3.3942,1.0664,1.887
2004-08-18,4.4695,3.4,1.0695,1.8867
2004-08-19,4.4623,3.3977,1.0646,1.9186
2004-08-20,4.4824,3.4089,1.0735,1.8934
2004-08-23,4.5205,3.4333,1.0872,1.9239
2004-08-24,4.5288,3.4404,1.0884,1.9245
2004-08-25,4.5195,3.4369,1.0826,1.8876
2004-08-26,4.4846,3.4202,1.0644,1.868
2004-08-27,4.4807,3.4197,1.061,1.8548
2004-08-30,4.4515,3.4116,1.0399,1.8385
2004-08-31,4.3897,3.3833,1.0064,1.8114
2004-09-01,4.3709,3.3751,0.9958,1.8162
2004-09-02,4.4222,3.4017,1.0205,1.8507
2004-09-03,4.5188,3.4529,1.0659,1.846
2004-09-07,4.4987,3.4464,1.0523,1.8166
2004-09-08,4.4259,3.4118,1.0141,1.7877
2004-09-09,4.428,3.413,1.015,1.8207
2004-09-10,4.4153,3.4079,1.0074,1.795
2004-09-13,4.3904,3.3977,0.9927,1.7545
2004-09-14,4.3677,3.3872,0.9805,1.7609
2004-09-15,4.3889,3.3983,0.9906,1.7702
2004-09-16,4.3195,3.3654,0.9541,1.7178
2004-09-17,4.3497,3.3839,0.9658,1.7123
2004-09-20,4.2998,3.3641,0.9357,1.7
2004-09-21,4.2778,3.3554,0.9224,1.6177
2004-09-22,4.234,3.3342,0.8998,1.5525
2004-09-23,4.2453,3.3394,0.9059,1.5312
2004-09-24,4.2591,3.3456,0.9135,1.5117
2004-09-27,4.2224,3.3285,0.8939,1.4962
2004-09-28,4.2139,3.3226,0.8913,1.5435
2004-09-29,4.2763,3.3508,0.9255,1.5855
2004-09-30,4.3108,3.3649,0.9459,1.6363
2004-10-01,4.3691,3.3908,0.9783,1.7032
2004-10-04,4.3751,3.3953,0.9798,1.6748
2004-10-05,4.3763,3.3954,0.9809,1.6778
2004-10-06,4.4178,3.4148,1.003,1.6941
2004-10-07,4.4491,3.4278,1.0213,1.7203
2004-10-08,4.3649,3.3863,0.9786,1.6882
2004-10-12,4.3214,3.3683,0.9531,1.6673
2004-10-13,4.2919,3.3565,0.9354,1.6698
2004-10-14,4.2432,3.3367,0.9065,1.6364
2004-10-15,4.2669,3.3514,0.9155,1.6264
2004-10-18,4.2727,3.361,0.9117,1.6194
2004-10-19,4.2783,3.3679,0.9104,1.5974
2004-10-20,4.2278,3.3459,0.8819,1.5511
2004-10-21,4.2243,3.3468,0.8775,1.5173
2004-10-22,4.2079,3.3406,0.8673,1.5209
2004-10-25,4.1898,3.338,0.8518,1.5148
2004-10-26,4.1967,3.3461,0.8506,1.5254
2004-10-27,4.279,3.3885,0.8905,1.5698
2004-10-28,4.2806,3.3896,0.891,1.5903
2004-10-29,4.25,3.3753,0.8747,1.5547
2004-11-01,4.2919,3.4045,0.8874,1.5826
2004-11-02,4.2872,3.4052,0.882,1.5848
2004-11-03,4.2805,3.4026,0.8779,1.5812
2004-11-04,4.2895,3.4085,0.881,1.5391
2004-11-05,4.3868,3.4599,0.9269,1.5833
2004-11-08,4.4115,3.4767,0.9348,1.6149
2004-11-09,4.4118,3.4781,0.9337,1.613
2004-11-10,4.4304,3.4875,0.9429,1.6439
2004-11-12,4.4096,3.4767,0.9329,1.539
2004-11-15,4.4004,3.4752,0.9252,1.5113
2004-11-16,4.4147,3.4835,0.9312,1.4257
2004-11-17,4.3533,3.4526,0.9007,1.3841
2004-11-18,4.315,3.4338,0.8812,1.4021
2004-11-19,4.3714,3.4607,0.9107,1.4437
2004-11-22,4.3608,3.4598,0.901,1.387
2004-11-23,4.3622,3.4601,0.9021,1.3739
2004-11-24,4.3687,3.4607,0.908,1.3527
2004-11-26,4.3956,3.4719,0.9237,1.3924
2004-11-29,4.4691,3.5101,0.959,1.4706
2004-11-30,4.4946,3.5228,0.9718,1.5574
2004-12-01,4.5144,3.5314,0.983,1.5689
2004-12-02,4.5448,3.5465,0.9983,1.5807
2004-12-03,4.4527,3.5024,0.9503,1.5182
2004-12-06,4.4154,3.4912,0.9242,1.4663
2004-12-07,4.4049,3.4891,0.9158,1.4435
2004-12-08,4.3288,3.4533,0.8755,1.3501
2004-12-09,4.3286,3.4542,0.8744,1.3921
2004-12-10,4.3173,3.4504,0.8669,1.375
2004-12-13,4.3125,3.4505,0.862,1.3499
2004-12-14,4.2928,3.4391,0.8537,1.3294
2004-12-15,4.2444,3.4132,0.8312,1.2683
2004-12-16,4.3091,3.4417,0.8674,1.3626
2004-12-17,4.3393,3.4539,0.8854,1.3832
2004-12-20,4.3424,3.4578,0.8846,1.3609
2004-12-21,4.3208,3.4469,0.8739,1.3347
2004-12-22,4.3283,3.4489,0.8794,1.3831
2004-12-23,4.3357,3.451,0.8847,1.4048
2004-12-27,4.3994,3.4898,0.9096,1.4502
2004-12-28,4.4158,3.5,0.9158,1.4477
2004-12-29,4.4448,3.5121,0.9327,1.4592
2004-12-30,4.41,3.4932,0.9168,1.4154
2004-12-31,4.3767,3.476,0.9007,1.3358
2005-01-03,4.3709,3.481,0.8899,1.3089
2005-01-04,4.4213,3.5086,0.9127,1.3218
2005-01-05,4.4235,3.509,0.9145,1.2865
2005-01-06,4.4123,3.5012,0.9111,1.3053
2005-01-07,4.4204,3.5037,0.9167,1.2716
2005-01-10,4.4205,3.5071,0.9134,1.2364
2005-01-11,4.3929,3.4936,0.8993,1.1844
2005-01-12,4.3727,3.4818,0.8909,1.1804
2005-01-13,4.3297,3.4609,0.8688,1.144
2005-01-14,4.3419,3.4679,0.874,1.1229
2005-01-18,4.3317,3.4655,0.8662,1.0604
2005-01-19,4.3197,3.4574,0.8623,1.0438
2005-01-20,4.2896,3.4402,0.8494,1.081
2005-01-21,4.2631,3.4265,0.8366,1.096
2005-01-24,4.2495,3.4225,0.827,1.0525
2005-01-25,4.293,3.4459,0.8471,1.1103
2005-01-26,4.3077,3.4545,0.8532,1.0861
2005-01-27,4.3214,3.4625,0.8589,1.0695
2005-01-28,4.2744,3.4409,0.8335,1.0124
2005-01-31,4.2607,3.4426,0.8181,0.9731
2005-02-01,4.2569,3.4436,0.8133,0.9751
2005-02-02,4.2598,3.4449,0.8149,0.9323
2005-02-03,4.2781,3.4509,0.8272,0.9291
2005-02-04,4.2114,3.4159,0.7955,0.8599
2005-02-07,4.1808,3.4039,0.7769,0.8057
2005-02-08,4.1572,3.3927,0.7645,0.7541
2005-02-09,4.0953,3.3628,0.7325,0.7913
2005-02-10,4.139,3.3848,0.7542,0.8707
2005-02-11,4.1782,3.4063,0.7719,0.8805
2005-02-14,4.1772,3.4096,0.7676,0.8313
2005-02-15,4.1861,3.4158,0.7703,0.8446
2005-02-16,4.2332,3.4375,0.7957,0.8476
2005-02-17,4.2566,3.4475,0.8091,0.9172
2005-02-18,4.3275,3.4845,0.843,0.9567
2005-02-22,4.3604,3.5071,0.8533,0.9744
2005-02-23,4.3614,3.5114,0.85,0.9597
2005-02-24,4.3793,3.5217,0.8576,0.9284
2005-02-25,4.3757,3.5241,0.8516,0.8992
2005-02-28,4.4413,3.5613,0.88,0.9428
2005-03-01,4.4656,3.5733,0.8923,0.9602
2005-03-02,4.4728,3.5757,0.8971,1.0022
2005-03-03,4.4855,3.5827,0.9028,0.9923
2005-03-04,4.4429,3.563,0.8799,0.9004
2005-03-07,4.4294,3.5582,0.8712,0.841
2005-03-08,4.4698,3.5772,0.8926,0.9094
2005-03-09,4.5798,3.6291,0.9507,1.0411
2005-03-10,4.5717,3.6235,0.9482,0.9855
2005-03-11,4.6364,3.6541,0.9823,1.0174
2005-03-14,4.6332,3.6558,0.9774,0.9912
2005-03-15,4.6503,3.6654,0.9849,1.0239
2005-03-16,4.6292,3.6552,0.974,1.0268
2005-03-17,4.5909,3.6365,0.9544,0.9962
2005-03-18,4.6129,3.6497,0.9632,1.0297
2005-03-21,4.6277,3.662,0.9657,1.046
2005-03-22,4.7102,3.7061,1.0041,1.0353
2005-03-23,4.7155,3.7046,1.0109,1.0438
2005-03-24,4.7114,3.7008,1.0106,1.0156
2005-03-28,4.7341,3.7115,1.0226,1.0278
2005-03-29,4.7047,3.6953,1.0094,1.0073
2005-03-30,4.6677,3.6751,0.9926,0.9608
2005-03-31,4.5991,3.6384,0.9607,0.9599
2005-04-01,4.5483,3.6139,0.9344,0.9462
2005-04-04,4.5448,3.6141,0.9307,0.9506
2005-04-05,4.5547,3.6191,0.9356,0.9778
2005-04-06,4.5261,3.6035,0.9226,0.9841
2005-04-07,4.5551,3.6173,0.9378,1.004
2005-04-08,4.574,3.6274,0.9466,0.9682
2005-04-11,4.5456,3.6138,0.9318,0.939
2005-04-12,4.4787,3.5818,0.8969,0.8786
2005-04-13,4.4556,3.572,0.8836,0.9164
2005-04-14,4.4295,3.5614,0.8681,0.9629
2005-04-15,4.3641,3.5325,0.8316,0.9072
2005-04-18,4.3447,3.5339,0.8108,0.8637
2005-04-19,4.3007,3.5192,0.7815,0.8282
2005-04-20,4.3003,3.5208,0.7795,0.841
2005-04-21,4.3745,3.557,0.8175,0.8601
2005-04-22,4.3523,3.5487,0.8036,0.8073
2005-04-25,4.3447,3.5485,0.7962,0.7689
2005-04-26,4.3564,3.5537,0.8027,0.7913
2005-04-27,4.3269,3.537,0.7899,0.7663
2005-04-28,4.2673,3.5064,0.7609,0.7422
2005-04-29,4.2806,3.5135,0.7671,0.7144
2005-05-02,4.2707,3.5117,0.759,0.7237
2005-05-03,4.2746,3.5129,0.7617,0.71
2005-05-04,4.2596,3.5023,0.7573,0.7539
2005-05-05,4.2333,3.4842,0.7491,0.7776
2005-05-06,4.3134,3.5238,0.7896,0.7609
2005-05-09,4.3413,3.5398,0.8015,0.7365
2005-05-10,4.2954,3.5165,0.7789,0.7152
2005-05-11,4.2684,3.5006,0.7678,0.7026
2005-05-12,4.2402,3.4864,0.7538,0.7153
2005-05-13,4.2036,3.4638,0.7398,0.6951
2005-05-16,4.2026,3.468,0.7346,0.6973
2005-05-17,4.1911,3.4634,0.7277,0.683
2005-05-18,4.1509,3.443,0.7079,0.6487
2005-05-19,4.1799,3.456,0.7239,0.6377
2005-05-20,4.2002,3.4661,0.7341,0.6237
2005-05-23,4.1566,3.4498,0.7068,0.5656
2005-05-24,4.1106,3.4282,0.6824,0.5575
2005-05-25,4.1284,3.4388,0.6896,0.6022
2005-05-26,4.1372,3.4417,0.6955,0.5936
2005-05-27,4.1383,3.4421,0.6962,0.5936
2005-05-31,4.0803,3.4176,0.6627,0.5014
2005-06-01,3.984,3.3716,0.6124,0.479
2005-06-02,3.9624,3.3629,0.5995,0.4404
2005-06-03,4.0216,3.3936,0.628,0.4912
2005-06-06,4.0246,3.3972,0.6274,0.4516
2005-06-07,3.989,3.3807,0.6083,0.4043
2005-06-08,4.0049,3.3888,0.6161,0.4149
2005-06-09,4.0243,3.395,0.6293,0.4167
2005-06-10,4.087,3.4228,0.6642,0.4623
2005-06-13,4.1286,3.4451,0.6835,0.5086
2005-06-14,4.1595,3.4596,0.6999,0.5574
2005-06-15,4.1693,3.4633,0.706,0.5502
2005-06-16,4.1446,3.4484,0.6962,0.5073
2005-06-17,4.1429,3.4471,0.6958,0.4867
2005-06-20,4.1554,3.4569,0.6985,0.5164
2005-06-21,4.1161,3.4404,0.6757,0.4603
2005-06-22,4.0227,3.3978,0.6249,0.3995
2005-06-23,4.0117,3.3967,0.615,0.393
2005-06-24,3.9755,3.3834,0.5921,0.3648
2005-06-27,3.9584,3.3852,0.5732,0.3492
2005-06-28,4.0077,3.4145,0.5932,0.3742
2005-06-29,4.0303,3.4258,0.6045,0.4009
2005-06-30,3.998,3.4109,0.5871,0.3448
2005-07-01,4.0783,3.4532,0.6251,0.3954
2005-07-05,4.1429,3.4893,0.6536,0.4441
2005-07-06,4.1298,3.4823,0.6475,0.4212
2005-07-07,4.0988,3.4634,0.6354,0.4048
2005-07-08,4.1402,3.483,0.6572,0.436
2005-07-11,4.1533,3.4931,0.6602,0.4371
2005-07-12,4.1836,3.5097,0.6739,0.4493
2005-07-13,4.2034,3.5195,0.6839,0.4718
2005-07-14,4.2229,3.5296,0.6933,0.4843
2005-07-15,4.2246,3.5317,0.6929,0.4508
2005-07-18,4.2544,3.5521,0.7023,0.4931
2005-07-19,4.2404,3.5492,0.6912,0.4731
2005-07-20,4.2242,3.5432,0.681,0.4361
2005-07-21,4.2979,3.5832,0.7147,0.4965
2005-07-22,4.2756,3.5768,0.6988,0.4455
2005-07-25,4.2881,3.5928,0.6953,0.4417
2005-07-26,4.2882,3.5972,0.691,0.4296
2005-07-27,4.3071,3.6059,0.7012,0.4272
2005-07-28,4.2592,3.5815,0.6777,0.364
2005-07-29,4.3121,3.6077,0.7044,0.415
2005-08-01,4.3502,3.632,0.7182,0.4524
2005-08-02,4.3692,3.6439,0.7253,0.479
2005-08-03,4.3441,3.6312,0.7129,0.4538
2005-08-04,4.3569,3.638,0.7189,0.4817
2005-08-05,4.4191,3.6714,0.7477,0.4932
2005-08-08,4.4581,3.6951,0.763,0.4615
2005-08-09,4.4467,3.6886,0.7581,0.464
2005-08-10,4.4348,3.682,0.7528,0.4713
2005-08-11,4.3889,3.6601,0.7288,0.441
2005-08-12,4.3215,3.6297,0.6918,0.3696
2005-08-15,4.3309,3.6385,0.6924,0.3808
2005-08-16,4.2924,3.6211,0.6713,0.3712
2005-08-17,4.3212,3.6347,0.6865,0.4133
2005-08-18,4.275,3.6108,0.6642,0.3703
2005-08-19,4.2657,3.6083,0.6574,0.3714
2005-08-22,4.2656,3.6108,0.6548,0.3639
2005-08-23,4.2528,3.6058,0.647,0.3477
2005-08-24,4.2466,3.6033,0.6433,0.3389
2005-08-25,4.2369,3.5988,0.6381,0.3198
2005-08-26,4.2502,3.6061,0.6441,0.3044
2005-08-29,4.2481,3.6055,0.6426,0.2941
2005-08-30,4.2127,3.5871,0.6256,0.2888
2005-08-31,4.089,3.5259,0.5631,0.2599
2005-09-01,4.0608,3.5077,0.5531,0.3042
2005-09-02,4.067,3.5089,0.5581,0.3397
2005-09-06,4.1211,3.5423,0.5788,0.3771
2005-09-07,4.1784,3.5726,0.6058,0.4267
2005-09-08,4.1932,3.5798,0.6134,0.4094
2005-09-09,4.1858,3.5765,0.6093,0.38
2005-09-12,4.2234,3.5986,0.6248,0.4144
2005-09-13,4.1964,3.5845,0.6119,0.4031
2005-09-14,4.2152,3.5899,0.6253,0.4276
2005-09-15,4.253,3.6076,0.6454,0.4811
2005-09-16,4.3072,3.6372,0.67,0.4998
2005-09-19,4.3061,3.6451,0.661,0.506
2005-09-20,4.3205,3.6599,0.6606,0.4558
2005-09-21,4.2707,3.6257,0.645,0.3953
2005-09-22,4.2468,3.6105,0.6363,0.4147
2005-09-23,4.2967,3.6327,0.664,0.4356
2005-09-26,4.3437,3.6589,0.6848,0.4848
2005-09-27,4.3569,3.6632,0.6937,0.487
2005-09-28,4.3329,3.6479,0.685,0.4383
2005-09-29,4.3513,3.6584,0.6929,0.4576
2005-09-30,4.3931,3.6813,0.7118,0.4353
2005-10-03,4.4322,3.7063,0.7259,0.4522
2005-10-04,4.4275,3.7071,0.7204,0.439
2005-10-05,4.4118,3.6972,0.7146,0.4244
2005-10-06,4.4128,3.6976,0.7152,0.4307
2005-10-07,4.4035,3.6943,0.7092,0.4116
2005-10-11,4.4315,3.7193,0.7122,0.416
2005-10-12,4.4704,3.7415,0.7289,0.4611
2005-10-13,4.5014,3.7609,0.7405,0.5063
2005-10-14,4.5214,3.7738,0.7476,0.4898
2005-10-17,4.5432,3.7957,0.7475,0.4939
2005-10-18,4.5396,3.799,0.7406,0.497
2005-10-19,4.5259,3.796,0.7299,0.4847
2005-10-20,4.5251,3.7977,0.7274,0.4543
2005-10-21,4.47,3.7732,0.6968,0.3976
2005-10-24,4.5044,3.7972,0.7072,0.4451
2005-10-25,4.5778,3.8359,0.7419,0.4883
2005-10-26,4.6417,3.8657,0.776,0.5395
2005-10-27,4.6298,3.8567,0.7731,0.5149
2005-10-28,4.6398,3.8627,0.7771,0.5185
2005-10-31,4.6349,3.8662,0.7687,0.514
2005-11-01,4.6419,3.871,0.7709,0.5328
2005-11-02,4.6667,3.882,0.7847,0.5486
2005-11-03,4.7067,3.9005,0.8062,0.5913
2005-11-04,4.7319,3.9138,0.8181,0.6147
2005-11-07,4.7388,3.9191,0.8197,0.5222
2005-11-08,4.6843,3.8942,0.7901,0.4706
2005-11-09,4.7251,3.9172,0.8079,0.5117
2005-11-10,4.6745,3.8923,0.7822,0.4737
2005-11-14,4.7069,3.9128,0.7941,0.4782
2005-11-15,4.6766,3.8995,0.7771,0.4405
2005-11-16,4.6088,3.8659,0.7429,0.4211
2005-11-17,4.5696,3.8484,0.7212,0.3878
2005-11-18,4.5757,3.8517,0.724,0.4412
2005-11-21,4.5523,3.8402,0.7121,0.4263
2005-11-22,4.5165,3.8169,0.6996,0.4603
2005-11-23,4.549,3.8343,0.7147,0.4922
2005-11-25,4.5191,3.8192,0.6999,0.4644
2005-11-28,4.4961,3.8116,0.6845,0.436
2005-11-29,4.5489,3.8387,0.7102,0.4707
2005-11-30,4.5721,3.8476,0.7245,0.486
2005-12-01,4.5965,3.8587,0.7378,0.464
2005-12-02,4.6009,3.8608,0.7401,0.4719
2005-12-05,4.6363,3.8823,0.754,0.4835
2005-12-06,4.5816,3.8576,0.724,0.4221
2005-12-07,4.5913,3.8624,0.7289,0.4564
2005-12-08,4.5432,3.8326,0.7106,0.4325
2005-12-09,4.5927,3.853,0.7397,0.4619
2005-12-12,4.6176,3.8636,0.754,0.4728
2005-12-13,4.6077,3.8578,0.7499,0.4755
2005-12-14,4.537,3.8208,0.7162,0.4058
2005-12-15,4.5365,3.8216,0.7149,0.4099
2005-12-16,4.5169,3.8123,0.7046,0.3873
2005-12-19,4.5113,3.8152,0.6961,0.3637
2005-12-20,4.523,3.8225,0.7005,0.3567
2005-12-21,4.5403,3.8314,0.7089,0.3666
2005-12-22,4.4962,3.8075,0.6887,0.3212
2005-12-23,4.4384,3.78,0.6584,0.2935
2005-12-27,4.3997,3.7632,0.6365,0.232
2005-12-28,4.4155,3.7693,0.6462,0.2508
2005-12-29,4.4121,3.7695,0.6426,0.2306
2005-12-30,4.4264,3.7822,0.6442,0.2261
2006-01-03,4.4072,3.7835,0.6237,0.2515
2006-01-04,4.3897,3.7823,0.6074,0.2518
2006-01-05,4.395,3.7906,0.6044,0.2484
2006-01-06,4.4191,3.8076,0.6115,0.2527
2006-01-09,4.4289,3.817,0.6119,0.2587
2006-01-10,4.47,3.843,0.627,0.2923
2006-01-11,4.5056,3.8648,0.6408,0.3035
2006-01-12,4.4822,3.8568,0.6254,0.2806
2006-01-13,4.4304,3.8354,0.595,0.2256
2006-01-17,4.4064,3.8317,0.5747,0.2021
2006-01-18,4.407,3.8348,0.5722,0.2168
2006-01-19,4.4374,3.8511,0.5863,0.2272
2006-01-20,4.4357,3.8507,0.585,0.2148
2006-01-23,4.4308,3.852,0.5788,0.2173
2006-01-24,4.4528,3.8662,0.5866,0.2379
2006-01-25,4.5298,3.907,0.6228,0.2905
2006-01-26,4.574,3.9298,0.6442,0.3232
2006-01-27,4.5852,3.9359,0.6493,0.2997
2006-01-30,4.603,3.9496,0.6534,0.3064
2006-01-31,4.6005,3.949,0.6515,0.2743
2006-02-01,4.6282,3.9625,0.6657,0.2629
2006-02-02,4.6329,3.9642,0.6687,0.2483
2006-02-03,4.6113,3.9528,0.6585,0.1824
2006-02-06,4.6085,3.9527,0.6558,0.1691
2006-02-07,4.6164,3.9569,0.6595,0.2191
2006-02-08,4.637,3.9673,0.6697,0.223
2006-02-09,4.6316,3.9648,0.6668,0.1922
2006-02-10,4.662,3.9804,0.6816,0.2081
2006-02-13,4.6568,3.98,0.6768,0.2172
2006-02-14,4.6778,3.9915,0.6863,0.2444
2006-02-15,4.6764,3.9896,0.6868,0.2247
2006-02-16,4.6696,3.9856,0.684,0.2236
2006-02-17,4.6259,3.9637,0.6622,0.1666
2006-02-21,4.6395,3.9729,0.6666,0.1524
2006-02-22,4.611,3.959,0.652,0.1175
2006-02-23,4.6324,3.9706,0.6618,0.1273
2006-02-24,4.6474,3.9785,0.6689,0.1406
2006-02-27,4.6652,3.99,0.6752,0.1597
2006-02-28,4.6318,3.9751,0.6567,0.139
2006-03-01,4.6474,3.9831,0.6643,0.1866
2006-03-02,4.6956,4.0072,0.6884,0.2313
2006-03-03,4.7404,4.0289,0.7115,0.2705
2006-03-06,4.7915,4.0537,0.7378,0.3347
2006-03-07,4.8079,4.0614,0.7465,0.3243
2006-03-08,4.8066,4.0597,0.7469,0.3456
2006-03-09,4.8064,4.06,0.7464,0.3433
2006-03-10,4.8248,4.0707,0.7541,0.3581
2006-03-13,4.8387,4.0801,0.7586,0.3669
2006-03-14,4.7804,4.0521,0.7283,0.355
2006-03-15,4.7847,4.0588,0.7259,0.3827
2006-03-16,4.7217,4.0296,0.6921,0.3577
2006-03-17,4.7334,4.0389,0.6945,0.3855
2006-03-20,4.728,4.0415,0.6865,0.3617
2006-03-21,4.7746,4.0686,0.706,0.3666
2006-03-22,4.7807,4.0728,0.7079,0.3398
2006-03-23,4.8044,4.0824,0.722,0.3583
2006-03-24,4.7568,4.0564,0.7004,0.3157
2006-03-27,4.7686,4.0604,0.7082,0.3489
2006-03-28,4.8363,4.0934,0.7429,0.3708
2006-03-29,4.8672,4.1061,0.7611,0.4145
2006-03-30,4.9065,4.1223,0.7842,0.4573
2006-03-31,4.9124,4.1233,0.7891,0.4711
2006-04-03,4.9325,4.1361,0.7964,0.4712
2006-04-04,4.9264,4.1352,0.7912,0.4862
2006-04-05,4.9028,4.1243,0.7785,0.4771
2006-04-06,4.9345,4.1419,0.7926,0.5264
2006-04-07,4.9928,4.1714,0.8214,0.5608
2006-04-10,5.0077,4.1809,0.8268,0.5689
2006-04-11,4.9863,4.1714,0.8149,0.5496
2006-04-12,5.0125,4.1859,0.8266,0.5755
2006-04-13,5.0691,4.2146,0.8545,0.6132
2006-04-17,5.0521,4.2081,0.844,0.6023
2006-04-18,5.0209,4.1947,0.8262,0.6289
2006-04-19,5.052,4.212,0.84,0.6866
2006-04-20,5.0699,4.2218,0.8481,0.6732
2006-04-21,5.0587,4.2181,0.8406,0.6164
2006-04-24,5.0384,4.2111,0.8273,0.5875
2006-04-25,5.0939,4.242,0.8519,0.6507
2006-04-26,5.1355,4.264,0.8715,0.6583
2006-04-27,5.112,4.2515,0.8605,0.6898
2006-04-28,5.0927,4.2419,0.8508,0.7124
2006-05-01,5.1472,4.2741,0.8731,0.748
2006-05-02,5.1483,4.2769,0.8714,0.7247
2006-05-03,5.1778,4.294,0.8838,0.7487
2006-05-04,5.1915,4.3008,0.8907,0.7287
2006-05-05,5.1634,4.2881,0.8753,0.7063
2006-05-08,5.1636,4.2925,0.8711,0.6798
2006-05-09,5.1644,4.2956,0.8688,0.6846
2006-05-10,5.164,4.2965,0.8675,0.6567
2006-05-11,5.181,4.2999,0.8811,0.7181
2006-05-12,5.2187,4.3168,0.9019,0.7663
2006-05-15,5.2047,4.3117,0.893,0.7493
2006-05-16,5.1634,4.2903,0.8731,0.7179
2006-05-17,5.1983,4.3074,0.8909,0.7693
2006-05-18,5.1395,4.2786,0.8609,0.6949
2006-05-19,5.1153,4.2671,0.8482,0.6323
2006-05-22,5.0943,4.2582,0.8361,0.6437
2006-05-23,5.1078,4.2655,0.8423,0.6559
2006-05-24,5.0812,4.2511,0.8301,0.6566
2006-05-25,5.1082,4.2635,0.8447,0.6698
2006-05-26,5.1014,4.2616,0.8398,0.6701
2006-05-30,5.1283,4.2759,0.8524,0.6734
2006-05-31,5.1633,4.2952,0.8681,0.6718
2006-06-01,5.1602,4.2916,0.8686,0.6629
2006-06-02,5.0641,4.2417,0.8224,0.6207
2006-06-05,5.0685,4.2465,0.822,0.5993
2006-06-06,5.0558,4.2419,0.8139,0.5596
2006-06-07,5.0656,4.247,0.8186,0.5628
2006-06-08,5.0432,4.2358,0.8074,0.5328
2006-06-09,5.0234,4.2266,0.7968,0.5054
2006-06-12,5.0248,4.2335,0.7913,0.5008
2006-06-13,5.0039,4.2243,0.7796,0.4842
2006-06-14,5.0665,4.2556,0.8109,0.5033
2006-06-15,5.1085,4.2705,0.838,0.5442
2006-06-16,5.1389,4.2839,0.855,0.565
2006-06-19,5.1566,4.297,0.8596,0.5639
2006-06-20,5.1629,4.3007,0.8622,0.5608
2006-06-21,5.1646,4.3006,0.864,0.5564
2006-06-22,5.1962,4.3148,0.8814,0.5819
2006-06-23,5.2276,4.3329,0.8947,0.6014
2006-06-26,5.2466,4.349,0.8976,0.6153
2006-06-27,5.2217,4.3412,0.8805,0.5764
2006-06-28,5.2445,4.3523,0.8922,0.6039
2006-06-29,5.2147,4.3362,0.8785,0.6144
2006-06-30,5.1604,4.3096,0.8508,0.5841
2006-07-03,5.1579,4.3171,0.8408,0.57
2006-07-05,5.2155,4.3451,0.8704,0.604
2006-07-06,5.1988,4.3357,0.8631,0.5988
2006-07-07,5.1548,4.3142,0.8406,0.55
2006-07-10,5.1414,4.312,0.8294,0.5417
2006-07-11,5.1172,4.3015,0.8157,0.5164
2006-07-12,5.1138,4.3013,0.8125,0.4717
2006-07-13,5.0873,4.2878,0.7995,0.477
2006-07-14,5.0723,4.2813,0.791,0.4915
2006-07-17,5.0795,4.2903,0.7892,0.4801
2006-07-18,5.1304,4.3196,0.8108,0.5074
2006-07-19,5.0792,4.2943,0.7849,0.4799
2006-07-20,5.0416,4.2741,0.7675,0.48
2006-07-21,5.0514,4.2796,0.7718,0.4865
2006-07-24,5.0545,4.2825,0.772,0.4797
2006-07-25,5.0723,4.293,0.7793,0.4835
2006-07-26,5.0513,4.2816,0.7697,0.4854
2006-07-27,5.0521,4.2807,0.7714,0.506
2006-07-28,5.01,4.2575,0.7525,0.4907
2006-07-31,5.0016,4.2562,0.7454,0.5131
2006-08-01,4.9968,4.2573,0.7395,0.5042
2006-08-02,4.981,4.2511,0.7299,0.4845
2006-08-03,4.9794,4.2522,0.7272,0.4494
2006-08-04,4.9322,4.2285,0.7037,0.4386
2006-08-07,4.9385,4.2348,0.7037,0.4237
2006-08-08,4.9378,4.2336,0.7042,0.4707
2006-08-09,4.9493,4.2374,0.7119,0.4965
2006-08-10,4.956,4.2391,0.7169,0.494
2006-08-11,4.9925,4.258,0.7345,0.4972
2006-08-14,5.0256,4.278,0.7476,0.4935
2006-08-15,4.9782,4.2539,0.7243,0.4678
2006-08-16,4.9169,4.2222,0.6947,0.452
2006-08-17,4.9076,4.2195,0.6881,0.435
2006-08-18,4.8793,4.2082,0.6711,0.4262
2006-08-21,4.8622,4.202,0.6602,0.4145
2006-08-22,4.8564,4.1997,0.6567,0.4088
2006-08-23,4.8579,4.2001,0.6578,0.4009
2006-08-24,4.8516,4.1962,0.6554,0.3832
2006-08-25,4.8399,4.1914,0.6485,0.3825
2006-08-28,4.8435,4.1933,0.6502,0.3741
2006-08-29,4.8391,4.1887,0.6504,0.3742
2006-08-30,4.8208,4.1772,0.6436,0.3733
2006-08-31,4.7959,4.1634,0.6325,0.3632
2006-09-01,4.7869,4.157,0.6299,0.3627
2006-09-05,4.8257,4.1747,0.651,0.42
2006-09-06,4.8499,4.1835,0.6664,0.4413
2006-09-07,4.8504,4.1824,0.668,0.425
2006-09-08,4.8338,4.1695,0.6643,0.4248
2006-09-11,4.8511,4.1773,0.6738,0.4346
2006-09-12,4.831,4.1646,0.6664,0.4069
2006-09-13,4.8148,4.1542,0.6606,0.4043
2006-09-14,4.834,4.1645,0.6695,0.4013
2006-09-15,4.845,4.1696,0.6754,0.3934
2006-09-18,4.8553,4.1739,0.6814,0.3969
2006-09-19,4.7937,4.1432,0.6505,0.3695
2006-09-20,4.7811,4.1369,0.6442,0.3541
2006-09-21,4.7075,4.0989,0.6086,0.3445
2006-09-22,4.6597,4.0758,0.5839,0.3065
2006-09-25,4.6151,4.0526,0.5625,0.2764
2006-09-26,4.6312,4.0598,0.5714,0.2715
2006-09-27,4.6393,4.0625,0.5768,0.2936
2006-09-28,4.6579,4.07,0.5879,0.3112
2006-09-29,4.6772,4.0797,0.5975,0.2987
2006-10-02,4.663,4.0727,0.5903,0.3063
2006-10-03,4.6616,4.074,0.5876,0.2938
2006-10-04,4.6226,4.0576,0.565,0.2922
2006-10-05,4.6515,4.0751,0.5764,0.3049
2006-10-06,4.7284,4.1137,0.6147,0.3417
2006-10-10,4.7881,4.1463,0.6418,0.3612
2006-10-11,4.821,4.1644,0.6566,0.3652
2006-10-12,4.8241,4.1697,0.6544,0.3625
2006-10-13,4.8432,4.1799,0.6633,0.3767
2006-10-16,4.8346,4.1793,0.6553,0.3683
2006-10-17,4.818,4.1736,0.6444,0.3657
2006-10-18,4.8087,4.1704,0.6383,0.3492
2006-10-19,4.824,4.1797,0.6443,0.359
2006-10-20,4.8284,4.1811,0.6473,0.3493
2006-10-23,4.862,4.1999,0.6621,0.367
2006-10-24,4.8699,4.2056,0.6643,0.3644
2006-10-25,4.8291,4.1862,0.6429,0.3357
2006-10-26,4.7805,4.1641,0.6164,0.3225
2006-10-27,4.7337,4.1424,0.5913,0.3105
2006-10-30,4.726,4.1398,0.5862,0.2874
2006-10-31,4.6726,4.113,0.5596,0.2576
2006-11-01,4.6235,4.0885,0.535,0.2461
2006-11-02,4.6453,4.1011,0.5442,0.2503
2006-11-03,4.7462,4.152,0.5942,0.2978
2006-11-06,4.7569,4.1565,0.6004,0.287
2006-11-07,4.7167,4.1354,0.5813,0.2707
2006-11-08,4.6882,4.1224,0.5658,0.2532
2006-11-09,4.6787,4.1182,0.5605,0.2606
2006-11-10,4.6472,4.104,0.5432,0.2242
2006-11-13,4.655,4.1077,0.5473,0.2277
2006-11-14,4.6249,4.0923,0.5326,0.1924
2006-11-15,4.6542,4.1056,0.5486,0.1867
2006-11-16,4.6932,4.1226,0.5706,0.2052
2006-11-17,4.6518,4.1004,0.5514,0.2171
2006-11-20,4.6377,4.093,0.5447,0.2046
2006-11-21,4.6206,4.0842,0.5364,0.1895
2006-11-22,4.6091,4.0779,0.5312,0.1836
2006-11-24,4.5914,4.0674,0.524,0.1837
2006-11-27,4.5782,4.0613,0.5169,0.1771
2006-11-28,4.5536,4.0495,0.5041,0.1807
2006-11-29,4.5612,4.0536,0.5076,0.1875
2006-11-30,4.5183,4.0322,0.4861,0.155
2006-12-01,4.4788,4.0128,0.466,0.1627
2006-12-04,4.4788,4.0132,0.4656,0.1679
2006-12-05,4.4933,4.0198,0.4735,0.1875
2006-12-06,4.5328,4.0394,0.4934,0.1746
2006-12-07,4.5437,4.0436,0.5001,0.1729
2006-12-08,4.6043,4.0717,0.5326,0.2117
2006-12-11,4.5854,4.0583,0.5271,0.1955
2006-12-12,4.5464,4.037,0.5094,0.194
2006-12-13,4.6069,4.0654,0.5415,0.2468
2006-12-14,4.6346,4.0775,0.5571,0.2484
2006-12-15,4.6364,4.0735,0.5629,0.2542
2006-12-18,4.6332,4.0732,0.56,0.2507
2006-12-19,4.6313,4.0724,0.5589,0.2666
2006-12-20,4.6317,4.0726,0.5591,0.2624
2006-12-21,4.5963,4.055,0.5413,0.2544
2006-12-22,4.6469,4.0814,0.5655,0.2912
2006-12-26,4.6463,4.0831,0.5632,0.2683
2006-12-27,4.685,4.1008,0.5842,0.2789
2006-12-28,4.7273,4.1206,0.6067,0.2922
2006-12-29,4.7475,4.1298,0.6177,0.299
2007-01-02,4.7338,4.1261,0.6077,0.2827
2007-01-03,4.7136,4.1168,0.5968,0.2788
2007-01-04,4.6757,4.0986,0.5771,0.2683
2007-01-05,4.6959,4.1105,0.5854,0.2748
2007-01-08,4.7081,4.1204,0.5877,0.2647
2007-01-09,4.7067,4.1216,0.5851,0.2551
2007-01-10,4.7275,4.1329,0.5946,0.2763
2007-01-11,4.7711,4.1556,0.6155,0.2958
2007-01-12,4.8028,4.1696,0.6332,0.3209
2007-01-16,4.7954,4.1667,0.6287,0.3114
2007-01-17,4.825,4.1817,0.6433,0.3224
2007-01-18,4.8042,4.1717,0.6325,0.2961
2007-01-19,4.8208,4.181,0.6398,0.2946
2007-01-22,4.8068,4.1745,0.6323,0.282
2007-01-23,4.84,4.191,0.649,0.3137
2007-01-24,4.8467,4.1929,0.6538,0.32
2007-01-25,4.891,4.214,0.677,0.3468
2007-01-26,4.9136,4.224,0.6896,0.3696
2007-01-29,4.9288,4.231,0.6978,0.3618
2007-01-30,4.9194,4.2254,0.694,0.3583
2007-01-31,4.8788,4.2044,0.6744,0.3269
2007-02-01,4.882,4.2063,0.6757,0.3221
2007-02-02,4.8747,4.2037,0.671,0.3364
2007-02-05,4.8584,4.1978,0.6606,0.33
2007-02-06,4.8208,4.1803,0.6405,0.2925
2007-02-07,4.7959,4.1705,0.6254,0.2961
2007-02-08,4.7849,4.167,0.6179,0.2866
2007-02-09,4.8238,4.1863,0.6375,0.3253
2007-02-12,4.8473,4.1995,0.6478,0.3317
2007-02-13,4.8619,4.2062,0.6557,0.3379
2007-02-14,4.7988,4.1754,0.6234,0.3052
2007-02-15,4.7631,4.1591,0.604,0.3071
2007-02-16,4.7493,4.1543,0.595,0.2925
2007-02-20,4.7386,4.1522,0.5864,0.2897
2007-02-21,4.7459,4.157,0.5889,0.289
2007-02-22,4.7785,4.1737,0.6048,0.3005
2007-02-23,4.7438,4.157,0.5868,0.2942
2007-02-26,4.6989,4.1376,0.5613,0.2623
2007-02-27,4.5829,4.0792,0.5037,0.2495
2007-02-28,4.6112,4.0963,0.5149,0.2757
2007-03-01,4.6182,4.101,0.5172,0.295
2007-03-02,4.5923,4.0869,0.5054,0.28
2007-03-05,4.5905,4.0857,0.5048,0.2622
2007-03-06,4.6122,4.0991,0.5131,0.2693
2007-03-07,4.5899,4.0889,0.501,0.2606
2007-03-08,4.5915,4.0891,0.5024,0.2752
2007-03-09,4.6551,4.1205,0.5346,0.2908
2007-03-12,4.6355,4.1093,0.5262,0.2823
2007-03-13,4.5817,4.0825,0.4992,0.295
2007-03-14,4.5916,4.0863,0.5053,0.3282
2007-03-15,4.6063,4.0929,0.5134,0.3192
2007-03-16,4.6151,4.0965,0.5186,0.3115
2007-03-19,4.6338,4.105,0.5288,0.3243
2007-03-20,4.6198,4.0974,0.5224,0.3198
2007-03-21,4.5925,4.0826,0.5099,0.3475
2007-03-22,4.6384,4.1053,0.5331,0.3942
2007-03-23,4.6704,4.1225,0.5479,0.3996
2007-03-26,4.661,4.1174,0.5436,0.391
2007-03-27,4.6762,4.126,0.5502,0.4149
2007-03-28,4.6841,4.1295,0.5546,0.4479
2007-03-29,4.7041,4.1374,0.5667,0.422
2007-03-30,4.72,4.1432,0.5768,0.44
2007-04-02,4.7228,4.1447,0.5781,0.4307
2007-04-03,4.7397,4.1529,0.5868,0.4359
2007-04-04,4.7296,4.1482,0.5814,0.4353
2007-04-05,4.747,4.1556,0.5914,0.4555
2007-04-06,4.8154,4.1879,0.6275,0.4593
2007-04-09,4.8173,4.185,0.6323,0.4552
2007-04-10,4.7984,4.174,0.6244,0.4645
2007-04-11,4.8022,4.1751,0.6271,0.449
2007-04-12,4.8006,4.1729,0.6277,0.4485
2007-04-13,4.8178,4.1787,0.6391,0.4424
2007-04-16,4.7999,4.1672,0.6327,0.4184
2007-04-17,4.7541,4.1435,0.6106,0.4109
2007-04-18,4.7162,4.124,0.5922,0.3954
2007-04-19,4.7199,4.1254,0.5945,0.4208
2007-04-20,4.7261,4.1288,0.5973,0.4262
2007-04-23,4.7072,4.1194,0.5878,0.4101
2007-04-24,4.6806,4.1068,0.5738,0.3963
2007-04-25,4.6987,4.1155,0.5832,0.4064
2007-04-26,4.7325,4.1303,0.6022,0.4288
2007-04-27,4.7438,4.1334,0.6104,0.4465
2007-04-30,4.6891,4.1044,0.5847,0.3962
2007-05-01,4.6839,4.0987,0.5852,0.3809
2007-05-02,4.6886,4.0997,0.5889,0.3851
2007-05-03,4.7123,4.109,0.6033,0.3738
2007-05-04,4.685,4.0938,0.5912,0.3555
2007-05-07,4.6735,4.087,0.5865,0.3389
2007-05-08,4.6643,4.0811,0.5832,0.3487
2007-05-09,4.6921,4.0908,0.6013,0.3536
2007-05-10,4.6783,4.0792,0.5991,0.3631
2007-05-11,4.6956,4.0824,0.6132,0.3729
2007-05-14,4.7159,4.0893,0.6266,0.3728
2007-05-15,4.7354,4.0946,0.6408,0.3835
2007-05-16,4.7344,4.0842,0.6502,0.3827
2007-05-17,4.7766,4.1034,0.6732,0.3935
2007-05-18,4.8228,4.1279,0.6949,0.4192
2007-05-21,4.8175,4.13,0.6875,0.4112
2007-05-22,4.8487,4.1509,0.6978,0.4566
2007-05-23,4.879,4.1674,0.7116,0.4894
2007-05-24,4.883,4.1691,0.7139,0.4761
2007-05-25,4.8928,4.1712,0.7216,0.4727
2007-05-29,4.9095,4.1797,0.7298,0.4673
2007-05-30,4.9164,4.1789,0.7375,0.4649
2007-05-31,4.9313,4.175,0.7563,0.4502
2007-06-01,4.9782,4.1942,0.784,0.4782
2007-06-04,4.9687,4.188,0.7807,0.4397
2007-06-05,5.0002,4.203,0.7972,0.4697
2007-06-06,4.9946,4.1961,0.7985,0.4937
2007-06-07,5.0929,4.2417,0.8512,0.6017
2007-06-08,5.127,4.2534,0.8736,0.6239
2007-06-11,5.1517,4.2619,0.8898,0.6591
2007-06-12,5.2513,4.3073,0.944,0.7429
2007-06-13,5.2355,4.2926,0.9429,0.6651
2007-06-14,5.2531,4.296,0.9571,0.6931
2007-06-15,5.2089,4.264,0.9449,0.6818
2007-06-18,5.1859,4.2552,0.9307,0.677
2007-06-19,5.1303,4.2304,0.8999,0.6594
2007-06-20,5.156,4.2521,0.9039,0.6789
2007-06-21,5.1761,4.2642,0.9119,0.7281
2007-06-22,5.1654,4.2623,0.9031,0.7335
2007-06-25,5.125,4.255,0.87,0.7089
2007-06-26,5.1339,4.2672,0.8667,0.7144
2007-06-27,5.1223,4.2607,0.8616,0.6894
2007-06-28,5.1511,4.274,0.8771,0.6806
2007-06-29,5.0885,4.245,0.8435,0.6337
2007-07-02,5.052,4.2415,0.8105,0.6322
2007-07-03,5.0822,4.2642,0.818,0.6641
2007-07-05,5.1667,4.3087,0.858,0.6924
2007-07-06,5.2184,4.3337,0.8847,0.737
2007-07-09,5.2104,4.3327,0.8777,0.7164
2007-07-10,5.1129,4.2873,0.8256,0.6676
2007-07-11,5.1331,4.3001,0.833,0.7126
2007-07-12,5.1741,4.3226,0.8515,0.7081
2007-07-13,5.1706,4.322,0.8486,0.6952
2007-07-16,5.1275,4.3043,0.8232,0.6649
2007-07-17,5.1432,4.313,0.8302,0.6737
2007-07-18,5.0937,4.2892,0.8045,0.657
2007-07-19,5.1046,4.2968,0.8078,0.6547
2007-07-20,5.045,4.2693,0.7757,0.6133
2007-07-23,5.0417,4.2743,0.7674,0.6223
2007-07-24,5.0155,4.2653,0.7502,0.6376
2007-07-25,4.9941,4.2554,0.7387,0.6406
2007-07-26,4.8788,4.1953,0.6835,0.6341
2007-07-27,4.8686,4.1868,0.6818,0.6535
2007-07-30,4.8957,4.2068,0.6889,0.6546
2007-07-31,4.875,4.2003,0.6747,0.6224
2007-08-01,4.865,4.1926,0.6724,0.6229
2007-08-02,4.872,4.1938,0.6782,0.611
2007-08-03,4.8196,4.1645,0.6551,0.6186
2007-08-06,4.8164,4.1646,0.6518,0.6536
2007-08-07,4.8678,4.196,0.6718,0.6188
2007-08-08,4.9518,4.2399,0.7119,0.6858
2007-08-09,4.9153,4.2094,0.7059,0.7307
2007-08-10,4.9205,4.1905,0.73,0.741
2007-08-13,4.9158,4.1908,0.725,0.7186
2007-08-14,4.874,4.1639,0.7101,0.7232
2007-08-15,4.8215,4.099,0.7225,0.849
2007-08-16,4.7241,3.9988,0.7253,0.9285
2007-08-17,4.7841,3.9956,0.7885,0.9278
2007-08-20,4.763,3.9313,0.8317,0.9199
2007-08-21,4.7209,3.9025,0.8184,0.9109
2007-08-22,4.7442,3.9125,0.8317,0.8586
2007-08-23,4.7443,3.9262,0.8181,0.8008
2007-08-24,4.7561,3.9634,0.7927,0.7118
2007-08-27,4.7265,4.003,0.7235,0.7163
2007-08-28,4.6375,3.9708,0.6667,0.8017
2007-08-29,4.6502,3.954,0.6962,0.8012
2007-08-30,4.6138,3.9136,0.7002,0.792
2007-08-31,4.6335,3.9204,0.7131,0.7725
2007-09-04,4.6557,3.9688,0.6869,0.8102
2007-09-05,4.5834,3.9452,0.6382,0.8283
2007-09-06,4.5968,3.9563,0.6405,0.8151
2007-09-07,4.4857,3.8851,0.6006,0.8193
2007-09-10,4.4384,3.8497,0.5887,0.7798
2007-09-11,4.4749,3.8721,0.6028,0.7328
2007-09-12,4.5053,3.8812,0.6241,0.7619
2007-09-13,4.5791,3.9166,0.6625,0.7469
2007-09-14,4.5694,3.9037,0.6657,0.7516
2007-09-17,4.5777,3.9152,0.6625,0.7258
2007-09-18,4.5733,3.9013,0.672,0.8319
2007-09-19,4.5979,3.9017,0.6962,0.8818
2007-09-20,4.7219,3.9469,0.775,0.9623
2007-09-21,4.7229,3.9342,0.7887,0.9393
2007-09-24,4.7238,3.9354,0.7884,0.9388
2007-09-25,4.7068,3.9231,0.7837,0.9894
2007-09-26,4.7132,3.9214,0.7918,1.0061
2007-09-27,4.6817,3.9034,0.7783,0.9761
2007-09-28,4.6835,3.9105,0.773,0.9706
2007-10-01,4.6731,3.9176,0.7555,0.909
2007-10-02,4.6418,3.9116,0.7302,0.9111
2007-10-03,4.6521,3.9212,0.7309,0.8948
2007-10-04,4.6357,3.9149,0.7208,0.8843
2007-10-05,4.7256,3.9628,0.7628,0.9399
2007-10-09,4.7622,3.9891,0.7731,0.9042
2007-10-10,4.7622,3.9921,0.7701,0.8976
2007-10-11,4.7584,3.9954,0.763,0.9226
2007-10-12,4.7946,4.0211,0.7735,0.8944
2007-10-15,4.7884,4.0315,0.7569,0.9027
2007-10-16,4.7545,4.018,0.7365,0.9452
2007-10-17,4.6701,3.961,0.7091,0.9329
2007-10-18,4.6216,3.9137,0.7079,0.9342
2007-10-19,4.5305,3.8638,0.6667,0.901
2007-10-22,4.5312,3.8741,0.6571,0.8549
2007-10-23,4.5265,3.8758,0.6507,0.8868
2007-10-24,4.4805,3.8445,0.636,0.881
2007-10-25,4.4819,3.8472,0.6347,0.8797
2007-10-26,4.516,3.8675,0.6485,0.8995
2007-10-29,4.5191,3.8758,0.6433,0.866
2007-10-30,4.5254,3.8781,0.6473,0.8693
2007-10-31,4.5935,3.9088,0.6847,0.8723
2007-11-01,4.5053,3.8513,0.654,0.8646
2007-11-02,4.439,3.7958,0.6432,0.9087
2007-11-05,4.4609,3.8067,0.6542,0.9155
2007-11-06,4.4923,3.8231,0.6692,0.953
2007-11-07,4.4648,3.7906,0.6742,1.0317
2007-11-08,4.4176,3.7502,0.6674,1.0894
2007-11-09,4.3823,3.7179,0.6644,1.0492
2007-11-13,4.4169,3.744,0.6729,0.9928
2007-11-14,4.4293,3.7458,0.6835,0.9821
2007-11-15,4.3325,3.686,0.6465,1.0119
2007-11-16,4.3133,3.6791,0.6342,1.0424
2007-11-19,4.2468,3.6504,0.5964,1.0691
2007-11-20,4.2326,3.6348,0.5978,1.1143
2007-11-21,4.1947,3.6015,0.5932,1.2023
2007-11-23,4.2184,3.6181,0.6003,1.1119
2007-11-26,4.0832,3.5503,0.5329,1.0311
2007-11-27,4.1504,3.5849,0.5655,1.0807
2007-11-28,4.2314,3.6167,0.6147,1.0527
2007-11-29,4.1716,3.5756,0.596,1.0369
2007-11-30,4.1762,3.5851,0.5911,1.1109
2007-12-03,4.1022,3.5471,0.5551,1.1554
2007-12-04,4.0916,3.5416,0.55,1.1552
2007-12-05,4.1141,3.5548,0.5593,1.221
2007-12-06,4.2014,3.6012,0.6002,1.2534
2007-12-07,4.3069,3.6536,0.6533,1.304
2007-12-10,4.3471,3.6679,0.6792,1.3125
2007-12-11,4.2185,3.5925,0.626,1.3305
2007-12-12,4.2535,3.6015,0.652,1.2947
2007-12-13,4.3485,3.6405,0.708,1.3323
2007-12-14,4.4172,3.668,0.7492,1.3104
2007-12-17,4.3838,3.6637,0.7201,1.312
2007-12-18,4.3253,3.6399,0.6854,1.2707
2007-12-19,4.2509,3.5982,0.6527,1.2242
2007-12-20,4.2172,3.5772,0.64,1.2406
2007-12-21,4.3185,3.6324,0.6861,1.297
2007-12-24,4.3859,3.6946,0.6913,1.3032
2007-12-26,4.4508,3.7402,0.7106,1.3448
2007-12-27,4.3944,3.7066,0.6878,1.3112
2007-12-28,4.3111,3.6669,0.6442,1.2734
2007-12-31,4.2527,3.6546,0.5981,1.2389
2008-01-02,4.1329,3.5964,0.5365,1.2352
2008-01-03,4.1086,3.586,0.5226,1.1113
2008-01-04,4.0694,3.5664,0.503,1.1675
2008-01-07,4.0586,3.5704,0.4882,1.1666
2008-01-08,4.0598,3.5749,0.4849,1.1655
2008-01-09,4.0249,3.5582,0.4667,1.1462
2008-01-10,4.0912,3.5923,0.4989,1.2634
2008-01-11,4.0331,3.5522,0.4809,1.2716
2008-01-14,4.0359,3.5552,0.4807,1.2484
2008-01-15,3.9765,3.5266,0.4499,1.1596
2008-01-16,3.9808,3.5288,0.452,1.2105
2008-01-17,3.9223,3.497,0.4253,1.1801
2008-01-18,3.9,3.4686,0.4314,1.2476
2008-01-22,3.7679,3.3512,0.4167,1.3923
2008-01-23,3.7651,3.3099,0.4552,1.4551
2008-01-24,3.9172,3.3789,0.5383,1.4791
2008-01-25,3.9012,3.3586,0.5426,1.4156
2008-01-28,3.8927,3.3472,0.5455,1.4539
2008-01-29,3.9484,3.3655,0.5829,1.4978
2008-01-30,4.0206,3.3863,0.6343,1.5456
2008-01-31,3.9382,3.3157,0.6225,1.5558
2008-02-01,3.8935,3.2909,0.6026,1.5519
2008-02-04,3.9205,3.3161,0.6044,1.5611
2008-02-05,3.8649,3.2903,0.5746,1.6238
2008-02-06,3.8871,3.298,0.5891,1.6615
2008-02-07,3.998,3.3555,0.6425,1.7542
2008-02-08,3.9557,3.3414,0.6143,1.6858
2008-02-11,3.9372,3.3425,0.5947,1.6592
2008-02-12,3.9699,3.3644,0.6055,1.711
2008-02-13,4.003,3.3825,0.6205,1.7806
2008-02-14,4.1167,3.443,0.6737,1.8894
2008-02-15,4.1041,3.4328,0.6713,1.8104
2008-02-19,4.2085,3.4867,0.7218,1.8227
2008-02-20,4.2704,3.5145,0.7559,1.7789
2008-02-21,4.1434,3.4468,0.6966,1.8026
2008-02-22,4.1277,3.4393,0.6884,1.8167
2008-02-25,4.2278,3.4857,0.7421,1.8475
2008-02-26,4.2101,3.4696,0.7405,1.871
2008-02-27,4.1843,3.4417,0.7426,1.8668
2008-02-28,4.0676,3.3715,0.6961,1.8378
2008-02-29,3.8956,3.2775,0.6181,1.8036
2008-03-03,3.87,3.2538,0.6162,1.8476
2008-03-04,3.9273,3.2724,0.6549,1.9812
2008-03-05,3.9991,3.2936,0.7055,2.0505
2008-03-06,3.9486,3.2487,0.6999,2.061
2008-03-07,3.9026,3.2178,0.6848,2.0406
2008-03-10,3.8133,3.1611,0.6522,2.0017
2008-03-11,3.9345,3.225,0.7095,1.9465
2008-03-12,3.8462,3.1785,0.6677,1.8681
2008-03-13,3.858,3.1716,0.6864,1.974
2008-03-14,3.7347,3.0891,0.6456,2.0042
2008-03-17,3.6327,3.0268,0.6059,2.0529
2008-03-18,3.7215,3.0501,0.6714,1.9452
2008-03-19,3.6623,2.9841,0.6782,1.8776
2008-03-20,3.6194,2.941,0.6784,1.7726
2008-03-24,3.7918,3.0595,0.7323,1.7976
2008-03-25,3.78,3.0689,0.7111,1.7788
2008-03-26,3.7533,3.0619,0.6914,1.892
2008-03-27,3.7883,3.0842,0.7041,1.9365
2008-03-28,3.7423,3.0685,0.6738,1.9297
2008-03-31,3.7183,3.0668,0.6515,1.9282
2008-04-01,3.8264,3.1253,0.7011,1.9196
2008-04-02,3.8881,3.1569,0.7312,1.8361
2008-04-03,3.9013,3.1606,0.7407,1.784
2008-04-04,3.8083,3.1093,0.699,1.7312
2008-04-07,3.8541,3.1361,0.718,1.68
2008-04-08,3.8542,3.1333,0.7209,1.7552
2008-04-09,3.7735,3.0856,0.6879,1.7543
2008-04-10,3.8077,3.0944,0.7133,1.7421
2008-04-11,3.7662,3.0624,0.7038,1.7397
2008-04-14,3.787,3.0613,0.7257,1.7904
2008-04-15,3.8465,3.0843,0.7622,1.7951
2008-04-16,3.957,3.1357,0.8213,1.8302
2008-04-17,4.0114,3.166,0.8454,1.7324
2008-04-18,4.034,3.1859,0.8481,1.7107
2008-04-21,4.0186,3.1808,0.8378,1.6306
2008-04-22,4.0087,3.17,0.8387,1.584
2008-04-23,4.0216,3.1702,0.8514,1.6091
2008-04-24,4.1155,3.2107,0.9048,1.5881
2008-04-25,4.1696,3.2378,0.9318,1.6053
2008-04-28,4.1206,3.2209,0.8997,1.5882
2008-04-29,4.097,3.2155,0.8815,1.5971
2008-04-30,4.0405,3.186,0.8545,1.5678
2008-05-01,4.0482,3.193,0.8552,1.5021
2008-05-02,4.1338,3.2373,0.8965,1.5527
2008-05-05,4.1314,3.241,0.8904,1.5848
2008-05-06,4.1578,3.2626,0.8952,1.6801
2008-05-07,4.1304,3.2576,0.8728,1.6669
2008-05-08,4.0695,3.2348,0.8347,1.6711
2008-05-09,4.0542,3.2349,0.8193,1.6254
2008-05-12,4.0648,3.2543,0.8105,1.5888
2008-05-13,4.1693,3.3147,0.8546,1.5714
2008-05-14,4.2162,3.339,0.8772,1.5297
2008-05-15,4.1399,3.3026,0.8373,1.4856
2008-05-16,4.1402,3.3044,0.8358,1.4995
2008-05-19,4.1147,3.2917,0.823,1.5076
2008-05-20,4.0669,3.2724,0.7945,1.515
2008-05-21,4.0983,3.29,0.8083,1.4687
2008-05-22,4.2028,3.3412,0.8616,1.4771
2008-05-23,4.1577,3.3178,0.8399,1.4739
2008-05-27,4.2223,3.3511,0.8712,1.5154
2008-05-28,4.3184,3.3983,0.9201,1.538
2008-05-29,4.3764,3.422,0.9544,1.5949
2008-05-30,4.3787,3.4228,0.9559,1.576
2008-06-02,4.2899,3.3785,0.9114,1.5749
2008-06-03,4.2228,3.3485,0.8743,1.5825
2008-06-04,4.2575,3.367,0.8905,1.6494
2008-06-05,4.3276,3.4025,0.9251,1.7105
2008-06-06,4.2515,3.3671,0.8844,1.672
2008-06-09,4.3422,3.4169,0.9253,1.4693
2008-06-10,4.4336,3.4711,0.9625,1.4262
2008-06-11,4.4105,3.4558,0.9547,1.4743
2008-06-12,4.513,3.5065,1.0065,1.4387
2008-06-13,4.5575,3.5249,1.0326,1.4718
2008-06-16,4.551,3.5285,1.0225,1.4725
2008-06-17,4.5108,3.5049,1.0059,1.5228
2008-06-18,4.444,3.4661,0.9779,1.459
2008-06-19,4.4932,3.4846,1.0086,1.4655
2008-06-20,4.435,3.4479,0.9871,1.4652
2008-06-23,4.4626,3.4615,1.0011,1.4151
2008-06-24,4.3731,3.4127,0.9604,1.3978
2008-06-25,4.3669,3.405,0.9619,1.4568
2008-06-26,4.2985,3.3647,0.9338,1.4794
2008-06-27,4.237,3.3281,0.9089,1.4044
2008-06-30,4.2273,3.3369,0.8904,1.4406
2008-07-01,4.2285,3.3431,0.8854,1.4991
2008-07-02,4.212,3.3348,0.8772,1.483
2008-07-03,4.2064,3.3343,0.8721,1.5433
2008-07-07,4.1755,3.325,0.8505,1.5585
2008-07-08,4.1466,3.3148,0.8318,1.498
2008-07-09,4.0881,3.2861,0.802,1.4805
2008-07-10,4.0708,3.2683,0.8025,1.4712
2008-07-11,4.1775,3.3088,0.8687,1.4722
2008-07-14,4.14,3.2761,0.8639,1.4826
2008-07-15,4.0911,3.2352,0.8559,1.5308
2008-07-16,4.1622,3.2589,0.9033,1.6476
2008-07-17,4.2722,3.3078,0.9644,1.6234
2008-07-18,4.3329,3.3344,0.9985,1.582
2008-07-21,4.3238,3.3285,0.9953,1.5455
2008-07-22,4.3628,3.3491,1.0137,1.5447
2008-07-23,4.389,3.3609,1.0281,1.5381
2008-07-24,4.2807,3.3123,0.9684,1.5223
2008-07-25,4.3415,3.3532,0.9883,1.6103
2008-07-28,4.2839,3.3314,0.9525,1.6097
2008-07-29,4.3072,3.3482,0.959,1.5913
2008-07-30,4.294,3.341,0.953,1.5795
2008-07-31,4.2127,3.3018,0.9109,1.5802
2008-08-01,4.187,3.29,0.897,1.5834
2008-08-04,4.1932,3.3036,0.8896,1.5808
2008-08-05,4.229,3.3262,0.9028,1.622
2008-08-06,4.2586,3.3344,0.9242,1.6479
2008-08-07,4.1618,3.2868,0.875,1.5971
2008-08-08,4.1733,3.2963,0.877,1.5413
2008-08-11,4.2178,3.3336,0.8842,1.5784
2008-08-12,4.1499,3.3096,0.8403,1.5815
2008-08-13,4.1699,3.3228,0.8471,1.5851
2008-08-14,4.1343,3.3099,0.8244,1.5536
2008-08-15,4.0897,3.2892,0.8005,1.5202
2008-08-18,4.0575,3.2761,0.7814,1.5306
2008-08-19,4.062,3.2775,0.7845,1.5881
2008-08-20,4.0246,3.2525,0.7721,1.5923
2008-08-21,4.0664,3.2713,0.7951,1.5723
2008-08-22,4.1119,3.2903,0.8216,1.5149
2008-08-25,4.0411,3.2562,0.7849,1.488
2008-08-26,4.0269,3.2471,0.7798,1.4656
2008-08-27,3.996,3.2277,0.7683,1.4904
2008-08-28,4.0104,3.2385,0.7719,1.4662
2008-08-29,4.0411,3.2536,0.7875,1.5509
2008-09-02,3.9755,3.2213,0.7542,1.5275
2008-09-03,3.9342,3.2006,0.7336,1.5067
2008-09-04,3.8736,3.1714,0.7022,1.4902
2008-09-05,3.8842,3.1767,0.7075,1.4689
2008-09-08,3.8996,3.1858,0.7138,1.4029
2008-09-09,3.8599,3.1623,0.6976,1.3952
2008-09-10,3.8705,3.1644,0.7061,1.4541
2008-09-11,3.8526,3.1515,0.7011,1.4571
2008-09-12,3.9363,3.1821,0.7542,1.5454
2008-09-15,3.7089,3.0334,0.6755,1.6364
2008-09-16,3.7061,3.0023,0.7038,1.5184
2008-09-17,3.6254,2.88,0.7454,1.667
2008-09-18,3.7369,2.8902,0.8467,1.6798
2008-09-19,3.9989,3.0623,0.9366,1.6703
2008-09-22,4.0637,3.1404,0.9233,1.7775
2008-09-23,4.0617,3.1307,0.931,1.834
2008-09-24,4.0165,3.081,0.9355,1.9681
2008-09-25,4.1025,3.126,0.9765,1.876
2008-09-26,4.0907,3.126,0.9647,1.8748
2008-09-29,3.8737,3.0338,0.8399,1.9412
2008-09-30,4.0594,3.1352,0.9242,2.0301
2008-10-01,4.0321,3.1212,0.9109,2.0528
2008-10-02,3.9367,3.056,0.8807,2.1476
2008-10-03,3.9201,3.0316,0.8885,2.1708
2008-10-06,3.8119,2.9767,0.8352,2.1543
2008-10-07,3.8206,3.0009,0.8197,2.2097
2008-10-08,4.0352,3.1042,0.931,2.3603
2008-10-09,4.1901,3.173,1.0171,2.5565
2008-10-10,4.2458,3.1672,1.0786,2.6649
2008-10-14,4.4598,3.2682,1.1916,2.7658
2008-10-15,4.4821,3.2649,1.2172,2.973
2008-10-16,4.4887,3.2901,1.1986,3.0285
2008-10-17,4.5122,3.3396,1.1726,3.1144
2008-10-20,4.4956,3.4022,1.0934,2.9919
2008-10-21,4.3583,3.3648,0.9935,2.9713
2008-10-22,4.2649,3.3321,0.9328,2.8731
2008-10-23,4.2531,3.3305,0.9226,2.8019
2008-10-24,4.3288,3.3604,0.9684,2.9246
2008-10-27,4.3798,3.3769,1.0029,2.9367
2008-10-28,4.4739,3.4081,1.0658,3.0617
2008-10-29,4.5302,3.4131,1.1171,3.1944
2008-10-30,4.6096,3.4242,1.1854,3.3016
2008-10-31,4.6485,3.43,1.2185,3.437
2008-11-03,4.6298,3.426,1.2038,3.5653
2008-11-04,4.51,3.3721,1.1379,3.4236
2008-11-05,4.4249,3.3238,1.1011,3.2661
2008-11-06,4.398,3.2994,1.0986,3.311
2008-11-07,4.4634,3.3239,1.1395,3.3254
2008-11-10,4.4559,3.3191,1.1368,3.2783
2008-11-12,4.3508,3.2557,1.0951,3.2609
2008-11-13,4.396,3.2822,1.1138,3.3755
2008-11-14,4.3078,3.2353,1.0725,3.1999
2008-11-17,4.2337,3.192,1.0417,3.1058
2008-11-18,4.0999,3.1201,0.9798,2.9482
2008-11-19,3.9546,3.0387,0.9159,2.8182
2008-11-20,3.7416,2.9213,0.8203,2.5168
2008-11-21,3.7534,2.9144,0.839,2.5349
2008-11-24,3.8814,2.9751,0.9063,2.5495
2008-11-25,3.728,2.8963,0.8317,2.4285
2008-11-26,3.6178,2.8356,0.7822,2.3263
2008-11-28,3.5372,2.7897,0.7475,2.3907
2008-12-01,3.356,2.7045,0.6515,2.2499
2008-12-02,3.2815,2.67,0.6115,2.2165
2008-12-03,3.2346,2.6432,0.5914,2.2226
2008-12-04,3.1463,2.5937,0.5526,2.0697
2008-12-05,3.2493,2.6364,0.6129,2.1107
2008-12-08,3.3305,2.6716,0.6589,2.1243
2008-12-09,3.2509,2.6299,0.621,2.1027
2008-12-10,3.2547,2.6286,0.6261,2.1512
2008-12-11,3.2066,2.6062,0.6004,2.1422
2008-12-12,3.1873,2.5988,0.5885,2.1427
2008-12-15,3.1415,2.5827,0.5588,2.0939
2008-12-16,2.9997,2.5171,0.4826,1.9709
2008-12-17,2.8829,2.4587,0.4242,1.559
2008-12-18,2.7375,2.3799,0.3576,1.3518
2008-12-19,2.7369,2.3717,0.3652,1.3077
2008-12-22,2.7476,2.3727,0.3749,1.2282
2008-12-23,2.7469,2.3664,0.3805,1.2112
2008-12-24,2.7522,2.3607,0.3915,1.226
2008-12-26,2.7119,2.3374,0.3745,1.1987
2008-12-29,2.6704,2.3186,0.3518,1.2885
2008-12-30,2.6598,2.3175,0.3423,1.2634
2008-12-31,2.767,2.374,0.393,1.4682
2009-01-02,2.9534,2.4643,0.4891,1.6298
2009-01-05,3.0053,2.4959,0.5094,1.8017
2009-01-06,3.0366,2.5162,0.5204,1.8055
2009-01-07,3.0516,2.5249,0.5267,1.801
2009-01-08,3.0267,2.5132,0.5135,1.7599
2009-01-09,2.9804,2.4917,0.4887,1.796
2009-01-12,2.921,2.4677,0.4533,1.6902
2009-01-13,2.8956,2.4578,0.4378,1.6689
2009-01-14,2.8196,2.4222,0.3974,1.5438
2009-01-15,2.7997,2.4126,0.3871,1.5111
2009-01-16,2.8845,2.4531,0.4314,1.6465
2009-01-20,2.9422,2.4821,0.4601,1.7605
2009-01-21,3.0946,2.5557,0.5389,1.9922
2009-01-22,3.181,2.5976,0.5834,2.1312
2009-01-23,3.2457,2.6304,0.6153,2.108
2009-01-26,3.3091,2.6662,0.6429,2.17
2009-01-27,3.2466,2.6362,0.6104,2.005
2009-01-28,3.3146,2.6733,0.6413,2.1113
2009-01-29,3.4482,2.7422,0.706,2.2099
2009-01-30,3.4781,2.7591,0.719,2.2276
2009-02-02,3.4028,2.7282,0.6746,2.1019
2009-02-03,3.4822,2.7731,0.7091,2.1873
2009-02-04,3.5312,2.798,0.7332,2.1877
2009-02-05,3.5396,2.8029,0.7367,2.1877
2009-02-06,3.607,2.8357,0.7713,2.2802
2009-02-09,3.6381,2.8539,0.7842,2.2332
2009-02-10,3.4991,2.7886,0.7105,2.1708
2009-02-11,3.4169,2.7508,0.6661,2.0388
2009-02-12,3.3614,2.7235,0.6379,2.0298
2009-02-13,3.4618,2.7718,0.69,2.1516
2009-02-17,3.2885,2.6898,0.5987,1.9118
2009-02-18,3.3353,2.7126,0.6227,1.9157
2009-02-19,3.4257,2.7546,0.6711,2.0703
2009-02-20,3.3841,2.73,0.6541,2.0242
2009-02-23,3.3836,2.7296,0.654,1.9763
2009-02-24,3.405,2.7397,0.6653,1.9509
2009-02-25,3.5118,2.7886,0.7232,2.0291
2009-02-26,3.557,2.8033,0.7537,2.0739
2009-02-27,3.5701,2.8065,0.7636,2.2544
2009-03-02,3.4861,2.7683,0.7178,2.218
2009-03-03,3.4929,2.7737,0.7192,2.2189
2009-03-04,3.571,2.8111,0.7599,2.2444
2009-03-05,3.456,2.7497,0.7063,2.0421
2009-03-06,3.4322,2.7343,0.6979,1.9892
2009-03-09,3.464,2.751,0.713,2.0138
2009-03-10,3.5401,2.7868,0.7533,2.0788
2009-03-11,3.5133,2.7708,0.7425,1.9823
2009-03-12,3.4518,2.737,0.7148,1.8869
2009-03-13,3.4082,2.7119,0.6963,1.9384
2009-03-16,3.4513,2.7352,0.7161,2.0197
2009-03-17,3.5152,2.7656,0.7496,2.0345
2009-03-18,3.1504,2.5868,0.5636,1.6328
2009-03-19,3.0865,2.5555,0.531,1.558
2009-03-20,3.0767,2.5505,0.5262,1.5944
2009-03-23,3.0784,2.5503,0.5281,1.5845
2009-03-24,3.0743,2.5464,0.5279,1.5859
2009-03-25,3.1603,2.5833,0.577,1.6452
2009-03-26,3.14,2.5679,0.5721,1.6426
2009-03-27,3.1448,2.5666,0.5782,1.666
2009-03-30,3.1012,2.5487,0.5525,1.6664
2009-03-31,3.0659,2.5376,0.5283,1.7015
2009-04-01,3.0332,2.5256,0.5076,1.6195
2009-04-02,3.0972,2.5579,0.5393,1.6677
2009-04-03,3.2213,2.6162,0.6051,1.7544
2009-04-06,3.2846,2.6437,0.6409,1.8321
2009-04-07,3.2908,2.6452,0.6456,1.8476
2009-04-08,3.2578,2.6273,0.6305,1.7691
2009-04-09,3.3123,2.653,0.6593,1.8764
2009-04-13,3.2621,2.6291,0.633,1.8682
2009-04-14,3.1918,2.5957,0.5961,1.8122
2009-04-15,3.1733,2.586,0.5873,1.8033
2009-04-16,3.2274,2.6093,0.6181,1.8424
2009-04-17,3.3335,2.6595,0.674,1.9142
2009-04-20,3.2807,2.6327,0.648,1.8437
2009-04-21,3.3156,2.6497,0.6659,1.8893
2009-04-22,3.3619,2.6695,0.6924,1.9195
2009-04-23,3.3554,2.6618,0.6936,1.9029
2009-04-24,3.4086,2.6849,0.7237,1.9621
2009-04-27,3.356,2.6603,0.6957,1.9249
2009-04-28,3.4197,2.6925,0.7272,2.006
2009-04-29,3.4817,2.7202,0.7615,2.0774
2009-04-30,3.5208,2.7408,0.78,2.1513
2009-05-01,3.5673,2.7669,0.8004,2.2289
2009-05-04,3.5694,2.7741,0.7953,2.1602
2009-05-05,3.5805,2.7827,0.7978,2.1461
2009-05-06,3.5837,2.785,0.7987,2.1605
2009-05-07,3.6681,2.8257,0.8424,2.2924
2009-05-08,3.6916,2.8369,0.8547,2.3003
2009-05-11,3.6139,2.8015,0.8124,2.2464
2009-05-12,3.592,2.7941,0.7979,2.2549
2009-05-13,3.5432,2.7714,0.7718,2.1955
2009-05-14,3.5282,2.7642,0.764,2.2071
2009-05-15,3.5488,2.7753,0.7735,2.2308
2009-05-18,3.619,2.8111,0.8079,2.2758
2009-05-19,3.6569,2.8288,0.8281,2.3036
2009-05-20,3.6184,2.8099,0.8085,2.2678
2009-05-21,3.72,2.8616,0.8584,2.4553
2009-05-22,3.8204,2.9114,0.909,2.5624
2009-05-26,3.9033,2.9522,0.9511,2.6044
2009-05-27,4.0621,3.0292,1.0329,2.8481
2009-05-28,4.1015,3.0476,1.0539,2.7813
2009-05-29,3.9951,2.9962,0.9989,2.6068
2009-06-01,4.1415,3.0671,1.0744,2.8651
2009-06-02,4.1556,3.0732,1.0824,2.8028
2009-06-03,4.0982,3.0459,1.0523,2.7381
2009-06-04,4.2011,3.0972,1.1039,2.9103
2009-06-05,4.3736,3.181,1.1926,2.6788
2009-06-08,4.4471,3.2099,1.2372,2.6193
2009-06-09,4.4017,3.1804,1.2213,2.6556
2009-06-10,4.4525,3.1996,1.2529,2.7225
2009-06-11,4.4014,3.1711,1.2303,2.6279
2009-06-12,4.3437,3.1396,1.2041,2.5689
2009-06-15,4.2749,3.1048,1.1701,2.5425
2009-06-16,4.206,3.0713,1.1347,2.4535
2009-06-17,4.1878,3.0637,1.1241,2.5015
2009-06-18,4.3188,3.1284,1.1904,2.6333
2009-06-19,4.3113,3.1237,1.1876,2.5756
2009-06-22,4.2469,3.0956,1.1513,2.5194
2009-06-23,4.1936,3.0725,1.1211,2.4292
2009-06-24,4.2216,3.0855,1.1361,2.4655
2009-06-25,4.1038,3.0285,1.0753,2.3887
2009-06-26,4.0461,3.0023,1.0438,2.3549
2009-06-29,4.0299,2.9993,1.0306,2.3475
2009-06-30,4.0359,3.0037,1.0322,2.3672
2009-07-01,4.0342,3.0021,1.0321,2.4452
2009-07-02,3.9911,2.9822,1.0089,2.4331
2009-07-06,3.9796,2.9793,1.0003,2.485
2009-07-07,3.952,2.9681,0.9839,2.4205
2009-07-08,3.8286,2.9094,0.9192,2.2931
2009-07-09,3.8826,2.9371,0.9455,2.4184
2009-07-10,3.8101,2.9021,0.908,2.32
2009-07-13,3.8342,2.9155,0.9187,2.3902
2009-07-14,3.9307,2.9624,0.9683,2.5127
2009-07-15,4.0598,3.0226,1.0372,2.5732
2009-07-16,4.0564,3.0198,1.0366,2.5734
2009-07-17,4.1165,3.048,1.0685,2.6569
2009-07-20,4.087,3.0349,1.0521,2.6008
2009-07-21,3.9988,2.994,1.0048,2.5111
2009-07-22,4.0304,3.0105,1.0199,2.5784
2009-07-23,4.1564,3.0705,1.0859,2.6391
2009-07-24,4.1697,3.0749,1.0948,2.6367
2009-07-27,4.2132,3.0948,1.1184,2.6757
2009-07-28,4.2109,3.0912,1.1197,2.5839
2009-07-29,4.205,3.0847,1.1203,2.4719
2009-07-30,4.1781,3.0674,1.1107,2.4087
2009-07-31,4.0532,3.0042,1.049,2.28
2009-08-03,4.1191,3.0351,1.084,2.3781
2009-08-04,4.1504,3.0477,1.1027,2.4101
2009-08-05,4.2174,3.0781,1.1393,2.5128
2009-08-06,4.2292,3.0812,1.148,2.5037
2009-08-07,4.3145,3.1209,1.1936,2.5349
2009-08-10,4.2592,3.0937,1.1655,2.4801
2009-08-11,4.1892,3.0591,1.1301,2.3791
2009-08-12,4.1966,3.0626,1.134,2.4865
2009-08-13,4.1036,3.0189,1.0847,2.3967
2009-08-14,4.0463,2.9938,1.0525,2.3961
2009-08-17,3.9719,2.9617,1.0102,2.3311
2009-08-18,3.9784,2.9671,1.0113,2.341
2009-08-19,3.9397,2.9485,0.9912,2.3099
2009-08-20,3.9164,2.9373,0.9791,2.2566
2009-08-21,4.0204,2.9855,1.0349,2.3213
2009-08-24,3.9798,2.9646,1.0152,2.2761
2009-08-25,3.9478,2.9489,0.9989,2.2281
2009-08-26,3.9323,2.9396,0.9927,2.2039
2009-08-27,3.9436,2.9442,0.9994,2.2558
2009-08-28,3.9323,2.9383,0.994,2.2727
2009-08-31,3.8858,2.917,0.9688,2.2663
2009-09-01,3.8474,2.9002,0.9472,2.2961
2009-09-02,3.7813,2.87,0.9113,2.1992
2009-09-03,3.7931,2.8783,0.9148,2.2276
2009-09-04,3.8727,2.9174,0.9553,2.3538
2009-09-08,3.9048,2.9334,0.9714,2.3789
2009-09-09,3.9208,2.9408,0.98,2.3919
2009-09-10,3.8336,2.8985,0.9351,2.2284
2009-09-11,3.8021,2.8833,0.9188,2.194
2009-09-14,3.8451,2.9033,0.9418,2.2469
2009-09-15,3.8921,2.9243,0.9678,2.2943
2009-09-16,3.924,2.9347,0.9893,2.2553
2009-09-17,3.8802,2.9103,0.9699,2.1868
2009-09-18,3.9285,2.9297,0.9988,2.2272
2009-09-21,3.93,2.9293,1.0007,2.2426
2009-09-22,3.9128,2.9209,0.9919,2.2574
2009-09-23,3.8884,2.91,0.9784,2.2754
2009-09-24,3.85,2.8922,0.9578,2.2516
2009-09-25,3.8136,2.875,0.9386,2.1302
2009-09-28,3.7708,2.8534,0.9174,2.0802
2009-09-29,3.7589,2.8481,0.9108,2.0684
2009-09-30,3.7416,2.8404,0.9012,2.1064
2009-10-01,3.6601,2.799,0.8611,2.0554
2009-10-02,3.6573,2.7973,0.86,2.0734
2009-10-05,3.6509,2.7926,0.8583,2.0586
2009-10-06,3.6724,2.8017,0.8707,2.0756
2009-10-07,3.6097,2.7711,0.8386,2.0239
2009-10-08,3.6468,2.7878,0.859,2.093
2009-10-09,3.7663,2.8443,0.922,2.1961
2009-10-13,3.738,2.8294,0.9086,2.1881
2009-10-14,3.8119,2.8652,0.9467,2.2985
2009-10-15,3.8625,2.889,0.9735,2.3097
2009-10-16,3.8352,2.8758,0.9594,2.216
2009-10-19,3.8157,2.8672,0.9485,2.1835
2009-10-20,3.7641,2.8429,0.9212,2.1564
2009-10-21,3.8048,2.8613,0.9435,2.177
2009-10-22,3.8249,2.8686,0.9563,2.215
2009-10-23,3.8821,2.8953,0.9868,2.2221
2009-10-26,3.9509,2.9277,1.0232,2.3015
2009-10-27,3.885,2.896,0.989,2.2679
2009-10-28,3.8373,2.8742,0.9631,2.2432
2009-10-29,3.8947,2.9025,0.9922,2.3208
2009-10-30,3.8176,2.8657,0.9519,2.2497
2009-11-02,3.8169,2.8676,0.9493,2.2716
2009-11-03,3.8544,2.8873,0.9671,2.3491
2009-11-04,3.9054,2.9126,0.9928,2.4514
2009-11-05,3.9113,2.9167,0.9946,2.489
2009-11-06,3.8945,2.9122,0.9823,2.502
2009-11-09,3.8866,2.9126,0.974,2.4759
2009-11-10,3.8889,2.9163,0.9726,2.4904
2009-11-12,3.8666,2.9076,0.959,2.4737
2009-11-13,3.8501,2.9012,0.9489,2.4297
2009-11-16,3.7683,2.8637,0.9046,2.3213
2009-11-17,3.7433,2.8522,0.8911,2.3118
2009-11-18,3.7565,2.8576,0.8989,2.3664
2009-11-19,3.7452,2.8507,0.8945,2.3697
2009-11-20,3.7562,2.8551,0.9011,2.3661
2009-11-23,3.7614,2.8591,0.9023,2.3598
2009-11-24,3.7105,2.8361,0.8744,2.3355
2009-11-25,3.6665,2.8158,0.8507,2.2578
2009-11-27,3.5977,2.7826,0.8151,2.2169
2009-11-30,3.5683,2.7719,0.7964,2.2321
2009-12-01,3.601,2.7904,0.8106,2.3264
2009-12-02,3.6442,2.8112,0.833,2.3162
2009-12-03,3.7061,2.8418,0.8643,2.4139
2009-12-04,3.8015,2.8868,0.9147,2.4335
2009-12-07,3.786,2.8769,0.9091,2.4563
2009-12-08,3.7451,2.8568,0.8883,2.4689
2009-12-09,3.7623,2.8652,0.8971,2.4908
2009-12-10,3.8077,2.8871,0.9206,2.5499
2009-12-11,3.8687,2.9169,0.9518,2.5759
2009-12-14,3.8993,2.9311,0.9682,2.525
2009-12-15,3.9355,2.948,0.9875,2.5319
2009-12-16,3.942,2.9498,0.9922,2.5476
2009-12-17,3.8584,2.909,0.9494,2.4814
2009-12-18,3.8865,2.924,0.9625,2.5183
2009-12-21,3.9948,2.9782,1.0166,2.6136
2009-12-22,4.0694,3.0141,1.0553,2.6619
2009-12-23,4.1019,3.0275,1.0744,2.6496
2009-12-24,4.154,3.0498,1.1042,2.6754
2009-12-28,4.191,3.0685,1.1225,2.6355
2009-12-29,4.1778,3.0604,1.1174,2.5898
2009-12-30,4.1588,3.0459,1.1129,2.5566
2009-12-31,4.1939,3.0592,1.1347,2.5494
2010-01-04,4.186,3.0535,1.1325,2.6163
2010-01-05,4.124,3.0228,1.1012,2.5956
2010-01-06,4.1605,3.04,1.1205,2.6881
2010-01-07,4.1773,3.0473,1.13,2.6491
2010-01-08,4.1611,3.0395,1.1216,2.6759
2010-01-11,4.1714,3.0447,1.1267,2.7211
2010-01-12,4.0983,3.0114,1.0869,2.59
2010-01-13,4.134,3.0311,1.1029,2.6461
2010-01-14,4.1023,3.0162,1.0861,2.6023
2010-01-15,4.0567,2.9966,1.0601,2.5844
2010-01-19,4.0693,3.0036,1.0657,2.5811
2010-01-20,4.0354,2.9869,1.0485,2.5137
2010-01-21,3.9785,2.9606,1.0179,2.4873
2010-01-22,3.9582,2.9523,1.0059,2.4765
2010-01-25,3.9803,2.9645,1.0158,2.5292
2010-01-26,3.9812,2.9662,1.015,2.5202
2010-01-27,4.0001,2.9767,1.0234,2.4954
2010-01-28,4.0062,2.9802,1.026,2.5579
2010-01-29,3.9708,2.9643,1.0065,2.5287
2010-02-01,3.9959,2.9798,1.0161,2.5782
2010-02-02,3.9924,2.98,1.0124,2.5659
2010-02-03,4.0304,2.9995,1.0309,2.6331
2010-02-04,3.9591,2.9656,0.9935,2.5563
2010-02-05,3.9127,2.9468,0.9659,2.5606
2010-02-08,3.9238,2.9558,0.968,2.5724
2010-02-09,3.9683,2.979,0.9893,2.6036
2010-02-10,4.0275,3.007,1.0205,2.6315
2010-02-11,4.048,3.0157,1.0323,2.669
2010-02-12,4.0243,3.0034,1.0209,2.6633
2010-02-16,3.9994,2.9917,1.0077,2.6492
2010-02-17,4.0553,3.0186,1.0367,2.6958
2010-02-18,4.1135,3.0457,1.0678,2.7369
2010-02-19,4.1356,3.0558,1.0798,2.6618
2010-02-22,4.1392,3.0567,1.0825,2.7214
2010-02-23,4.0637,3.0218,1.0419,2.6183
2010-02-24,4.049,3.0156,1.0334,2.629
2010-02-25,4.0016,2.9945,1.0071,2.6038
2010-02-26,3.9674,2.9801,0.9873,2.5711
2010-03-01,3.9516,2.9742,0.9774,2.5891
2010-03-02,3.9465,2.9739,0.9726,2.6107
2010-03-03,3.9525,2.9781,0.9744,2.6129
2010-03-04,3.9405,2.9716,0.9689,2.5229
2010-03-05,3.9931,2.9967,0.9964,2.5977
2010-03-08,4.0174,3.0086,1.0088,2.6435
2010-03-09,4.0144,3.0075,1.0069,2.64
2010-03-10,4.0337,3.0155,1.0182,2.616
2010-03-11,4.0495,3.0218,1.0277,2.5579
2010-03-12,4.0332,3.0118,1.0214,2.5103
2010-03-15,4.0268,3.0087,1.0181,2.5135
2010-03-16,3.9844,2.9873,0.9971,2.4693
2010-03-17,3.9622,2.9745,0.9877,2.4255
2010-03-18,3.9839,2.984,0.9999,2.4077
2010-03-19,4.0015,2.9896,1.0119,2.3721
2010-03-22,3.9757,2.9746,1.0011,2.3561
2010-03-23,3.9723,2.97,1.0023,2.3888
2010-03-24,4.0863,3.0215,1.0648,2.4308
2010-03-25,4.1608,3.0547,1.1061,2.543
2010-03-26,4.1469,3.0473,1.0996,2.5387
2010-03-29,4.1572,3.0533,1.1039,2.5299
2010-03-30,4.1647,3.0584,1.1063,2.5393
2010-03-31,4.1379,3.0471,1.0908,2.5335
2010-04-01,4.1641,3.0611,1.103,2.5476
2010-04-02,4.231,3.0935,1.1375,2.5994
2010-04-05,4.2903,3.122,1.1683,2.6145
2010-04-06,4.2749,3.1133,1.1616,2.5858
2010-04-07,4.1971,3.0755,1.1216,2.4978
2010-04-08,4.2026,3.0784,1.1242,2.5289
2010-04-09,4.1964,3.0749,1.1215,2.5092
2010-04-12,4.1598,3.0574,1.1024,2.4712
2010-04-13,4.1316,3.0439,1.0877,2.4522
2010-04-14,4.1504,3.0529,1.0975,2.5006
2010-04-15,4.1346,3.0455,1.0891,2.5134
2010-04-16,4.0788,3.0202,1.0586,2.4699
2010-04-19,4.0975,3.0301,1.0674,2.4788
2010-04-20,4.1039,3.0332,1.0707,2.4331
2010-04-21,4.064,3.0125,1.0515,2.3688
2010-04-22,4.0854,3.0222,1.0632,2.3758
2010-04-23,4.1164,3.0357,1.0807,2.3843
2010-04-26,4.1114,3.0321,1.0793,2.3965
2010-04-27,4.0092,2.9831,1.0261,2.3559
2010-04-28,4.0471,3.0018,1.0453,2.3868
2010-04-29,4.0252,2.9921,1.0331,2.3828
2010-04-30,3.9735,2.9684,1.0051,2.3262
2010-05-03,3.9872,2.9765,1.0107,2.3381
2010-05-04,3.9213,2.9447,0.9766,2.2656
2010-05-05,3.8673,2.9191,0.9482,2.3171
2010-05-06,3.7335,2.8522,0.8813,2.2163
2010-05-07,3.7383,2.8573,0.881,2.232
2010-05-10,3.8132,2.8963,0.9169,2.302
2010-05-11,3.8245,2.9035,0.921,2.323
2010-05-12,3.8552,2.9187,0.9365,2.3415
2010-05-13,3.8443,2.9137,0.9306,2.306
2010-05-14,3.7605,2.8751,0.8854,2.2706
2010-05-17,3.7689,2.8814,0.8875,2.2983
2010-05-18,3.7012,2.8511,0.8501,2.2084
2010-05-19,3.6829,2.8433,0.8396,2.1426
2010-05-20,3.5989,2.8029,0.796,2.0599
2010-05-21,3.5491,2.7789,0.7702,1.9985
2010-05-24,3.5487,2.7779,0.7708,2.005
2010-05-25,3.5128,2.7581,0.7547,1.9338
2010-05-26,3.5245,2.7609,0.7636,1.9056
2010-05-27,3.6171,2.8023,0.8148,2.0291
2010-05-28,3.5981,2.7911,0.807,2.0494
2010-06-01,3.589,2.7873,0.8017,2.0445
2010-06-02,3.633,2.8083,0.8247,2.097
2010-06-03,3.6674,2.8234,0.844,2.1426
2010-06-04,3.54,2.7627,0.7773,2.0171
2010-06-07,3.4867,2.7372,0.7495,1.9973
2010-06-08,3.4794,2.7325,0.7469,1.9859
2010-06-09,3.4816,2.7306,0.751,1.997
2010-06-10,3.5782,2.775,0.8032,2.0889
2010-06-11,3.5306,2.7487,0.7819,2.0046
2010-06-14,3.5526,2.7569,0.7957,2.0535
2010-06-15,3.5906,2.7751,0.8155,2.0954
2010-06-16,3.5613,2.7618,0.7995,2.0341
2010-06-17,3.5095,2.737,0.7725,1.9814
2010-06-18,3.5216,2.7447,0.7769,2.0072
2010-06-21,3.5367,2.7535,0.7832,2.0334
2010-06-22,3.4822,2.7296,0.7526,1.9493
2010-06-23,3.4251,2.7047,0.7204,1.9014
2010-06-24,3.4186,2.7038,0.7148,1.9514
2010-06-25,3.4021,2.6982,0.7039,1.9633
2010-06-28,3.3406,2.6737,0.6669,1.9019
2010-06-29,3.2761,2.6448,0.6313,1.817
2010-06-30,3.254,2.6371,0.6169,1.7878
2010-07-01,3.2433,2.6319,0.6114,1.7462
2010-07-02,3.2663,2.6426,0.6237,1.8062
2010-07-06,3.2289,2.6243,0.6046,1.7902
2010-07-07,3.2543,2.6358,0.6185,1.8786
2010-07-08,3.281,2.6473,0.6337,1.9258
2010-07-09,3.3188,2.6658,0.653,1.9339
2010-07-12,3.3283,2.6701,0.6582,1.9338
2010-07-13,3.372,2.69,0.682,1.967
2010-07-14,3.3278,2.6683,0.6595,1.933
2010-07-15,3.2662,2.6399,0.6263,1.8898
2010-07-16,3.2105,2.6144,0.5961,1.8729
2010-07-19,3.2161,2.6197,0.5964,1.9057
2010-07-20,3.2074,2.6158,0.5916,1.9039
2010-07-21,3.1537,2.5902,0.5635,1.8071
2010-07-22,3.1729,2.6006,0.5723,1.8882
2010-07-23,3.2228,2.625,0.5978,1.9383
2010-07-26,3.2449,2.6354,0.6095,1.9212
2010-07-27,3.2917,2.6568,0.6349,1.9471
2010-07-28,3.2523,2.6376,0.6147,1.9521
2010-07-29,3.229,2.6278,0.6012,1.9993
2010-07-30,3.152,2.5929,0.5591,1.9119
2010-08-02,3.1695,2.6039,0.5656,1.9756
2010-08-03,3.1176,2.5812,0.5364,1.9456
2010-08-04,3.1468,2.5963,0.5505,1.9478
2010-08-05,3.1169,2.5813,0.5356,1.9171
2010-08-06,3.0528,2.5503,0.5025,1.8279
2010-08-09,3.0409,2.5441,0.4968,1.8075
2010-08-10,2.9806,2.5147,0.4659,1.7603
2010-08-11,2.9176,2.4832,0.4344,1.6489
2010-08-12,2.9141,2.4799,0.4342,1.6253
2010-08-13,2.8767,2.4589,0.4178,1.5414
2010-08-16,2.7883,2.4144,0.3739,1.414
2010-08-17,2.8053,2.4219,0.3834,1.4914
2010-08-18,2.8095,2.422,0.3875,1.4698
2010-08-19,2.7703,2.4017,0.3686,1.4102
2010-08-20,2.7938,2.411,0.3828,1.431
2010-08-23,2.7773,2.4023,0.375,1.4234
2010-08-24,2.7072,2.3685,0.3387,1.3204
2010-08-25,2.7221,2.3744,0.3477,1.3348
2010-08-26,2.6915,2.3578,0.3337,1.2673
2010-08-27,2.7883,2.4024,0.3859,1.4315
2010-08-30,2.7254,2.3702,0.3552,1.3306
2010-08-31,2.6624,2.3394,0.323,1.2652
2010-09-01,2.7214,2.3672,0.3542,1.4165
2010-09-02,2.7664,2.3887,0.3777,1.4866
2010-09-03,2.8541,2.4312,0.4229,1.5858
2010-09-07,2.7928,2.4018,0.391,1.4482
2010-09-08,2.8202,2.4159,0.4043,1.4819
2010-09-09,2.9075,2.4576,0.4499,1.5669
2010-09-10,2.963,2.4837,0.4793,1.6133
2010-09-13,2.9203,2.4644,0.4559,1.5889
2010-09-14,2.8672,2.4418,0.4254,1.566
2010-09-15,2.8891,2.4552,0.4339,1.6514
2010-09-16,2.9264,2.4764,0.45,1.7213
2010-09-17,2.9265,2.4791,0.4474,1.7171
2010-09-20,2.9024,2.4702,0.4322,1.6852
2010-09-21,2.8219,2.4339,0.388,1.5956
2010-09-22,2.7696,2.4088,0.3608,1.5034
2010-09-23,2.7552,2.4022,0.353,1.5037
2010-09-24,2.7881,2.4171,0.371,1.58
2010-09-27,2.7301,2.3888,0.3413,1.4717
2010-09-28,2.6668,2.3585,0.3083,1.4089
2010-09-29,2.6743,2.362,0.3123,1.439
2010-09-30,2.6746,2.3617,0.3129,1.4646
2010-10-01,2.6765,2.3626,0.3139,1.4901
2010-10-04,2.649,2.3478,0.3012,1.4559
2010-10-05,2.6302,2.3374,0.2928,1.478
2010-10-06,2.5712,2.3081,0.2631,1.3751
2010-10-07,2.5496,2.2979,0.2517,1.4146
2010-10-08,2.5365,2.2913,0.2452,1.4266
2010-10-12,2.5563,2.3015,0.2548,1.4491
2010-10-13,2.5621,2.3053,0.2568,1.4927
2010-10-14,2.6092,2.3287,0.2805,1.5435
2010-10-15,2.6658,2.3574,0.3084,1.6794
2010-10-18,2.6336,2.3444,0.2892,1.6063
2010-10-19,2.6062,2.3328,0.2734,1.575
2010-10-20,2.6033,2.3324,0.2709,1.5935
2010-10-21,2.6473,2.3546,0.2927,1.686
2010-10-22,2.6757,2.3691,0.3066,1.6974
2010-10-25,2.6909,2.377,0.3139,1.6486
2010-10-26,2.7627,2.4119,0.3508,1.742
2010-10-27,2.8393,2.4487,0.3906,1.8155
2010-10-28,2.8045,2.4327,0.3718,1.8258
2010-10-29,2.7526,2.409,0.3436,1.7895
2010-11-01,2.7526,2.4114,0.3412,1.8402
2010-11-02,2.7285,2.4008,0.3277,1.7495
2010-11-03,2.7215,2.3995,0.322,1.8689
2010-11-04,2.6234,2.3529,0.2705,1.6626
2010-11-05,2.6294,2.3549,0.2745,1.6744
2010-11-08,2.6359,2.3556,0.2803,1.6335
2010-11-09,2.7246,2.3945,0.3301,1.707
2010-11-10,2.7065,2.3828,0.3237,1.6896
2010-11-12,2.7894,2.4197,0.3697,1.7226
2010-11-15,2.9324,2.4868,0.4456,1.9009
2010-11-16,2.9358,2.4867,0.4491,1.7984
2010-11-17,2.966,2.5011,0.4649,1.9092
2010-11-18,2.9986,2.5181,0.4805,1.9425
2010-11-19,3.0062,2.5215,0.4847,1.8556
2010-11-22,2.9467,2.4948,0.4519,1.8358
2010-11-23,2.9075,2.4782,0.4293,1.8126
2010-11-24,3.0232,2.5352,0.488,1.9326
2010-11-26,3.0157,2.5317,0.484,1.8697
2010-11-29,2.9951,2.5232,0.4719,1.8226
2010-11-30,2.9634,2.5091,0.4543,1.8304
2010-12-01,3.0836,2.566,0.5176,1.9446
2010-12-02,3.1453,2.5937,0.5516,1.95
2010-12-03,3.1639,2.602,0.5619,2.0532
2010-12-06,3.1095,2.5786,0.5309,2.0422
2010-12-07,3.2696,2.6567,0.6129,2.2038
2010-12-08,3.4037,2.7202,0.6835,2.2655
2010-12-09,3.4431,2.7363,0.7068,2.1696
2010-12-10,3.5185,2.7703,0.7482,2.2404
2010-12-13,3.5073,2.7662,0.7411,2.2736
2010-12-14,3.6477,2.8356,0.8121,2.4503
2010-12-15,3.7199,2.8709,0.849,2.511
2010-12-16,3.6939,2.8583,0.8356,2.4268
2010-12-17,3.6058,2.8153,0.7905,2.2972
2010-12-20,3.5948,2.8125,0.7823,2.3054
2010-12-21,3.5857,2.8088,0.7769,2.259
2010-12-22,3.5967,2.814,0.7827,2.2579
2010-12-23,3.6419,2.834,0.8079,2.2754
2010-12-27,3.621,2.8245,0.7965,2.1781
2010-12-28,3.7047,2.8629,0.8418,2.3186
2010-12-29,3.6094,2.8153,0.7941,2.2082
2010-12-30,3.6118,2.8158,0.796,2.2286
2010-12-31,3.561,2.7909,0.7701,2.1421
2011-01-03,3.5743,2.7997,0.7746,2.2194
2011-01-04,3.5773,2.8019,0.7754,2.2419
2011-01-05,3.6871,2.8542,0.8329,2.3557
2011-01-06,3.6675,2.8441,0.8234,2.2937
2011-01-07,3.585,2.8054,0.7796,2.2791
2011-01-10,3.5423,2.7874,0.7549,2.2648
2011-01-11,3.5704,2.8032,0.7672,2.3141
2011-01-12,3.581,2.8091,0.7719,2.3227
2011-01-13,3.546,2.7933,0.7527,2.3163
2011-01-14,3.5535,2.7979,0.7556,2.3311
2011-01-18,3.5783,2.8116,0.7667,2.3677
2011-01-19,3.5722,2.8098,0.7624,2.3552
2011-01-20,3.6556,2.85,0.8056,2.4279
2011-01-21,3.6563,2.8499,0.8064,2.3891
2011-01-24,3.6476,2.845,0.8026,2.3735
2011-01-25,3.5825,2.8138,0.7687,2.2765
2011-01-26,3.6314,2.8378,0.7936,2.4122
2011-01-27,3.6171,2.8306,0.7865,2.4069
2011-01-28,3.5664,2.8064,0.76,2.3368
2011-01-31,3.5947,2.8218,0.7729,2.422
2011-02-01,3.6542,2.851,0.8032,2.4554
2011-02-02,3.7083,2.876,0.8323,2.4072
2011-02-03,3.7701,2.9021,0.868,2.4291
2011-02-04,3.859,2.9416,0.9174,2.4864
2011-02-07,3.8876,2.9528,0.9348,2.4629
2011-02-08,3.9604,2.984,0.9764,2.4641
2011-02-09,3.9205,2.9613,0.9592,2.3838
2011-02-10,3.9477,2.9694,0.9783,2.3806
2011-02-11,3.9193,2.9515,0.9678,2.2906
2011-02-14,3.8957,2.9377,0.958,2.2548
2011-02-15,3.8698,2.9236,0.9462,2.2398
2011-02-16,3.8695,2.9209,0.9486,2.2468
2011-02-17,3.8286,2.8984,0.9302,2.2556
2011-02-18,3.8267,2.8974,0.9293,2.2894
2011-02-22,3.7249,2.8516,0.8733,2.2123
2011-02-23,3.7258,2.8542,0.8716,2.215
2011-02-24,3.7052,2.8457,0.8595,2.1567
2011-02-25,3.6747,2.8321,0.8426,2.1338
2011-02-28,3.6549,2.8261,0.8288,2.1607
2011-03-01,3.6407,2.8208,0.8199,2.175
2011-03-02,3.6793,2.8404,0.8389,2.22
2011-03-03,3.7869,2.8903,0.8966,2.2586
2011-03-04,3.7351,2.8645,0.8706,2.2466
2011-03-07,3.742,2.8676,0.8744,2.2616
2011-03-08,3.7748,2.8833,0.8915,2.323
2011-03-09,3.7292,2.8606,0.8686,2.2672
2011-03-10,3.6382,2.8161,0.8221,2.2207
2011-03-11,3.6335,2.8141,0.8194,2.2691
2011-03-14,3.5915,2.7961,0.7954,2.261
2011-03-15,3.5653,2.785,0.7803,2.2027
2011-03-16,3.4667,2.7393,0.7274,2.1425
2011-03-17,3.4649,2.7381,0.7268,2.1618
2011-03-18,3.4928,2.7497,0.7431,2.1458
2011-03-21,3.5441,2.7742,0.7699,2.1229
2011-03-22,3.5617,2.7809,0.7808,2.1209
2011-03-23,3.5764,2.7857,0.7907,2.1457
2011-03-24,3.6333,2.8118,0.8215,2.1807
2011-03-25,3.6853,2.8344,0.8509,2.1676
2011-03-28,3.7075,2.8436,0.8639,2.1351
2011-03-29,3.729,2.8512,0.8778,2.1609
2011-03-30,3.7069,2.839,0.8679,2.1579
2011-03-31,3.7148,2.8413,0.8735,2.1346
2011-04-01,3.711,2.8356,0.8754,2.0877
2011-04-04,3.6882,2.8218,0.8664,2.1289
2011-04-05,3.7344,2.8433,0.8911,2.1267
2011-04-06,3.7844,2.865,0.9194,2.1889
2011-04-07,3.7963,2.868,0.9283,2.2705
2011-04-08,3.8187,2.8778,0.9409,2.2707
2011-04-11,3.8273,2.8821,0.9452,2.2835
2011-04-12,3.7676,2.8543,0.9133,2.2707
2011-04-13,3.7328,2.84,0.8928,2.241
2011-04-14,3.7443,2.8484,0.8959,2.2395
2011-04-15,3.6868,2.8229,0.8639,2.1909
2011-04-18,3.6423,2.8038,0.8385,2.2159
2011-04-19,3.6253,2.797,0.8283,2.196
2011-04-20,3.6624,2.8151,0.8473,2.2146
2011-04-21,3.6601,2.8139,0.8462,2.194
2011-04-25,3.6321,2.8018,0.8303,2.1639
2011-04-26,3.5885,2.7819,0.8066,2.1583
2011-04-27,3.6013,2.7892,0.8121,2.2374
2011-04-28,3.5681,2.7733,0.7948,2.2407
2011-04-29,3.542,2.7621,0.7799,2.2353
2011-05-02,3.5301,2.7575,0.7726,2.2313
2011-05-03,3.5113,2.7471,0.7642,2.1928
2011-05-04,3.4839,2.7321,0.7518,2.1317
2011-05-05,3.4212,2.7002,0.721,2.075
2011-05-06,3.4037,2.6913,0.7124,2.1014
2011-05-09,3.3787,2.6798,0.6989,2.0958
2011-05-10,3.4192,2.6989,0.7203,2.1324
2011-05-11,3.3979,2.6884,0.7095,2.1182
2011-05-12,3.4121,2.6948,0.7173,2.1412
2011-05-13,3.3886,2.6841,0.7045,2.0939
2011-05-16,3.3551,2.6689,0.6862,2.0738
2011-05-17,3.3258,2.6556,0.6702,2.0544
2011-05-18,3.3626,2.6742,0.6884,2.0672
2011-05-19,3.3608,2.6744,0.6864,2.0853
2011-05-20,3.3455,2.668,0.6775,2.0838
2011-05-23,3.3238,2.6591,0.6647,2.0553
2011-05-24,3.3157,2.6563,0.6594,2.0439
2011-05-25,3.3107,2.6541,0.6566,2.0752
2011-05-26,3.2548,2.6279,0.6269,2.0513
2011-05-27,3.2449,2.625,0.6199,2.0866
2011-05-31,3.224,2.6178,0.6062,2.0867
2011-06-01,3.1513,2.5837,0.5676,1.9902
2011-06-02,3.1782,2.5969,0.5813,2.0683
2011-06-03,3.1485,2.5821,0.5664,2.044
2011-06-06,3.1435,2.5805,0.563,2.0689
2011-06-07,3.1478,2.5842,0.5636,2.1065
2011-06-08,3.1059,2.5653,0.5406,2.0793
2011-06-09,3.143,2.5837,0.5593,2.09
2011-06-10,3.1321,2.5782,0.5539,2.0579
2011-06-13,3.1411,2.5831,0.558,2.0843
2011-06-14,3.2275,2.6244,0.6031,2.1752
2011-06-15,3.1452,2.5854,0.5598,2.0924
2011-06-16,3.093,2.561,0.532,2.0145
2011-06-17,3.0882,2.5583,0.5299,2.037
2011-06-20,3.098,2.5619,0.5361,2.0574
2011-06-21,3.1209,2.5724,0.5485,2.1009
2011-06-22,3.1376,2.5792,0.5584,2.1208
2011-06-23,3.0757,2.5478,0.5279,2.0666
2011-06-24,3.019,2.5218,0.4972,2.0592
2011-06-27,3.0579,2.5421,0.5158,2.1029
2011-06-28,3.1614,2.5917,0.5697,2.1581
2011-06-29,3.2518,2.6332,0.6186,2.2597
2011-06-30,3.3174,2.6637,0.6537,2.2922
2011-07-01,3.3769,2.6906,0.6863,2.2979
2011-07-05,3.336,2.6706,0.6654,2.3068
2011-07-06,3.2973,2.6519,0.6454,2.286
2011-07-07,3.3411,2.6739,0.6672,2.277
2011-07-08,3.2342,2.6239,0.6103,2.2017
2011-07-11,3.145,2.5831,0.5619,2.1346
2011-07-12,3.0935,2.56,0.5335,2.0888
2011-07-13,3.0641,2.5446,0.5195,2.0691
2011-07-14,3.1009,2.5612,0.5397,2.1382
2011-07-15,3.0794,2.5507,0.5287,2.1211
2011-07-18,3.0683,2.5463,0.522,2.1522
2011-07-19,3.0439,2.5351,0.5088,2.0451
2011-07-20,3.0721,2.5489,0.5232,2.1118
2011-07-21,3.1338,2.5799,0.5539,2.1807
2011-07-22,3.12,2.5735,0.5465,2.126
2011-07-25,3.1418,2.5848,0.557,2.1683
2011-07-26,3.1129,2.5734,0.5395,2.1339
2011-07-27,3.1253,2.5811,0.5442,2.1222
2011-07-28,3.1087,2.574,0.5347,2.1116
2011-07-29,2.9706,2.5126,0.458,1.9861
2011-08-01,2.904,2.4836,0.4204,1.915
2011-08-02,2.8012,2.4314,0.3698,1.7847
2011-08-03,2.7659,2.4077,0.3582,1.7184
2011-08-04,2.6259,2.3338,0.2921,1.5383
2011-08-05,2.6708,2.3511,0.3197,1.6512
2011-08-08,2.5664,2.2999,0.2665,1.4106
2011-08-09,2.3792,2.2078,0.1714,1.252
2011-08-10,2.3133,2.1736,0.1397,1.1706
2011-08-11,2.3968,2.2142,0.1826,1.4292
2011-08-12,2.3517,2.1904,0.1613,1.2897
2011-08-15,2.3683,2.1974,0.1709,1.342
2011-08-16,2.3296,2.1778,0.1518,1.2884
2011-08-17,2.2723,2.1471,0.1252,1.1693
2011-08-18,2.2061,2.1116,0.0945,1.0239
2011-08-19,2.1744,2.0929,0.0815,0.9676
2011-08-22,2.1818,2.0928,0.089,0.9948
2011-08-23,2.2052,2.1015,0.1037,1.0604
2011-08-24,2.3064,2.1499,0.1565,1.2675
2011-08-25,2.2873,2.1396,0.1477,1.2148
2011-08-26,2.2591,2.1265,0.1326,1.1968
2011-08-29,2.3107,2.1542,0.1565,1.3085
2011-08-30,2.2663,2.1335,0.1328,1.1774
2011-08-31,2.2858,2.1449,0.1409,1.2648
2011-09-01,2.2351,2.1212,0.1139,1.1543
2011-09-02,2.1491,2.0782,0.0709,0.8989
2011-09-06,2.0979,2.0521,0.0458,0.8352
2011-09-07,2.1222,2.0619,0.0603,0.9477
2011-09-08,2.0909,2.0455,0.0454,0.8968
2011-09-09,2.0309,2.0141,0.0168,0.8184
2011-09-12,2.0326,2.0123,0.0203,0.7779
2011-09-13,2.0592,2.0232,0.036,0.864
2011-09-14,2.0843,2.0328,0.0515,0.8851
2011-09-15,2.1362,2.0572,0.079,0.9882
2011-09-16,2.1485,2.063,0.0855,0.9846
2011-09-19,2.0757,2.0287,0.047,0.858
2011-09-20,2.0492,2.0164,0.0328,0.8309
2011-09-21,2.0151,1.9982,0.0169,0.6427
2011-09-22,1.8935,1.9347,-0.0412,0.4039
2011-09-23,1.9349,1.9512,-0.0163,0.5462
2011-09-26,1.9852,1.9734,0.0118,0.6433
2011-09-27,2.0546,2.0052,0.0494,0.774
2011-09-28,2.0886,2.0212,0.0674,0.8057
2011-09-29,2.0813,2.0177,0.0636,0.7432
2011-09-30,2.0411,1.9981,0.043,0.6483
2011-10-03,1.9468,1.9519,-0.0051,0.4824
2011-10-04,1.9298,1.9412,-0.0114,0.4837
2011-10-05,1.9861,1.9654,0.0207,0.6083
2011-10-06,2.0551,1.9975,0.0576,0.7173
2011-10-07,2.144,2.04,0.104,0.8051
2011-10-11,2.225,2.0798,0.1452,0.8947
2011-10-12,2.2873,2.1119,0.1754,1.009
2011-10-13,2.2773,2.1095,0.1678,0.9764
2011-10-14,2.3146,2.1311,0.1835,1.0906
2011-10-17,2.2834,2.12,0.1634,0.9795
2011-10-18,2.2808,2.1224,0.1584,1.0148
2011-10-19,2.2686,2.118,0.1506,0.9974
2011-10-20,2.2788,2.124,0.1548,1.0265
2011-10-21,2.303,2.136,0.167,1.0877
2011-10-24,2.3324,2.1509,0.1815,1.0982
2011-10-25,2.2574,2.1144,0.143,0.9626
2011-10-26,2.3025,2.1373,0.1652,1.0575
2011-10-27,2.4398,2.2052,0.2346,1.3178
2011-10-28,2.4203,2.1958,0.2245,1.2367
2011-10-31,2.2981,2.1378,0.1603,1.0437
2011-11-01,2.1642,2.0729,0.0913,0.8188
2011-11-02,2.122,2.0524,0.0696,0.8585
2011-11-03,2.1401,2.0606,0.0795,0.94
2011-11-04,2.1199,2.05,0.0699,0.9193
2011-11-07,2.1008,2.0398,0.061,0.8495
2011-11-08,2.1332,2.0544,0.0788,0.9423
2011-11-09,2.078,2.0266,0.0514,0.7883
2011-11-10,2.0971,2.0349,0.0622,0.8655
2011-11-14,2.0965,2.0341,0.0624,0.8564
2011-11-15,2.109,2.0398,0.0692,0.8619
2011-11-16,2.0813,2.0253,0.056,0.7846
2011-11-17,2.0405,2.0047,0.0358,0.6958
2011-11-18,2.068,2.0158,0.0522,0.735
2011-11-21,2.0482,2.0053,0.0429,0.6821
2011-11-22,2.0201,1.9914,0.0287,0.6557
2011-11-23,1.9767,1.9699,0.0068,0.5585
2011-11-25,2.0147,1.9881,0.0266,0.6704
2011-11-28,2.0182,1.9904,0.0278,0.703
2011-11-29,2.0433,2.002,0.0413,0.7501
2011-11-30,2.0985,2.0292,0.0693,0.8945
2011-12-01,2.1349,2.0474,0.0875,0.9339
2011-12-02,2.1055,2.0348,0.0707,0.8466
2011-12-05,2.0976,2.0308,0.0668,0.8259
2011-12-06,2.1225,2.0435,0.079,0.9068
2011-12-07,2.085,2.027,0.058,0.8515
2011-12-08,2.0464,2.0086,0.0378,0.8024
2011-12-09,2.0858,2.029,0.0568,0.9244
2011-12-12,2.0739,2.0238,0.0501,0.8652
2011-12-13,2.0298,2.0025,0.0273,0.7439
2011-12-14,1.9934,1.9833,0.0101,0.6329
2011-12-15,1.9808,1.975,0.0058,0.6498
2011-12-16,1.9299,1.9482,-0.0183,0.5819
2011-12-19,1.8894,1.9268,-0.0374,0.492
2011-12-20,1.9446,1.9523,-0.0077,0.6559
2011-12-21,1.9899,1.973,0.0169,0.69
2011-12-22,2.0022,1.9773,0.0249,0.6752
2011-12-23,2.0538,2.0014,0.0524,0.7396
2011-12-27,2.0651,2.0074,0.0577,0.7301
2011-12-28,2.0109,1.9803,0.0306,0.5979
2011-12-29,1.9789,1.9658,0.0131,0.5767
2011-12-30,1.947,1.951,-0.004,0.5957
2012-01-03,1.991,1.9732,0.0178,0.695
2012-01-04,2.0173,1.9865,0.0308,0.7546
2012-01-05,2.0306,1.9943,0.0363,0.7766
2012-01-06,2.016,1.9875,0.0285,0.7321
2012-01-09,2.0041,1.9819,0.0222,0.7337
2012-01-10,2.0167,1.989,0.0277,0.7648
2012-01-11,1.9746,1.9694,0.0052,0.6825
2012-01-12,1.9751,1.9711,0.004,0.6994
2012-01-13,1.9376,1.9537,-0.0161,0.624
2012-01-17,1.9124,1.9416,-0.0292,0.5981
2012-01-18,1.9342,1.9529,-0.0187,0.6632
2012-01-19,1.9978,1.9855,0.0123,0.7926
2012-01-20,2.0515,2.0129,0.0386,0.8548
2012-01-23,2.0932,2.0339,0.0593,0.9121
2012-01-24,2.1022,2.0393,0.0629,0.9026
2012-01-25,2.0431,2.0128,0.0303,0.8585
2012-01-26,1.9919,1.9912,0.0007,0.8
2012-01-27,1.9555,1.9758,-0.0203,0.7489
2012-01-30,1.9095,1.9537,-0.0442,0.6544
2012-01-31,1.867,1.9331,-0.0661,0.5893
2012-02-01,1.8735,1.9365,-0.063,0.656
2012-02-02,1.859,1.9307,-0.0717,0.6273
2012-02-03,1.9232,1.9623,-0.0391,0.7723
2012-02-06,1.9165,1.9591,-0.0426,0.7205
2012-02-07,1.97,1.9856,-0.0156,0.8075
2012-02-08,1.988,1.995,-0.007,0.7981
2012-02-09,2.0229,2.0126,0.0103,0.8277
2012-02-10,1.9832,1.9932,-0.01,0.7221
2012-02-13,2.0003,2.0033,-0.003,0.7424
2012-02-14,1.9614,1.9855,-0.0241,0.6424
2012-02-15,1.9469,1.9775,-0.0306,0.6804
2012-02-16,1.9904,1.9971,-0.0067,0.7281
2012-02-17,2.0162,2.0078,0.0084,0.7631
2012-02-21,2.0544,2.0246,0.0298,0.7958
2012-02-22,2.0314,2.0132,0.0182,0.7486
2012-02-23,2.0198,2.008,0.0118,0.6989
2012-02-24,2.0117,2.0035,0.0082,0.6676
2012-02-27,1.9658,1.9823,-0.0165,0.6131
2012-02-28,1.9577,1.9778,-0.0201,0.6336
2012-02-29,1.98,1.9864,-0.0064,0.6798
2012-03-01,2.0203,2.0051,0.0152,0.7789
2012-03-02,1.9995,1.9941,0.0054,0.7398
2012-03-05,2.0127,2.0014,0.0113,0.7345
2012-03-06,1.9787,1.9849,-0.0062,0.6807
2012-03-07,1.9902,1.9909,-0.0007,0.6978
2012-03-08,2.0228,2.0063,0.0165,0.7524
2012-03-09,2.0434,2.0159,0.0275,0.7625
2012-03-12,2.0516,2.0202,0.0314,0.741
2012-03-13,2.1217,2.0535,0.0682,0.852
2012-03-14,2.26,2.1197,0.1403,1.0132
2012-03-15,2.2932,2.1353,0.1579,1.0518
2012-03-16,2.326,2.1523,0.1737,1.0741
2012-03-19,2.3984,2.1892,0.2092,1.1501
2012-03-20,2.4256,2.2031,0.2225,1.1188
2012-03-21,2.3826,2.1827,0.1999,1.0492
2012-03-22,2.3632,2.1738,0.1894,1.0439
2012-03-23,2.3294,2.1577,0.1717,0.9911
2012-03-26,2.3159,2.1527,0.1632,1.0103
2012-03-27,2.2674,2.1303,0.1371,0.9617
2012-03-28,2.2635,2.129,0.1345,0.9669
2012-03-29,2.2325,2.1128,0.1197,0.9189
2012-03-30,2.2599,2.1262,0.1337,1.0115
2012-04-02,2.2565,2.1249,0.1316,1.005
2012-04-03,2.3162,2.1541,0.1621,1.0685
2012-04-04,2.2889,2.1401,0.1488,1.022
2012-04-05,2.245,2.1188,0.1262,0.9495
2012-04-06,2.1356,2.0652,0.0704,0.7987
2012-04-09,2.0973,2.0477,0.0496,0.7643
2012-04-10,2.0402,2.0203,0.0199,0.7268
2012-04-11,2.0509,2.0253,0.0256,0.7805
2012-04-12,2.0729,2.0359,0.037,0.8387
2012-04-13,2.0382,2.0185,0.0197,0.7557
2012-04-16,2.0174,2.0077,0.0097,0.7169
2012-04-17,2.0301,2.0131,0.017,0.779
2012-04-18,2.0185,2.0063,0.0122,0.7384
2012-04-19,1.9984,1.9949,0.0035,0.7006
2012-04-20,2.0012,1.9965,0.0047,0.7186
2012-04-23,1.9757,1.9843,-0.0086,0.6817
2012-04-24,1.9942,1.9944,-0.0002,0.721
2012-04-25,2.0015,1.9986,0.0029,0.7508
2012-04-26,1.9883,1.9935,-0.0052,0.7166
2012-04-27,1.9708,1.985,-0.0142,0.6932
2012-04-30,1.9612,1.9816,-0.0204,0.6829
2012-05-01,1.9776,1.9895,-0.0119,0.7171
2012-05-02,1.9603,1.9801,-0.0198,0.6695
2012-05-03,1.9594,1.9796,-0.0202,0.6813
2012-05-04,1.9208,1.9591,-0.0383,0.612
2012-05-07,1.9124,1.9562,-0.0438,0.6196
2012-05-08,1.8866,1.9434,-0.0568,0.5634
2012-05-09,1.8723,1.9358,-0.0635,0.5402
2012-05-10,1.8788,1.9388,-0.06,0.5694
2012-05-11,1.8529,1.926,-0.0731,0.5049
2012-05-14,1.8084,1.9034,-0.095,0.4155
2012-05-15,1.7831,1.8889,-0.1058,0.3641
2012-05-16,1.7703,1.8809,-0.1106,0.3385
2012-05-17,1.7336,1.8609,-0.1273,0.2149
2012-05-18,1.7266,1.8537,-0.1271,0.2213
2012-05-21,1.7305,1.8531,-0.1226,0.2759
2012-05-22,1.7548,1.8634,-0.1086,0.326
2012-05-23,1.7268,1.8484,-0.1216,0.2512
2012-05-24,1.7515,1.8605,-0.109,0.2939
2012-05-25,1.7403,1.8541,-0.1138,0.2711
2012-05-29,1.7324,1.8493,-0.1169,0.2503
2012-05-30,1.6528,1.8083,-0.1555,0.1244
2012-05-31,1.6056,1.7846,-0.179,0.0709
2012-06-01,1.5143,1.7373,-0.223,-0.1226
2012-06-04,1.53,1.7434,-0.2134,-0.0428
2012-06-05,1.5534,1.7544,-0.201,0.0451
2012-06-06,1.6188,1.7864,-0.1676,0.1647
2012-06-07,1.6311,1.7926,-0.1615,0.1649
2012-06-08,1.6349,1.7952,-0.1603,0.1517
2012-06-11,1.6032,1.7799,-0.1767,0.0667
2012-06-12,1.6495,1.8032,-0.1537,0.1498
2012-06-13,1.6131,1.7851,-0.172,0.0507
2012-06-14,1.6305,1.7939,-0.1634,0.1001
2012-06-15,1.6004,1.7786,-0.1782,0.0728
2012-06-18,1.5919,1.7747,-0.1828,0.0541
2012-06-19,1.6133,1.7842,-0.1709,0.1148
2012-06-20,1.6399,1.7969,-0.157,0.1138
2012-06-21,1.6331,1.793,-0.1599,0.0811
2012-06-22,1.6653,1.8084,-0.1431,0.1703
2012-06-25,1.6358,1.795,-0.1592,0.0939
2012-06-26,1.6476,1.8009,-0.1533,0.1176
2012-06-27,1.6379,1.7963,-0.1584,0.1029
2012-06-28,1.6011,1.7785,-0.1774,0.0412
2012-06-29,1.6307,1.7928,-0.1621,0.1583
2012-07-02,1.5904,1.7736,-0.1832,0.066
2012-07-03,1.6082,1.7818,-0.1736,0.1287
2012-07-05,1.5932,1.7738,-0.1806,0.1016
2012-07-06,1.5588,1.7567,-0.1979,0.0436
2012-07-09,1.5274,1.7415,-0.2141,-0.006
2012-07-10,1.5114,1.7339,-0.2225,-0.0228
2012-07-11,1.5147,1.736,-0.2213,-0.0177
2012-07-12,1.4952,1.7263,-0.2311,-0.0589
2012-07-13,1.497,1.7272,-0.2302,-0.0214
2012-07-16,1.479,1.7187,-0.2397,-0.0204
2012-07-17,1.4927,1.7257,-0.233,0.0108
2012-07-18,1.4894,1.7244,-0.235,0.0205
2012-07-19,1.5051,1.7328,-0.2277,0.0698
2012-07-20,1.4787,1.7209,-0.2422,0.0079
2012-07-23,1.4571,1.7116,-0.2545,-0.0217
2012-07-24,1.4341,1.7013,-0.2672,-0.0816
2012-07-25,1.4229,1.6957,-0.2728,-0.0769
2012-07-26,1.4377,1.7037,-0.266,-0.0491
2012-07-27,1.52,1.744,-0.224,0.1014
2012-07-30,1.5109,1.7402,-0.2293,0.0684
2012-07-31,1.497,1.7341,-0.2371,0.0558
2012-08-01,1.5344,1.7523,-0.2179,0.1177
2012-08-02,1.5118,1.7408,-0.229,0.0383
2012-08-03,1.5677,1.7677,-0.2,0.1615
2012-08-06,1.576,1.7726,-0.1966,0.156
2012-08-07,1.6333,1.8014,-0.1681,0.2322
2012-08-08,1.6625,1.8159,-0.1534,0.24
2012-08-09,1.678,1.8242,-0.1462,0.2556
2012-08-10,1.6606,1.8155,-0.1549,0.2213
2012-08-13,1.6558,1.8144,-0.1586,0.2178
2012-08-14,1.7049,1.8392,-0.1343,0.3198
2012-08-15,1.7691,1.8695,-0.1004,0.4139
2012-08-16,1.8152,1.8918,-0.0766,0.4666
2012-08-17,1.8216,1.8954,-0.0738,0.4399
2012-08-20,1.8239,1.8984,-0.0745,0.4413
2012-08-21,1.8175,1.8968,-0.0793,0.4168
2012-08-22,1.7462,1.8629,-0.1167,0.3209
2012-08-23,1.7065,1.8444,-0.1379,0.2677
2012-08-24,1.7007,1.8409,-0.1402,0.2652
2012-08-27,1.6734,1.8278,-0.1544,0.2255
2012-08-28,1.6554,1.8185,-0.1631,0.1994
2012-08-29,1.6571,1.8196,-0.1625,0.2255
2012-08-30,1.6342,1.8076,-0.1734,0.2057
2012-08-31,1.5757,1.7786,-0.2029,0.1528
2012-09-04,1.5763,1.779,-0.2027,0.1647
2012-09-05,1.5815,1.7822,-0.2007,0.1878
2012-09-06,1.6364,1.8091,-0.1727,0.2817
2012-09-07,1.6373,1.81,-0.1727,0.2828
2012-09-10,1.6485,1.8154,-0.1669,0.2967
2012-09-11,1.663,1.8228,-0.1598,0.3198
2012-09-12,1.7083,1.8453,-0.137,0.4337
2012-09-13,1.7008,1.8428,-0.142,0.417
2012-09-14,1.7864,1.8867,-0.1003,0.6015
2012-09-17,1.8013,1.8953,-0.094,0.546
2012-09-18,1.7901,1.8904,-0.1003,0.5005
2012-09-19,1.7742,1.8842,-0.11,0.4615
2012-09-20,1.7716,1.8836,-0.112,0.4512
2012-09-21,1.7495,1.8731,-0.1236,0.423
2012-09-24,1.7234,1.8601,-0.1367,0.3632
2012-09-25,1.6872,1.8419,-0.1547,0.2879
2012-09-26,1.6314,1.8129,-0.1815,0.1933
2012-09-27,1.6253,1.8079,-0.1826,0.2335
2012-09-28,1.6115,1.8006,-0.1891,0.2507
2012-10-01,1.6035,1.7955,-0.192,0.2328
2012-10-02,1.5981,1.7922,-0.1941,0.2323
2012-10-03,1.5901,1.7879,-0.1978,0.2396
2012-10-04,1.6227,1.8042,-0.1815,0.3141
2012-10-05,1.6739,1.8303,-0.1564,0.3873
2012-10-09,1.6813,1.834,-0.1527,0.3566
2012-10-10,1.6685,1.8274,-0.1589,0.2987
2012-10-11,1.6586,1.8217,-0.1631,0.2739
2012-10-12,1.6517,1.8186,-0.1669,0.2602
2012-10-15,1.6506,1.8181,-0.1675,0.272
2012-10-16,1.686,1.8343,-0.1483,0.3506
2012-10-17,1.7624,1.8716,-0.1092,0.442
2012-10-18,1.8043,1.8916,-0.0873,0.4817
2012-10-19,1.7826,1.8804,-0.0978,0.3804
2012-10-22,1.8028,1.89,-0.0872,0.411
2012-10-23,1.7796,1.8793,-0.0997,0.3646
2012-10-24,1.7764,1.8791,-0.1027,0.4016
2012-10-25,1.8216,1.9013,-0.0797,0.4404
2012-10-26,1.7855,1.8843,-0.0988,0.3521
2012-10-29,1.7455,1.8665,-0.121,0.2892
2012-10-31,1.7152,1.8509,-0.1357,0.2715
2012-11-01,1.7218,1.8522,-0.1304,0.3221
2012-11-02,1.7235,1.8518,-0.1283,0.3314
2012-11-05,1.6997,1.8407,-0.141,0.2888
2012-11-06,1.7366,1.8579,-0.1213,0.346
2012-11-07,1.6687,1.8241,-0.1554,0.2192
2012-11-08,1.6162,1.7985,-0.1823,0.1462
2012-11-09,1.5989,1.7891,-0.1902,0.1363
2012-11-13,1.5732,1.7769,-0.2037,0.1113
2012-11-14,1.5658,1.7724,-0.2066,0.1168
2012-11-15,1.5535,1.7642,-0.2107,0.1048
2012-11-16,1.5472,1.7582,-0.211,0.1102
2012-11-19,1.5676,1.7688,-0.2012,0.1573
2012-11-20,1.6072,1.7878,-0.1806,0.2223
2012-11-21,1.6394,1.8046,-0.1652,0.2417
2012-11-23,1.6573,1.8138,-0.1565,0.2448
2012-11-26,1.6399,1.8061,-0.1662,0.2032
2012-11-27,1.6204,1.7972,-0.1768,0.1828
2012-11-28,1.5997,1.7873,-0.1876,0.1709
2012-11-29,1.5866,1.7808,-0.1942,0.1647
2012-11-30,1.5788,1.7759,-0.1971,0.1826
2012-12-03,1.5847,1.7796,-0.1949,0.186
2012-12-04,1.5789,1.7776,-0.1987,0.1711
2012-12-05,1.5644,1.7708,-0.2064,0.154
2012-12-06,1.5504,1.764,-0.2136,0.1327
2012-12-07,1.5742,1.7751,-0.2009,0.2009
2012-12-10,1.5781,1.7767,-0.1986,0.1959
2012-12-11,1.597,1.785,-0.188,0.2374
2012-12-12,1.6341,1.8012,-0.1671,0.3197
2012-12-13,1.6734,1.8193,-0.1459,0.3411
2012-12-14,1.679,1.8193,-0.1403,0.3185
2012-12-17,1.7244,1.8414,-0.117,0.4005
2012-12-18,1.7763,1.8678,-0.0915,0.4504
2012-12-19,1.7827,1.8704,-0.0877,0.431
2012-12-20,1.7837,1.8717,-0.088,0.4234
2012-12-21,1.7632,1.8629,-0.0997,0.3651
2012-12-24,1.7678,1.8653,-0.0975,0.3813
2012-12-26,1.7576,1.863,-0.1054,0.3572
2012-12-27,1.7224,1.8464,-0.124,0.3128
2012-12-28,1.7054,1.8334,-0.128,0.3067
2012-12-31,1.7274,1.8448,-0.1174,0.3956
2013-01-02,1.7845,1.8756,-0.0911,0.5155
2013-01-03,1.8488,1.9088,-0.06,0.6029
2013-01-04,1.8802,1.9249,-0.0447,0.6137
2013-01-07,1.8877,1.9294,-0.0417,0.6008
2013-01-08,1.8679,1.9209,-0.053,0.5651
2013-01-09,1.854,1.9141,-0.0601,0.5641
2013-01-10,1.8763,1.9257,-0.0494,0.6145
2013-01-11,1.8707,1.9242,-0.0535,0.5807
2013-01-14,1.8653,1.9235,-0.0582,0.5752
2013-01-15,1.843,1.9144,-0.0714,0.532
2013-01-16,1.8261,1.9063,-0.0802,0.5125
2013-01-17,1.8595,1.9217,-0.0622,0.5683
2013-01-18,1.8518,1.9175,-0.0657,0.5364
2013-01-22,1.8403,1.912,-0.0717,0.5309
2013-01-23,1.833,1.9086,-0.0756,0.5259
2013-01-24,1.8457,1.9146,-0.0689,0.5478
2013-01-25,1.9268,1.9541,-0.0273,0.6583
2013-01-28,1.9642,1.9712,-0.007,0.6763
2013-01-29,1.989,1.9832,0.0058,0.7207
2013-01-30,1.9926,1.9855,0.0071,0.7387
2013-01-31,1.9945,1.9879,0.0066,0.7343
2013-02-01,2.0115,1.9967,0.0148,0.7836
2013-02-04,1.9872,1.9863,0.0009,0.737
2013-02-05,2.0095,1.9981,0.0114,0.777
2013-02-06,1.9881,1.9889,-0.0008,0.7353
2013-02-07,1.9717,1.9812,-0.0095,0.7124
2013-02-08,1.9723,1.9818,-0.0095,0.7244
2013-02-11,1.9769,1.9854,-0.0085,0.709
2013-02-12,1.9985,1.9965,0.002,0.7422
2013-02-13,2.037,2.016,0.021,0.7911
2013-02-14,2.0079,2.0032,0.0047,0.7279
2013-02-15,2.0068,2.003,0.0038,0.7338
2013-02-19,2.0246,2.013,0.0116,0.7638
2013-02-20,2.0162,2.0097,0.0065,0.7491
2013-02-21,1.9959,2.0015,-0.0056,0.7187
2013-02-22,1.9784,1.9943,-0.0159,0.699
2013-02-25,1.9135,1.9628,-0.0493,0.5899
2013-02-26,1.8904,1.9529,-0.0625,0.5886
2013-02-27,1.8943,1.9534,-0.0591,0.6364
2013-02-28,1.8815,1.9461,-0.0646,0.6204
2013-03-01,1.8573,1.9333,-0.076,0.5746
2013-03-04,1.8627,1.9353,-0.0726,0.6037
2013-03-05,1.8767,1.9396,-0.0629,0.627
2013-03-06,1.9113,1.9561,-0.0448,0.6818
2013-03-07,1.9626,1.9804,-0.0178,0.7521
2013-03-08,2.0265,2.0114,0.0151,0.8471
2013-03-11,2.0492,2.0231,0.0261,0.8461
2013-03-12,2.0371,2.0181,0.019,0.7959
2013-03-13,2.0374,2.0181,0.0193,0.7943
2013-03-14,2.0412,2.0208,0.0204,0.8104
2013-03-15,2.0113,2.006,0.0053,0.7641
2013-03-18,1.9697,1.9845,-0.0148,0.6969
2013-03-19,1.9296,1.9642,-0.0346,0.6402
2013-03-20,1.944,1.9706,-0.0266,0.7048
2013-03-21,1.9362,1.9658,-0.0296,0.6612
2013-03-22,1.9234,1.9586,-0.0352,0.6378
2013-03-25,1.9144,1.9541,-0.0397,0.6395
2013-03-26,1.903,1.9477,-0.0447,0.6246
2013-03-27,1.8624,1.9289,-0.0665,0.5579
2013-03-28,1.8542,1.9235,-0.0693,0.5595
2013-04-01,1.8406,1.9164,-0.0758,0.549
2013-04-02,1.8539,1.9221,-0.0682,0.584
2013-04-03,1.8163,1.9022,-0.0859,0.519
2013-04-04,1.7716,1.8801,-0.1085,0.4501
2013-04-05,1.727,1.8573,-0.1303,0.3382
2013-04-08,1.7329,1.8589,-0.126,0.3937
2013-04-09,1.7367,1.8591,-0.1224,0.4116
2013-04-10,1.7747,1.8771,-0.1024,0.4915
2013-04-11,1.7742,1.8763,-0.1021,0.4702
2013-04-12,1.732,1.8544,-0.1224,0.3718
2013-04-15,1.7045,1.8402,-0.1357,0.3306
2013-04-16,1.7153,1.8448,-0.1295,0.3748
2013-04-17,1.7062,1.8395,-0.1333,0.3388
2013-04-18,1.6959,1.8329,-0.137,0.3093
2013-04-19,1.6996,1.8334,-0.1338,0.324
2013-04-22,1.6924,1.8292,-0.1368,0.3231
2013-04-23,1.6972,1.8311,-0.1339,0.3415
2013-04-24,1.6928,1.8294,-0.1366,0.331
2013-04-25,1.7003,1.8325,-0.1322,0.3556
2013-04-26,1.675,1.8204,-0.1454,0.3062
2013-04-29,1.6643,1.815,-0.1507,0.3156
2013-04-30,1.6651,1.8159,-0.1508,0.3341
2013-05-01,1.6382,1.8032,-0.165,0.2736
2013-05-02,1.629,1.7985,-0.1695,0.2802
2013-05-03,1.7059,1.8357,-0.1298,0.4323
2013-05-06,1.7442,1.8537,-0.1095,0.4725
2013-05-07,1.771,1.8668,-0.0958,0.4901
2013-05-08,1.7723,1.8676,-0.0953,0.4682
2013-05-09,1.7742,1.8689,-0.0947,0.4658
2013-05-10,1.838,1.8999,-0.0619,0.5764
2013-05-13,1.8734,1.9179,-0.0445,0.6003
2013-05-14,1.9112,1.9379,-0.0267,0.6633
2013-05-15,1.9177,1.9417,-0.024,0.6458
2013-05-16,1.8727,1.9196,-0.0469,0.5575
2013-05-17,1.9147,1.941,-0.0263,0.6634
2013-05-20,1.9371,1.9535,-0.0164,0.6894
2013-05-21,1.9281,1.9496,-0.0215,0.6529
2013-05-22,1.99,1.9799,0.0101,0.7591
2013-05-23,2.0121,1.9915,0.0206,0.7532
2013-05-24,2.0139,1.9918,0.0221,0.7302
2013-05-28,2.1178,2.0433,0.0745,0.8911
2013-05-29,2.1337,2.0505,0.0832,0.8393
2013-05-30,2.1403,2.0528,0.0875,0.8425
2013-05-31,2.1717,2.0677,0.104,0.8752
2013-06-03,2.1642,2.0652,0.099,0.8583
2013-06-04,2.1787,2.0724,0.1063,0.8832
2013-06-05,2.1577,2.0629,0.0948,0.8289
2013-06-06,2.1381,2.0535,0.0846,0.7922
2013-06-07,2.1999,2.0824,0.1175,0.8887
2013-06-10,2.2472,2.1051,0.1421,0.9349
2013-06-11,2.2528,2.1075,0.1453,0.9012
2013-06-12,2.2826,2.1218,0.1608,0.9435
2013-06-13,2.2565,2.1094,0.1471,0.894
2013-06-14,2.2044,2.0854,0.119,0.879
2013-06-17,2.2226,2.0962,0.1264,0.9567
2013-06-18,2.2337,2.103,0.1307,0.9646
2013-06-19,2.3516,2.1598,0.1918,1.0058
2013-06-20,2.4464,2.2054,0.241,1.0925
2013-06-21,2.5595,2.2593,0.3002,1.1414
2013-06-24,2.6387,2.2981,0.3406,1.181
2013-06-25,2.6766,2.3169,0.3597,1.2261
2013-06-26,2.6567,2.3083,0.3484,1.1862
2013-06-27,2.6056,2.2856,0.32,1.1395
2013-06-28,2.62,2.2928,0.3272,1.1677
2013-07-01,2.6083,2.2867,0.3216,1.1683
2013-07-02,2.5982,2.2811,0.3171,1.1466
2013-07-03,2.6272,2.2957,0.3315,1.1718
2013-07-05,2.7925,2.375,0.4175,1.3889
2013-07-08,2.7788,2.3689,0.4099,1.3559
2013-07-09,2.7755,2.3687,0.4068,1.3553
2013-07-10,2.807,2.3852,0.4218,1.3958
2013-07-11,2.734,2.3516,0.3824,1.3564
2013-07-12,2.7275,2.3498,0.3777,1.3384
2013-07-15,2.697,2.3357,0.3613,1.2987
2013-07-16,2.6734,2.3242,0.3492,1.2922
2013-07-17,2.6386,2.3087,0.3299,1.2876
2013-07-18,2.656,2.3179,0.3381,1.3522
2013-07-19,2.6252,2.3032,0.322,1.2862
2013-07-22,2.6142,2.2986,0.3156,1.2856
2013-07-23,2.6256,2.3032,0.3224,1.33
2013-07-24,2.6861,2.3322,0.3539,1.4139
2013-07-25,2.7002,2.3384,0.3618,1.4283
2013-07-26,2.6891,2.3344,0.3547,1.3978
2013-07-29,2.7073,2.3445,0.3628,1.4451
2013-07-30,2.7252,2.3549,0.3703,1.4645
2013-07-31,2.7218,2.3548,0.367,1.4298
2013-08-01,2.8229,2.4049,0.418,1.5832
2013-08-02,2.7641,2.3776,0.3865,1.5132
2013-08-05,2.7739,2.3847,0.3892,1.5497
2013-08-06,2.7806,2.3888,0.3918,1.5508
2013-08-07,2.7533,2.3765,0.3768,1.4867
2013-08-08,2.7324,2.3663,0.3661,1.4549
2013-08-09,2.7217,2.3608,0.3609,1.4385
2013-08-12,2.7376,2.3694,0.3682,1.4636
2013-08-13,2.8218,2.41,0.4118,1.5523
2013-08-14,2.8436,2.4193,0.4243,1.5481
2013-08-15,2.8931,2.4429,0.4502,1.5898
2013-08-16,2.9608,2.4753,0.4855,1.6697
2013-08-19,3.0118,2.5005,0.5113,1.7108
2013-08-20,2.9863,2.4878,0.4985,1.6654
2013-08-21,3.0298,2.5085,0.5213,1.6817
2013-08-22,3.0734,2.5268,0.5466,1.6308
2013-08-23,3.0352,2.5062,0.529,1.538
2013-08-26,2.9939,2.4861,0.5078,1.5162
2013-08-27,2.9275,2.4545,0.473,1.4385
2013-08-28,2.9518,2.4646,0.4872,1.4957
2013-08-29,2.9337,2.4532,0.4805,1.4495
2013-08-30,2.953,2.461,0.492,1.4759
2013-09-03,3.0108,2.4871,0.5237,1.5722
2013-09-04,3.0606,2.5087,0.5519,1.5531
2013-09-05,3.1446,2.5465,0.5981,1.5741
2013-09-06,3.1188,2.5321,0.5867,1.5717
2013-09-09,3.0832,2.515,0.5682,1.5855
2013-09-10,3.1193,2.5327,0.5866,1.6087
2013-09-11,3.0885,2.5184,0.5701,1.5925
2013-09-12,3.0799,2.5131,0.5668,1.5887
2013-09-13,3.0682,2.5067,0.5615,1.5479
2013-09-16,3.0393,2.4954,0.5439,1.6177
2013-09-17,3.016,2.4857,0.5303,1.6081
2013-09-18,2.8775,2.4214,0.4561,1.5401
2013-09-19,2.888,2.4286,0.4594,1.5908
2013-09-20,2.8906,2.4314,0.4592,1.5643
2013-09-23,2.866,2.4207,0.4453,1.5367
2013-09-24,2.8261,2.4018,0.4243,1.4633
2013-09-25,2.7839,2.3818,0.4021,1.427
2013-09-26,2.7881,2.3817,0.4064,1.4636
2013-09-27,2.7705,2.3733,0.3972,1.4641
2013-09-30,2.7645,2.371,0.3935,1.4687
2013-10-01,2.778,2.3778,0.4002,1.4705
2013-10-02,2.7561,2.3679,0.3882,1.472
2013-10-03,2.7417,2.3625,0.3792,1.4689
2013-10-04,2.7738,2.3782,0.3956,1.4915
2013-10-07,2.7729,2.3779,0.395,1.4485
2013-10-08,2.7836,2.3846,0.399,1.4262
2013-10-09,2.7865,2.3863,0.4002,1.4686
2013-10-10,2.808,2.3968,0.4112,1.5154
2013-10-11,2.8089,2.3997,0.4092,1.5331
2013-10-15,2.8404,2.4241,0.4163,1.6105
2013-10-16,2.8083,2.4096,0.3987,1.5468
2013-10-17,2.747,2.3769,0.3701,1.4626
2013-10-18,2.7279,2.3653,0.3626,1.4573
2013-10-21,2.7428,2.3709,0.3719,1.4845
2013-10-22,2.6833,2.341,0.3423,1.3907
2013-10-23,2.6491,2.3236,0.3255,1.3476
2013-10-24,2.6517,2.3234,0.3283,1.355
2013-10-25,2.6415,2.3183,0.3232,1.349
2013-10-28,2.6431,2.3187,0.3244,1.3838
2013-10-29,2.6335,2.3138,0.3197,1.3754
2013-10-30,2.6449,2.3196,0.3253,1.3975
2013-10-31,2.6607,2.3273,0.3334,1.4325
2013-11-01,2.7215,2.3571,0.3644,1.5149
2013-11-04,2.7304,2.3631,0.3673,1.5122
2013-11-05,2.7724,2.385,0.3874,1.5993
2013-11-06,2.7643,2.3833,0.381,1.6037
2013-11-07,2.7366,2.3719,0.3647,1.5565
2013-11-08,2.8316,2.4199,0.4117,1.7116
2013-11-12,2.8893,2.4503,0.439,1.7239
2013-11-13,2.87,2.4431,0.4269,1.7053
2013-11-14,2.8207,2.4216,0.3991,1.6674
2013-11-15,2.8238,2.425,0.3988,1.6737
2013-11-18,2.7971,2.414,0.3831,1.6384
2013-11-19,2.819,2.425,0.394,1.6698
2013-11-20,2.8727,2.4529,0.4198,1.8312
2013-11-21,2.8881,2.4612,0.4269,1.8277
2013-11-22,2.8764,2.4558,0.4206,1.7593
2013-11-25,2.8654,2.4519,0.4135,1.7423
2013-11-26,2.8397,2.4398,0.3999,1.7105
2013-11-27,2.8547,2.4473,0.4074,1.7576
2013-11-29,2.8696,2.454,0.4156,1.7739
2013-12-02,2.9171,2.4758,0.4413,1.8273
2013-12-03,2.9118,2.4735,0.4383,1.8145
2013-12-04,2.9582,2.4964,0.4618,1.8795
2013-12-05,3.0005,2.5167,0.4838,1.8983
2013-12-06,3.016,2.5237,0.4923,1.8694
2013-12-09,3.0128,2.5223,0.4905,1.8365
2013-12-10,2.9724,2.5029,0.4695,1.7762
2013-12-11,2.9915,2.5123,0.4792,1.8239
2013-12-12,3.0292,2.5294,0.4998,1.8372
2013-12-13,3.0335,2.5301,0.5034,1.7952
2013-12-16,3.0398,2.5326,0.5072,1.8242
2013-12-17,3.0134,2.5197,0.4937,1.7862
2013-12-18,3.032,2.5297,0.5023,1.8425
2013-12-19,3.0861,2.5543,0.5318,1.8312
2013-12-20,3.0878,2.5531,0.5347,1.6917
2013-12-23,3.1138,2.5641,0.5497,1.7389
2013-12-24,3.1609,2.5853,0.5756,1.7945
2013-12-26,3.1804,2.5937,0.5867,1.8054
2013-12-27,3.1904,2.5981,0.5923,1.8195
2013-12-30,3.1731,2.5904,0.5827,1.8003
2013-12-31,3.2066,2.6074,0.5992,1.8637
2014-01-02,3.1897,2.5992,0.5905,1.8337
2014-01-03,3.196,2.6026,0.5934,1.7896
2014-01-06,3.171,2.5884,0.5826,1.791
2014-01-07,3.1479,2.5752,0.5727,1.756
2014-01-08,3.1883,2.5926,0.5957,1.7236
2014-01-09,3.1709,2.5803,0.5906,1.6727
2014-01-10,3.0843,2.5375,0.5468,1.641
2014-01-13,3.035,2.5128,0.5222,1.6309
2014-01-14,3.0527,2.5208,0.5319,1.6149
2014-01-15,3.0708,2.528,0.5428,1.6056
2014-01-16,3.0483,2.5163,0.532,1.5653
2014-01-17,3.0263,2.5051,0.5212,1.544
2014-01-21,3.0289,2.5052,0.5237,1.5145
2014-01-22,3.0543,2.5157,0.5386,1.5141
2014-01-23,2.9944,2.4855,0.5089,1.4914
2014-01-24,2.9508,2.4646,0.4862,1.4453
2014-01-27,2.9583,2.469,0.4893,1.4824
2014-01-28,2.9469,2.4639,0.483,1.4995
2014-01-29,2.8919,2.437,0.4549,1.4248
2014-01-30,2.8953,2.4371,0.4582,1.4356
2014-01-31,2.8593,2.4189,0.4404,1.4018
2014-02-03,2.802,2.3934,0.4086,1.3502
2014-02-04,2.8043,2.3966,0.4077,1.3993
2014-02-05,2.8398,2.4153,0.4245,1.4625
2014-02-06,2.871,2.4319,0.4391,1.4816
2014-02-07,2.859,2.4285,0.4305,1.4809
2014-02-10,2.8561,2.4282,0.4279,1.4791
2014-02-11,2.8952,2.4462,0.449,1.4847
2014-02-12,2.9332,2.4629,0.4703,1.5141
2014-02-13,2.8969,2.4433,0.4536,1.4791
2014-02-14,2.8992,2.4423,0.4569,1.4833
2014-02-18,2.8776,2.4334,0.4442,1.4835
2014-02-19,2.8915,2.4421,0.4494,1.4709
2014-02-20,2.9158,2.4534,0.4624,1.4805
2014-02-21,2.91,2.45,0.46,1.4597
2014-02-24,2.9183,2.4536,0.4647,1.4486
2014-02-25,2.8857,2.4376,0.4481,1.4
2014-02-26,2.8525,2.4212,0.4313,1.3836
2014-02-27,2.8289,2.4087,0.4202,1.3472
2014-02-28,2.8339,2.4112,0.4227,1.3354
2014-03-03,2.7929,2.3914,0.4015,1.2885
2014-03-04,2.8456,2.4164,0.4292,1.3862
2014-03-05,2.859,2.4234,0.4356,1.3811
2014-03-06,2.8928,2.4388,0.454,1.4126
2014-03-07,2.9497,2.4656,0.4841,1.4291
2014-03-10,2.9579,2.468,0.4899,1.4289
2014-03-11,2.9501,2.4634,0.4867,1.3975
2014-03-12,2.916,2.4461,0.4699,1.3504
2014-03-13,2.8583,2.4183,0.44,1.2991
2014-03-14,2.8421,2.4102,0.4319,1.263
2014-03-17,2.8669,2.422,0.4449,1.3003
2014-03-18,2.8548,2.4149,0.4399,1.3032
2014-03-19,2.9557,2.4613,0.4944,1.2452
2014-03-20,2.9736,2.4673,0.5063,1.2766
2014-03-21,2.9636,2.4599,0.5037,1.1964
2014-03-24,2.9619,2.4564,0.5055,1.1282
2014-03-25,2.9615,2.454,0.5075,1.1497
2014-03-26,2.9252,2.4352,0.49,1.1417
2014-03-27,2.9065,2.4242,0.4823,1.0746
2014-03-28,2.9322,2.4349,0.4973,1.1027
2014-03-31,2.9367,2.4376,0.4991,1.1492
2014-04-01,2.9572,2.4472,0.51,1.2134
2014-04-02,3.0105,2.4712,0.5393,1.2343
2014-04-03,3.0156,2.4717,0.5439,1.2198
2014-04-04,2.9689,2.4498,0.5191,1.1956
2014-04-07,2.9325,2.4336,0.4989,1.1612
2014-04-08,2.9088,2.4229,0.4859,1.1327
2014-04-09,2.9002,2.4205,0.4797,1.2161
2014-04-10,2.8531,2.3998,0.4533,1.1616
2014-04-11,2.8316,2.3908,0.4408,1.1479
2014-04-14,2.8392,2.3947,0.4445,1.1286
2014-04-15,2.8389,2.3935,0.4454,1.0783
2014-04-16,2.855,2.3997,0.4553,1.0432
2014-04-17,2.9213,2.4293,0.492,1.1203
2014-04-21,2.9342,2.4351,0.4991,1.1319
2014-04-22,2.9431,2.4379,0.5052,1.0992
2014-04-23,2.9222,2.4261,0.4961,1.0792
2014-04-24,2.9219,2.4242,0.4977,1.0724
2014-04-25,2.9102,2.4183,0.4919,1.0414
2014-04-28,2.9156,2.4213,0.4943,1.0735
2014-04-29,2.9187,2.4222,0.4965,1.0806
2014-04-30,2.8883,2.4082,0.4801,1.0817
2014-05-01,2.8504,2.3904,0.46,1.0241
2014-05-02,2.833,2.3806,0.4524,0.9458
2014-05-05,2.8369,2.382,0.4549,0.9738
2014-05-06,2.8252,2.3752,0.45,0.9305
2014-05-07,2.8097,2.3675,0.4422,0.9618
2014-05-08,2.7942,2.3606,0.4336,0.9925
2014-05-09,2.797,2.3626,0.4344,1.0029
2014-05-12,2.8241,2.3761,0.448,1.0356
2014-05-13,2.7996,2.3646,0.435,1.0082
2014-05-14,2.7444,2.3385,0.4059,0.9342
2014-05-15,2.701,2.318,0.383,0.8769
2014-05-16,2.7012,2.3181,0.3831,0.903
2014-05-19,2.7081,2.3218,0.3863,0.9688
2014-05-20,2.6918,2.315,0.3768,0.9544
2014-05-21,2.7074,2.324,0.3834,0.9953
2014-05-22,2.7267,2.3329,0.3938,0.9951
2014-05-23,2.719,2.3295,0.3895,0.9833
2014-05-27,2.71,2.3254,0.3846,0.9472
2014-05-28,2.6536,2.2979,0.3557,0.8598
2014-05-29,2.6459,2.2936,0.3523,0.8567
2014-05-30,2.6618,2.3008,0.361,0.8744
2014-06-02,2.7081,2.3222,0.3859,0.9126
2014-06-03,2.7632,2.348,0.4152,0.9803
2014-06-04,2.7899,2.3606,0.4293,1.0146
2014-06-05,2.7847,2.3587,0.426,0.9993
2014-06-06,2.7982,2.3653,0.4329,0.9819
2014-06-09,2.8181,2.3742,0.4439,0.9698
2014-06-10,2.8404,2.3837,0.4567,0.9818
2014-06-11,2.8427,2.3842,0.4585,0.9999
2014-06-12,2.8028,2.3651,0.4377,0.9326
2014-06-13,2.8115,2.3685,0.443,0.9224
2014-06-16,2.8151,2.3687,0.4464,0.8949
2014-06-17,2.8539,2.3856,0.4683,0.937
2014-06-18,2.8267,2.3703,0.4564,0.9075
2014-06-19,2.8266,2.3688,0.4578,0.9791
2014-06-20,2.8254,2.3666,0.4588,0.952
2014-06-23,2.8254,2.3668,0.4586,0.9342
2014-06-24,2.8019,2.3552,0.4467,0.8908
2014-06-25,2.7752,2.3418,0.4334,0.8689
2014-06-26,2.742,2.3272,0.4148,0.8425
2014-06-27,2.7347,2.3241,0.4106,0.8736
2014-06-30,2.7252,2.3209,0.4043,0.8634
2014-07-01,2.7523,2.3331,0.4192,0.9166
2014-07-02,2.8011,2.3555,0.4456,0.9696
2014-07-03,2.8343,2.3693,0.465,0.9485
2014-07-07,2.8299,2.3668,0.4631,0.8871
2014-07-08,2.7919,2.3471,0.4448,0.8223
2014-07-09,2.7704,2.3361,0.4343,0.8136
2014-07-10,2.7467,2.3241,0.4226,0.8143
2014-07-11,2.7267,2.3146,0.4121,0.7859
2014-07-14,2.7425,2.3221,0.4204,0.7962
2014-07-15,2.7551,2.3267,0.4284,0.7776
2014-07-16,2.7565,2.3258,0.4307,0.7427
2014-07-17,2.6989,2.2968,0.4021,0.6783
2014-07-18,2.7077,2.2995,0.4082,0.6713
2014-07-21,2.7041,2.2967,0.4074,0.6273
2014-07-22,2.6904,2.2897,0.4007,0.6415
2014-07-23,2.6803,2.2837,0.3966,0.6446
2014-07-24,2.7168,2.3007,0.4161,0.6675
2014-07-25,2.6963,2.2898,0.4065,0.6083
2014-07-28,2.7114,2.2967,0.4147,0.6258
2014-07-29,2.6908,2.2848,0.406,0.5794
2014-07-30,2.751,2.314,0.437,0.6715
2014-07-31,2.7696,2.322,0.4476,0.7114
2014-08-01,2.7236,2.3011,0.4225,0.6996
2014-08-04,2.7055,2.2952,0.4103,0.7039
2014-08-05,2.6987,2.2925,0.4062,0.6854
2014-08-06,2.6918,2.2897,0.4021,0.677
2014-08-07,2.6507,2.2702,0.3805,0.6339
2014-08-08,2.6507,2.2705,0.3802,0.6133
2014-08-11,2.6494,2.27,0.3794,0.6261
2014-08-12,2.6581,2.2737,0.3844,0.6569
2014-08-13,2.6326,2.2623,0.3703,0.661
2014-08-14,2.6102,2.2522,0.358,0.6101
2014-08-15,2.5697,2.2315,0.3382,0.5279
2014-08-18,2.5862,2.2387,0.3475,0.584
2014-08-19,2.5992,2.2441,0.3551,0.602
2014-08-20,2.6298,2.2579,0.3719,0.5765
2014-08-21,2.6242,2.2528,0.3714,0.5458
2014-08-22,2.6291,2.2531,0.376,0.4931
2014-08-25,2.6212,2.2471,0.3741,0.4455
2014-08-26,2.6147,2.242,0.3727,0.4758
2014-08-27,2.5914,2.2301,0.3613,0.4362
2014-08-28,2.5637,2.2155,0.3482,0.4189
2014-08-29,2.5616,2.2143,0.3473,0.4407
2014-09-02,2.6117,2.2384,0.3733,0.516
2014-09-03,2.6208,2.2421,0.3787,0.5015
2014-09-04,2.6495,2.2556,0.3939,0.5484
2014-09-05,2.6581,2.2603,0.3978,0.5819
2014-09-08,2.6788,2.2698,0.409,0.5686
2014-09-09,2.7051,2.2812,0.4239,0.5482
2014-09-10,2.7356,2.295,0.4406,0.5964
2014-09-11,2.7494,2.3012,0.4482,0.6037
2014-09-12,2.8006,2.3264,0.4742,0.7134
2014-09-15,2.8006,2.3271,0.4735,0.7113
2014-09-16,2.7997,2.3276,0.4721,0.7443
2014-09-17,2.8254,2.3409,0.4845,0.7314
2014-09-18,2.8509,2.3527,0.4982,0.7182
2014-09-19,2.8319,2.3426,0.4893,0.6443
2014-09-22,2.8043,2.3285,0.4758,0.6425
2014-09-23,2.7784,2.3157,0.4627,0.6094
2014-09-24,2.7946,2.3232,0.4714,0.6363
2014-09-25,2.7549,2.3035,0.4514,0.5935
2014-09-26,2.772,2.3109,0.4611,0.5745
2014-09-29,2.7454,2.2985,0.4469,0.5424
2014-09-30,2.7456,2.298,0.4476,0.5686
2014-10-01,2.669,2.2613,0.4077,0.4762
2014-10-02,2.6654,2.2591,0.4063,0.5257
2014-10-03,2.6759,2.2628,0.4131,0.4695
2014-10-06,2.655,2.2533,0.4017,0.4879
2014-10-07,2.5992,2.2266,0.3726,0.4202
2014-10-08,2.5553,2.2073,0.348,0.5014
2014-10-09,2.5437,2.2034,0.3403,0.4755
2014-10-10,2.5217,2.1933,0.3284,0.4494
2014-10-14,2.4382,2.1552,0.283,0.3791
2014-10-15,2.3667,2.1246,0.2421,0.3772
2014-10-16,2.3625,2.1255,0.237,0.3897
2014-10-17,2.398,2.1428,0.2552,0.4326
2014-10-20,2.3857,2.1374,0.2483,0.4154
2014-10-21,2.407,2.1485,0.2585,0.4694
2014-10-22,2.4285,2.159,0.2695,0.4686
2014-10-23,2.4709,2.1786,0.2923,0.4951
2014-10-24,2.4812,2.1828,0.2984,0.4957
2014-10-27,2.4758,2.1805,0.2953,0.4839
2014-10-28,2.4971,2.1909,0.3062,0.5199
2014-10-29,2.5473,2.2145,0.3328,0.4575
2014-10-30,2.5418,2.2094,0.3324,0.4598
2014-10-31,2.5655,2.2185,0.347,0.4825
2014-11-03,2.5779,2.2238,0.3541,0.4592
2014-11-04,2.5704,2.2191,0.3513,0.4459
2014-11-05,2.5732,2.2203,0.3529,0.4568
2014-11-06,2.5989,2.2317,0.3672,0.4788
2014-11-07,2.5462,2.2059,0.3403,0.4162
2014-11-10,2.575,2.2192,0.3558,0.4624
2014-11-12,2.5774,2.2194,0.358,0.4528
2014-11-13,2.5674,2.2147,0.3527,0.4673
2014-11-14,2.5457,2.204,0.3417,0.4404
2014-11-17,2.5542,2.2088,0.3454,0.4448
2014-11-18,2.5449,2.2038,0.3411,0.4343
2014-11-19,2.5703,2.2151,0.3552,0.4605
2014-11-20,2.558,2.2094,0.3486,0.4315
2014-11-21,2.5416,2.2011,0.3405,0.4144
2014-11-24,2.5279,2.1952,0.3327,0.4036
2014-11-25,2.494,2.1789,0.3151,0.3458
2014-11-26,2.4671,2.1659,0.3012,0.3266
2014-11-28,2.4095,2.1385,0.271,0.2708
2014-12-01,2.4221,2.1456,0.2765,0.3283
2014-12-02,2.4731,2.1701,0.303,0.3592
2014-12-03,2.4914,2.176,0.3154,0.3443
2014-12-04,2.4686,2.164,0.3046,0.2846
2014-12-05,2.5192,2.1854,0.3338,0.2614
2014-12-08,2.4969,2.1723,0.3246,0.156
2014-12-09,2.4512,2.1496,0.3016,0.13
2014-12-10,2.3948,2.1209,0.2739,0.1134
2014-12-11,2.4003,2.1215,0.2788,0.0947
2014-12-12,2.3258,2.0837,0.2421,0.0364
2014-12-15,2.3318,2.0864,0.2454,0.0118
2014-12-16,2.2884,2.0647,0.2237,-0.0483
2014-12-17,2.3333,2.0844,0.2489,0.006
2014-12-18,2.3943,2.1128,0.2815,0.0863
2014-12-19,2.3869,2.1072,0.2797,0.0121
2014-12-22,2.3843,2.1066,0.2777,-0.0031
2014-12-23,2.4425,2.1321,0.3104,0.0794
2014-12-24,2.4618,2.1378,0.324,0.0584
2014-12-26,2.4577,2.1315,0.3262,0.0315
2014-12-29,2.4259,2.116,0.3099,0.0257
2014-12-30,2.3986,2.1033,0.2953,0.0252
2014-12-31,2.3735,2.0927,0.2808,0.0392
2015-01-02,2.3302,2.0709,0.2593,-0.0127
2015-01-05,2.2658,2.0392,0.2266,-0.1376
2015-01-06,2.1923,2.0033,0.189,-0.1662
2015-01-07,2.1585,1.9866,0.1719,-0.158
2015-01-08,2.1807,1.997,0.1837,-0.0694
2015-01-09,2.1517,1.9829,0.1688,-0.0774
2015-01-12,2.0998,1.9597,0.1401,-0.126
2015-01-13,2.0773,1.9508,0.1265,-0.1243
2015-01-14,2.0358,1.9338,0.102,-0.1482
2015-01-15,1.9545,1.8971,0.0574,-0.1575
2015-01-16,1.9891,1.9152,0.0739,-0.1662
2015-01-20,2.0014,1.9208,0.0806,-0.2115
2015-01-21,2.0369,1.9368,0.1001,-0.1449
2015-01-22,2.0652,1.9492,0.116,-0.1545
2015-01-23,2.0187,1.925,0.0937,-0.245
2015-01-26,2.0233,1.927,0.0963,-0.222
2015-01-27,2.0159,1.9229,0.093,-0.2206
2015-01-28,1.9414,1.887,0.0544,-0.2864
2015-01-29,1.9563,1.8944,0.0619,-0.2224
2015-01-30,1.8917,1.8641,0.0276,-0.2683
2015-02-02,1.8799,1.8591,0.0208,-0.2496
2015-02-03,1.947,1.8911,0.0559,-0.1856
2015-02-04,1.9693,1.8998,0.0695,-0.1851
2015-02-05,1.9905,1.9095,0.081,-0.1534
2015-02-06,2.1058,1.9624,0.1434,-0.1732
2015-02-09,2.1349,1.9726,0.1623,-0.1756
2015-02-10,2.1709,1.9873,0.1836,-0.1263
2015-02-11,2.1851,1.9918,0.1933,-0.1177
2015-02-12,2.1769,1.988,0.1889,-0.0936
2015-02-13,2.204,2.0013,0.2027,-0.0376
2015-02-17,2.297,2.0467,0.2503,0.068
2015-02-18,2.2623,2.0314,0.2309,0.0622
2015-02-19,2.2976,2.0502,0.2474,0.0862
2015-02-20,2.3245,2.0641,0.2604,0.0733
2015-02-23,2.2865,2.0463,0.2402,0.0353
2015-02-24,2.2201,2.0163,0.2038,-0.0044
2015-02-25,2.1887,2.0021,0.1866,-0.0585
2015-02-26,2.2274,2.0208,0.2066,-0.0499
2015-02-27,2.2116,2.0122,0.1994,-0.0587
2015-03-02,2.2613,2.0357,0.2256,0.0191
2015-03-03,2.3048,2.0557,0.2491,0.0404
2015-03-04,2.3107,2.0576,0.2531,0.0526
2015-03-05,2.2978,2.0521,0.2457,0.0565
2015-03-06,2.3975,2.0994,0.2981,0.1542
2015-03-09,2.3886,2.0955,0.2931,0.1128
2015-03-10,2.3476,2.0763,0.2713,0.0592
2015-03-11,2.3213,2.0646,0.2567,0.0173
2015-03-12,2.3015,2.0561,0.2454,0.0399
2015-03-13,2.3101,2.0616,0.2485,0.0456
2015-03-16,2.2945,2.0575,0.237,0.0294
2015-03-17,2.2667,2.0456,0.2211,-0.0479
2015-03-18,2.1507,1.9898,0.1609,-0.0786
2015-03-19,2.1665,1.9974,0.1691,-0.0889
2015-03-20,2.1246,1.9755,0.1491,-0.1017
2015-03-23,2.1009,1.9646,0.1363,-0.0882
2015-03-24,2.0653,1.9473,0.118,-0.1294
2015-03-25,2.0884,1.9592,0.1292,-0.1016
2015-03-26,2.1515,1.9903,0.1612,-0.0074
2015-03-27,2.1253,1.9782,0.1471,-0.0585
2015-03-30,2.1253,1.9799,0.1454,-0.0188
2015-03-31,2.1023,1.9703,0.132,-0.037
2015-04-01,2.0533,1.9472,0.1061,-0.1006
2015-04-02,2.0673,1.9534,0.1139,-0.0423
2015-04-03,2.0122,1.9275,0.0847,-0.0693
2015-04-06,2.0482,1.9466,0.1016,0.0025
2015-04-07,2.0525,1.9485,0.104,-0.0479
2015-04-08,2.0687,1.9563,0.1124,-0.0289
2015-04-09,2.1132,1.9776,0.1356,0.0085
2015-04-10,2.1255,1.9819,0.1436,-0.0248
2015-04-13,2.1151,1.9777,0.1374,-0.0041
2015-04-14,2.0832,1.9621,0.1211,-0.0306
2015-04-15,2.0699,1.9555,0.1144,-0.006
2015-04-16,2.0553,1.9492,0.1061,0.0069
2015-04-17,2.0419,1.9421,0.0998,-0.0543
2015-04-20,2.0556,1.9502,0.1054,-0.0296
2015-04-21,2.0752,1.9593,0.1159,0.0128
2015-04-22,2.1323,1.987,0.1453,0.0732
2015-04-23,2.1171,1.9792,0.1379,0.0499
2015-04-24,2.0958,1.97,0.1258,0.0365
2015-04-27,2.0967,1.9705,0.1262,0.0078
2015-04-28,2.1386,1.9901,0.1485,0.0727
2015-04-29,2.191,2.0137,0.1773,0.1602
2015-04-30,2.2044,2.0187,0.1857,0.1456
2015-05-01,2.2679,2.048,0.2199,0.2039
2015-05-04,2.3044,2.0669,0.2375,0.2716
2015-05-05,2.3376,2.0826,0.255,0.2701
2015-05-06,2.388,2.1078,0.2802,0.3366
2015-05-07,2.3646,2.0958,0.2688,0.2467
2015-05-08,2.3316,2.081,0.2506,0.2735
2015-05-11,2.4077,2.12,0.2877,0.3761
2015-05-12,2.4268,2.1309,0.2959,0.4036
2015-05-13,2.4401,2.1391,0.301,0.465
2015-05-14,2.4101,2.1263,0.2838,0.4387
2015-05-15,2.3552,2.1021,0.2531,0.3319
2015-05-18,2.4004,2.1248,0.2756,0.4092
2015-05-19,2.4512,2.1483,0.3029,0.406
2015-05-20,2.4453,2.1454,0.2999,0.4254
2015-05-21,2.3969,2.1214,0.2755,0.3371
2015-05-22,2.4149,2.1294,0.2855,0.3295
2015-05-26,2.3661,2.1047,0.2614,0.2294
2015-05-27,2.349,2.0946,0.2544,0.2148
2015-05-28,2.332,2.0851,0.2469,0.2442
2015-05-29,2.3129,2.0747,0.2382,0.2468
2015-06-01,2.3564,2.0955,0.2609,0.2981
2015-06-02,2.4218,2.1261,0.2957,0.385
2015-06-03,2.5188,2.1732,0.3456,0.4936
2015-06-04,2.5001,2.1645,0.3356,0.4126
2015-06-05,2.575,2.2012,0.3738,0.4619
2015-06-08,2.577,2.2025,0.3745,0.4712
2015-06-09,2.6015,2.2142,0.3873,0.5043
2015-06-10,2.6584,2.2424,0.416,0.5675
2015-06-11,2.6094,2.218,0.3914,0.4428
2015-06-12,2.6001,2.2138,0.3863,0.4205
2015-06-15,2.5682,2.1988,0.3694,0.4141
2015-06-16,2.531,2.1804,0.3506,0.3839
2015-06-17,2.502,2.1673,0.3347,0.4296
2015-06-18,2.5156,2.174,0.3416,0.4764
2015-06-19,2.4619,2.1473,0.3146,0.3834
2015-06-22,2.5271,2.1795,0.3476,0.4882
2015-06-23,2.5742,2.2027,0.3715,0.5325
2015-06-24,2.5683,2.1995,0.3688,0.5005
2015-06-25,2.5787,2.2041,0.3746,0.5062
2015-06-26,2.6395,2.234,0.4055,0.6102
2015-06-29,2.5467,2.192,0.3547,0.467
2015-06-30,2.5355,2.1887,0.3468,0.4864
2015-07-01,2.5932,2.2178,0.3754,0.5697
2015-07-02,2.572,2.2078,0.3642,0.5765
2015-07-06,2.5002,2.1747,0.3255,0.4679
2015-07-07,2.4636,2.1581,0.3055,0.4145
2015-07-08,2.4117,2.134,0.2777,0.3735
2015-07-09,2.4678,2.1623,0.3055,0.4874
2015-07-10,2.5622,2.2069,0.3553,0.5608
2015-07-13,2.6015,2.2252,0.3763,0.5878
2015-07-14,2.5827,2.2155,0.3672,0.5655
2015-07-15,2.5408,2.1963,0.3445,0.4959
2015-07-16,2.5392,2.1951,0.3441,0.4502
2015-07-17,2.5389,2.1948,0.3441,0.4214
2015-07-20,2.5573,2.204,0.3533,0.4112
2015-07-21,2.533,2.1911,0.3419,0.3921
2015-07-22,2.5142,2.1809,0.3333,0.3403
2015-07-23,2.4646,2.1547,0.3099,0.2725
2015-07-24,2.4447,2.1445,0.3002,0.2897
2015-07-27,2.4004,2.1245,0.2759,0.277
2015-07-28,2.4089,2.1291,0.2798,0.3075
2015-07-29,2.4316,2.1405,0.2911,0.3354
2015-07-30,2.4339,2.1423,0.2916,0.2809
2015-07-31,2.3757,2.1152,0.2605,0.2474
2015-08-03,2.3309,2.0956,0.2353,0.1824
2015-08-04,2.3731,2.1162,0.2569,0.1845
2015-08-05,2.4137,2.1352,0.2785,0.2145
2015-08-06,2.3921,2.1212,0.2709,0.1886
2015-08-07,2.3566,2.1043,0.2523,0.093
2015-08-10,2.3768,2.1183,0.2585,0.1729
2015-08-11,2.3131,2.0884,0.2247,0.1169
2015-08-12,2.294,2.0805,0.2135,0.1443
2015-08-13,2.3311,2.0989,0.2322,0.1678
2015-08-14,2.3515,2.1078,0.2437,0.1598
2015-08-17,2.3299,2.0972,0.2327,0.1305
2015-08-18,2.3492,2.1052,0.244,0.1917
2015-08-19,2.2839,2.0714,0.2125,0.1478
2015-08-20,2.2571,2.0551,0.202,0.0886
2015-08-21,2.2131,2.0323,0.1808,0.1093
2015-08-24,2.1706,2.014,0.1566,0.117
2015-08-25,2.2452,2.0518,0.1934,0.225
2015-08-26,2.3012,2.0796,0.2216,0.3417
2015-08-27,2.321,2.0899,0.2311,0.3172
2015-08-28,2.3412,2.1004,0.2408,0.2698
2015-08-31,2.3601,2.1117,0.2484,0.2624
2015-09-01,2.3287,2.0944,0.2343,0.2396
2015-09-02,2.3407,2.0987,0.242,0.2632
2015-09-03,2.3257,2.0901,0.2356,0.2399
2015-09-04,2.2933,2.0732,0.2201,0.1792
2015-09-08,2.3301,2.0936,0.2365,0.2302
2015-09-09,2.3339,2.0942,0.2397,0.2217
2015-09-10,2.3518,2.1013,0.2505,0.2728
2015-09-11,2.3325,2.0927,0.2398,0.2521
2015-09-14,2.3216,2.0906,0.231,0.2453
2015-09-15,2.3943,2.1269,0.2674,0.3282
2015-09-16,2.4216,2.138,0.2836,0.3549
2015-09-17,2.3474,2.0964,0.251,0.3318
2015-09-18,2.2845,2.06,0.2245,0.2618
2015-09-21,2.3206,2.0758,0.2448,0.3335
2015-09-22,2.281,2.0542,0.2268,0.277
2015-09-23,2.2839,2.055,0.2289,0.2868
2015-09-24,2.2642,2.045,0.2192,0.2559
2015-09-25,2.2867,2.0537,0.233,0.2903
2015-09-28,2.2437,2.0343,0.2094,0.1993
2015-09-29,2.1897,2.0092,0.1805,0.1731
2015-09-30,2.1798,2.0036,0.1762,0.2012
2015-10-01,2.1738,1.9996,0.1742,0.1775
2015-10-02,2.1185,1.9735,0.145,0.1721
2015-10-05,2.1577,1.9943,0.1634,0.238
2015-10-06,2.1583,1.9951,0.1632,0.2102
2015-10-07,2.1792,2.0051,0.1741,0.2249
2015-10-08,2.2121,2.0202,0.1919,0.27
2015-10-09,2.2283,2.0283,0.2,0.2372
2015-10-13,2.1867,2.0086,0.1781,0.2026
2015-10-14,2.1212,1.9782,0.143,0.168
2015-10-15,2.1451,1.991,0.1541,0.187
2015-10-16,2.1584,1.9971,0.1613,0.1761
2015-10-19,2.1626,2.0016,0.161,0.1962
2015-10-20,2.1983,2.0197,0.1786,0.2245
2015-10-21,2.1799,2.0103,0.1696,0.1772
2015-10-22,2.1713,2.0056,0.1657,0.1692
2015-10-23,2.2152,2.0271,0.1881,0.2117
2015-10-26,2.2082,2.0253,0.1829,0.1744
2015-10-27,2.1854,2.0169,0.1685,0.1725
2015-10-28,2.2353,2.0428,0.1925,0.1574
2015-10-29,2.2985,2.075,0.2235,0.2355
2015-10-30,2.3017,2.0777,0.224,0.1802
2015-11-02,2.3332,2.095,0.2382,0.1961
2015-11-03,2.3637,2.1088,0.2549,0.2282
2015-11-04,2.3919,2.1201,0.2718,0.1831
2015-11-05,2.4023,2.1229,0.2794,0.2075
2015-11-06,2.4721,2.1584,0.3137,0.246
2015-11-09,2.5015,2.1774,0.3241,0.2631
2015-11-10,2.4888,2.1737,0.3151,0.2645
2015-11-12,2.4922,2.1774,0.3148,0.2698
2015-11-13,2.4585,2.1606,0.2979,0.2636
2015-11-16,2.4396,2.1542,0.2854,0.2669
2015-11-17,2.4245,2.1484,0.2761,0.2263
2015-11-18,2.437,2.152,0.285,0.2269
2015-11-19,2.4224,2.1419,0.2805,0.1981
2015-11-20,2.4299,2.1434,0.2865,0.2078
2015-11-23,2.42,2.1399,0.2801,0.1829
2015-11-24,2.4002,2.1327,0.2675,0.1742
2015-11-25,2.3934,2.133,0.2604,0.1553
2015-11-27,2.3776,2.1256,0.252,0.1585
2015-11-30,2.3723,2.1282,0.2441,0.1286
2015-12-01,2.3207,2.1049,0.2158,0.0757
2015-12-02,2.3307,2.1101,0.2206,0.0767
2015-12-03,2.4298,2.1594,0.2704,0.2323
2015-12-04,2.4258,2.1599,0.2659,0.1622
2015-12-07,2.3938,2.1542,0.2396,0.0914
2015-12-08,2.3853,2.1542,0.2311,0.1086
2015-12-09,2.3586,2.1413,0.2173,0.1133
2015-12-10,2.3742,2.1479,0.2263,0.1174
2015-12-11,2.2926,2.1064,0.1862,0.0551
2015-12-14,2.3509,2.1363,0.2146,0.1212
2015-12-15,2.3954,2.1566,0.2388,0.1509
2015-12-16,2.4369,2.1744,0.2625,0.1445
2015-12-17,2.4041,2.153,0.2511,0.0488
2015-12-18,2.3583,2.1254,0.2329,0.029
2015-12-21,2.3451,2.1208,0.2243,0.0431
2015-12-22,2.3711,2.13,0.2411,0.0804
2015-12-23,2.3995,2.1411,0.2584,0.1182
2015-12-24,2.3961,2.1383,0.2578,0.0763
2015-12-28,2.3885,2.1361,0.2524,0.055
2015-12-29,2.4409,2.1609,0.28,0.1189
2015-12-30,2.4472,2.161,0.2862,0.1341
2015-12-31,2.425,2.1474,0.2776,0.1088
2016-01-04,2.3948,2.135,0.2598,0.0754
2016-01-05,2.389,2.1322,0.2568,0.0966
2016-01-06,2.3296,2.1036,0.226,0.0488
2016-01-07,2.2879,2.0834,0.2045,0.0528
2016-01-08,2.2541,2.0676,0.1865,0.0423
2016-01-11,2.2644,2.0751,0.1893,0.1054
2016-01-12,2.2317,2.0606,0.1711,0.0382
2016-01-13,2.1901,2.0416,0.1485,0.0018
2016-01-14,2.1957,2.0461,0.1496,0.0589
2016-01-15,2.1482,2.0215,0.1267,0.0107
2016-01-19,2.1592,2.0284,0.1308,0.0134
2016-01-20,2.1233,2.0113,0.112,-0.014
2016-01-21,2.1247,2.0155,0.1092,0.0107
2016-01-22,2.1611,2.0376,0.1235,0.0284
2016-01-25,2.145,2.0335,0.1115,-0.0204
2016-01-26,2.1274,2.0286,0.0988,-0.0164
2016-01-27,2.1217,2.0281,0.0936,-0.0037
2016-01-28,2.1049,2.0238,0.0811,-0.0048
2016-01-29,2.0534,2.0006,0.0528,-0.024
2016-02-01,2.0762,2.0163,0.0599,-0.0245
2016-02-02,2.0015,1.9828,0.0187,-0.0951
2016-02-03,1.9854,1.9767,0.0087,-0.0489
2016-02-04,1.9736,1.9693,0.0043,-0.0507
2016-02-05,1.9656,1.965,0.0006,-0.0906
2016-02-08,1.8841,1.9265,-0.0424,-0.1819
2016-02-09,1.8599,1.9143,-0.0544,-0.2022
2016-02-10,1.8404,1.9046,-0.0642,-0.2419
2016-02-11,1.781,1.8716,-0.0906,-0.3086
2016-02-12,1.8448,1.9008,-0.056,-0.22
2016-02-16,1.8825,1.9189,-0.0364,-0.1915
2016-02-17,1.9184,1.9361,-0.0177,-0.1573
2016-02-18,1.8838,1.9205,-0.0367,-0.2026
2016-02-19,1.8886,1.9235,-0.0349,-0.2318
2016-02-22,1.8956,1.9286,-0.033,-0.2255
2016-02-23,1.876,1.92,-0.044,-0.2352
2016-02-24,1.8736,1.9193,-0.0457,-0.2278
2016-02-25,1.8357,1.9015,-0.0658,-0.238
2016-02-26,1.8804,1.9231,-0.0427,-0.2336
2016-02-29,1.8742,1.9207,-0.0465,-0.2494
2016-03-01,1.9428,1.9531,-0.0103,-0.1856
2016-03-02,1.9746,1.9678,0.0068,-0.1915
2016-03-03,1.968,1.9575,0.0105,-0.2109
2016-03-04,2.0099,1.9744,0.0355,-0.1773
2016-03-07,2.041,1.9892,0.0518,-0.1819
2016-03-08,1.9858,1.96,0.0258,-0.2501
2016-03-09,2.0102,1.9708,0.0394,-0.1934
2016-03-10,2.0523,1.991,0.0613,-0.1905
2016-03-11,2.0937,2.0113,0.0824,-0.1591
2016-03-14,2.0964,2.0142,0.0822,-0.1728
2016-03-15,2.0975,2.0152,0.0823,-0.1932
2016-03-16,2.052,1.9913,0.0607,-0.135
2016-03-17,2.0257,1.9774,0.0483,-0.1609
2016-03-18,1.9952,1.9619,0.0333,-0.1627
2016-03-21,2.022,1.9765,0.0455,-0.1299
2016-03-22,2.051,1.9903,0.0607,-0.1331
2016-03-23,2.0095,1.9702,0.0393,-0.1871
2016-03-24,2.0184,1.9742,0.0442,-0.1722
2016-03-28,2.0052,1.9684,0.0368,-0.1966
2016-03-29,1.9343,1.9304,0.0039,-0.21
2016-03-30,1.9225,1.9207,0.0018,-0.1428
2016-03-31,1.8832,1.9013,-0.0181,-0.1737
2016-04-01,1.8903,1.9058,-0.0155,-0.195
2016-04-04,1.8734,1.8976,-0.0242,-0.2065
2016-04-05,1.8322,1.8772,-0.045,-0.255
2016-04-06,1.8449,1.8826,-0.0377,-0.2251
2016-04-07,1.7982,1.8598,-0.0616,-0.268
2016-04-08,1.7994,1.8599,-0.0605,-0.2427
2016-04-11,1.8056,1.8631,-0.0575,-0.2335
2016-04-12,1.8505,1.8839,-0.0334,-0.1998
2016-04-13,1.8526,1.8844,-0.0318,-0.2401
2016-04-14,1.875,1.8941,-0.0191,-0.2299
2016-04-15,1.851,1.8822,-0.0312,-0.2462
2016-04-18,1.8598,1.8859,-0.0261,-0.2292
2016-04-19,1.8797,1.895,-0.0153,-0.2281
2016-04-20,1.9297,1.9185,0.0112,-0.1885
2016-04-21,1.9573,1.9314,0.0259,-0.1745
2016-04-22,1.9817,1.9433,0.0384,-0.1568
2016-04-25,2.0008,1.9548,0.046,-0.1431
2016-04-26,2.0294,1.9697,0.0597,-0.117
2016-04-27,1.9851,1.9479,0.0372,-0.1936
2016-04-28,1.94,1.9254,0.0146,-0.189
2016-04-29,1.9262,1.9196,0.0066,-0.1902
2016-05-02,1.9594,1.9364,0.023,-0.1475
2016-05-03,1.9151,1.9146,0.0005,-0.1993
2016-05-04,1.8903,1.9015,-0.0112,-0.2083
2016-05-05,1.8576,1.886,-0.0284,-0.2329
2016-05-06,1.872,1.8927,-0.0207,-0.2159
2016-05-09,1.854,1.8866,-0.0326,-0.2174
2016-05-10,1.8515,1.8862,-0.0347,-0.2226
2016-05-11,1.8407,1.8828,-0.0421,-0.2597
2016-05-12,1.8603,1.8932,-0.0329,-0.256
2016-05-13,1.8358,1.8822,-0.0464,-0.3134
2016-05-16,1.8621,1.8951,-0.033,-0.2902
2016-05-17,1.8759,1.9011,-0.0252,-0.3169
2016-05-18,1.9649,1.9442,0.0207,-0.2583
2016-05-19,1.9657,1.9436,0.0221,-0.2657
2016-05-20,1.9605,1.9429,0.0176,-0.2695
2016-05-23,1.9537,1.9435,0.0102,-0.2871
2016-05-24,1.9715,1.9538,0.0177,-0.2755
2016-05-25,1.9805,1.9566,0.0239,-0.268
2016-05-26,1.9491,1.9392,0.0099,-0.2819
2016-05-27,1.9641,1.9459,0.0182,-0.2956
2016-05-31,1.9541,1.9441,0.01,-0.2914
2016-06-01,1.9597,1.945,0.0147,-0.3071
2016-06-02,1.9301,1.9278,0.0023,-0.355
2016-06-03,1.8321,1.8789,-0.0468,-0.3842
2016-06-06,1.8275,1.8767,-0.0492,-0.3622
2016-06-07,1.8146,1.87,-0.0554,-0.3694
2016-06-08,1.8033,1.8621,-0.0588,-0.3835
2016-06-09,1.7849,1.8527,-0.0678,-0.4109
2016-06-10,1.7464,1.8338,-0.0874,-0.4423
2016-06-13,1.7172,1.821,-0.1038,-0.4334
2016-06-14,1.7123,1.8194,-0.1071,-0.4392
2016-06-15,1.684,1.8047,-0.1207,-0.4224
2016-06-16,1.6688,1.7972,-0.1284,-0.4688
2016-06-17,1.6932,1.8088,-0.1156,-0.4174
2016-06-20,1.7348,1.8317,-0.0969,-0.3854
2016-06-21,1.7718,1.8493,-0.0775,-0.357
2016-06-22,1.7686,1.8471,-0.0785,-0.3688
2016-06-23,1.8129,1.8714,-0.0585,-0.3304
2016-06-24,1.6917,1.8112,-0.1195,-0.4445
2016-06-27,1.5893,1.7625,-0.1732,-0.552
2016-06-28,1.5603,1.7487,-0.1884,-0.5628
2016-06-29,1.5806,1.7579,-0.1773,-0.5372
2016-06-30,1.5719,1.7541,-0.1822,-0.5184
2016-07-01,1.5594,1.7492,-0.1898,-0.5656
2016-07-05,1.4936,1.718,-0.2244,-0.6623
2016-07-06,1.4834,1.7129,-0.2295,-0.6691
2016-07-07,1.486,1.7155,-0.2295,-0.6582
2016-07-08,1.4689,1.7053,-0.2364,-0.7109
2016-07-11,1.5102,1.7267,-0.2165,-0.677
2016-07-12,1.5796,1.7588,-0.1792,-0.5842
2016-07-13,1.5704,1.754,-0.1836,-0.6382
2016-07-14,1.6011,1.7693,-0.1682,-0.5711
2016-07-15,1.6564,1.7962,-0.1398,-0.5214
2016-07-18,1.6624,1.8008,-0.1384,-0.5147
2016-07-19,1.6469,1.7937,-0.1468,-0.5475
2016-07-20,1.6678,1.8043,-0.1365,-0.5286
2016-07-21,1.6496,1.7961,-0.1465,-0.5169
2016-07-22,1.6602,1.8021,-0.1419,-0.53
2016-07-25,1.6691,1.8061,-0.137,-0.5494
2016-07-26,1.6659,1.8032,-0.1373,-0.5687
2016-07-27,1.6258,1.7816,-0.1558,-0.6002
2016-07-28,1.6083,1.7683,-0.16,-0.5977
2016-07-29,1.5566,1.7423,-0.1857,-0.621
2016-08-01,1.5767,1.7537,-0.177,-0.5683
2016-08-02,1.6031,1.768,-0.1649,-0.5193
2016-08-03,1.6076,1.7711,-0.1635,-0.513
2016-08-04,1.5839,1.7593,-0.1754,-0.5378
2016-08-05,1.6506,1.7925,-0.1419,-0.5145
2016-08-08,1.6684,1.803,-0.1346,-0.5256
2016-08-09,1.641,1.789,-0.148,-0.5686
2016-08-10,1.6066,1.7716,-0.165,-0.581
2016-08-11,1.654,1.794,-0.14,-0.5561
2016-08-12,1.6233,1.7779,-0.1546,-0.5868
2016-08-15,1.6428,1.7895,-0.1467,-0.5463
2016-08-16,1.6658,1.7985,-0.1327,-0.5443
2016-08-17,1.6581,1.7953,-0.1372,-0.5585
2016-08-18,1.633,1.7829,-0.1499,-0.5636
2016-08-19,1.6704,1.8004,-0.13,-0.5463
2016-08-22,1.6536,1.792,-0.1384,-0.5914
2016-08-23,1.6482,1.7893,-0.1411,-0.5896
2016-08-24,1.6465,1.7894,-0.1429,-0.5913
2016-08-25,1.6625,1.7982,-0.1357,-0.5831
2016-08-26,1.7105,1.821,-0.1105,-0.5783
2016-08-29,1.6789,1.806,-0.1271,-0.6244
2016-08-30,1.6733,1.803,-0.1297,-0.6229
2016-08-31,1.6776,1.8047,-0.1271,-0.6227
2016-09-01,1.6725,1.8021,-0.1296,-0.6234
2016-09-02,1.6904,1.8093,-0.1189,-0.5717
2016-09-06,1.648,1.7896,-0.1416,-0.5951
2016-09-07,1.6337,1.7867,-0.153,-0.6168
2016-09-08,1.6859,1.8145,-0.1286,-0.5466
2016-09-09,1.7394,1.8422,-0.1028,-0.495
2016-09-12,1.746,1.8495,-0.1035,-0.4724
2016-09-13,1.7945,1.8748,-0.0803,-0.4134
2016-09-14,1.7792,1.8661,-0.0869,-0.4184
2016-09-15,1.7797,1.8635,-0.0838,-0.3651
2016-09-16,1.7839,1.8642,-0.0803,-0.4168
2016-09-19,1.7872,1.8648,-0.0776,-0.4112
2016-09-20,1.7814,1.8618,-0.0804,-0.4251
2016-09-21,1.762,1.8447,-0.0827,-0.4646
2016-09-22,1.7327,1.8212,-0.0885,-0.507
2016-09-23,1.7138,1.8069,-0.0931,-0.4961
2016-09-26,1.6861,1.7963,-0.1102,-0.5147
2016-09-27,1.6589,1.7848,-0.1259,-0.5553
2016-09-28,1.6571,1.7863,-0.1292,-0.5525
2016-09-29,1.6455,1.7809,-0.1354,-0.556
2016-09-30,1.6698,1.7946,-0.1248,-0.5283
2016-10-03,1.7002,1.8137,-0.1135,-0.5269
2016-10-04,1.7463,1.8379,-0.0916,-0.4629
2016-10-05,1.7836,1.8558,-0.0722,-0.4375
2016-10-06,1.8192,1.8719,-0.0527,-0.4185
2016-10-07,1.8118,1.8676,-0.0558,-0.4277
2016-10-11,1.8406,1.8842,-0.0436,-0.4083
2016-10-12,1.856,1.8937,-0.0377,-0.3892
2016-10-13,1.833,1.8779,-0.0449,-0.4137
2016-10-14,1.8538,1.8875,-0.0337,-0.3369
2016-10-17,1.8428,1.8856,-0.0428,-0.3549
2016-10-18,1.8296,1.882,-0.0524,-0.3617
2016-10-19,1.8318,1.8854,-0.0536,-0.359
2016-10-20,1.8356,1.888,-0.0524,-0.3737
2016-10-21,1.8282,1.8832,-0.055,-0.4027
2016-10-24,1.8433,1.8895,-0.0462,-0.3736
2016-10-25,1.8452,1.8916,-0.0464,-0.3922
2016-10-26,1.8659,1.9009,-0.035,-0.3584
2016-10-27,1.9083,1.9185,-0.0102,-0.2969
2016-10-28,1.9197,1.9228,-0.0031,-0.2642
2016-10-31,1.9162,1.9261,-0.0099,-0.2813
2016-11-01,1.9093,1.9263,-0.017,-0.2671
2016-11-02,1.8858,1.9182,-0.0324,-0.2853
2016-11-03,1.8905,1.9242,-0.0337,-0.2531
2016-11-04,1.8701,1.9169,-0.0468,-0.2852
2016-11-07,1.9046,1.9383,-0.0337,-0.2536
2016-11-08,1.952,1.9652,-0.0132,-0.25
2016-11-09,2.1047,2.0414,0.0633,-0.0296
2016-11-10,2.2089,2.0958,0.1131,0.0303
2016-11-14,2.3137,2.1544,0.1593,0.0533
2016-11-15,2.3553,2.1744,0.1809,0.0378
2016-11-16,2.3656,2.1772,0.1884,0.0228
2016-11-17,2.4157,2.1985,0.2172,0.0989
2016-11-18,2.4735,2.2237,0.2498,0.1277
2016-11-21,2.4834,2.2283,0.2551,0.1105
2016-11-22,2.4782,2.2275,0.2507,0.115
2016-11-23,2.5163,2.2477,0.2686,0.1061
2016-11-25,2.5261,2.2515,0.2746,0.1091
2016-11-28,2.4991,2.2373,0.2618,0.0717
2016-11-29,2.4801,2.2278,0.2523,0.0581
2016-11-30,2.5206,2.2481,0.2725,0.1324
2016-12-01,2.5888,2.2796,0.3092,0.2189
2016-12-02,2.5695,2.271,0.2985,0.1983
2016-12-05,2.5631,2.2699,0.2932,0.1648
2016-12-06,2.56,2.2697,0.2903,0.182
2016-12-07,2.5268,2.2561,0.2707,0.1504
2016-12-08,2.5566,2.2716,0.285,0.2326
2016-12-09,2.6151,2.3029,0.3122,0.2915
2016-12-12,2.6339,2.3128,0.3211,0.2988
2016-12-13,2.6437,2.3198,0.3239,0.2701
2016-12-14,2.7051,2.3486,0.3565,0.2422
2016-12-15,2.7629,2.371,0.3919,0.2689
2016-12-16,2.7712,2.3718,0.3994,0.2973
2016-12-19,2.732,2.3524,0.3796,0.2443
2016-12-20,2.742,2.3575,0.3845,0.2821
2016-12-21,2.7289,2.3506,0.3783,0.256
2016-12-22,2.7319,2.3517,0.3802,0.2594
2016-12-23,2.7304,2.3513,0.3791,0.2495
2016-12-27,2.7477,2.3599,0.3878,0.255
2016-12-28,2.7091,2.3402,0.3689,0.2178
2016-12-29,2.6682,2.3173,0.3509,0.228
2016-12-30,2.6347,2.3025,0.3322,0.1836
2017-01-03,2.6245,2.301,0.3235,0.1593
2017-01-04,2.6219,2.2995,0.3224,0.1723
2017-01-05,2.5561,2.2667,0.2894,0.1049
2017-01-06,2.5777,2.2761,0.3016,0.1061
2017-01-09,2.5475,2.2591,0.2884,0.0728
2017-01-10,2.5393,2.2542,0.2851,0.0843
2017-01-11,2.5315,2.25,0.2815,0.0628
2017-01-12,2.5168,2.2422,0.2746,0.0652
2017-01-13,2.5397,2.254,0.2857,0.0771
2017-01-17,2.4929,2.2336,0.2593,0.0446
2017-01-18,2.5529,2.2626,0.2903,0.0909
2017-01-19,2.6014,2.2842,0.3172,0.1471
2017-01-20,2.6118,2.2877,0.3241,0.177
2017-01-23,2.56,2.2628,0.2972,0.143
2017-01-24,2.6018,2.2844,0.3174,0.1805
2017-01-25,2.6532,2.3083,0.3449,0.2301
2017-01-26,2.6539,2.3098,0.3441,0.2414
2017-01-27,2.6438,2.307,0.3368,0.206
2017-01-30,2.6412,2.3072,0.334,0.2153
2017-01-31,2.6122,2.2952,0.317,0.1764
2017-02-01,2.6262,2.3019,0.3243,0.1895
2017-02-02,2.621,2.2993,0.3217,0.1979
2017-02-03,2.6274,2.3018,0.3256,0.2157
2017-02-06,2.5742,2.2777,0.2965,0.169
2017-02-07,2.5457,2.2656,0.2801,0.1287
2017-02-08,2.5084,2.2487,0.2597,0.0764
2017-02-09,2.5469,2.2678,0.2791,0.1352
2017-02-10,2.563,2.2755,0.2875,0.1395
2017-02-13,2.5816,2.2828,0.2988,0.149
2017-02-14,2.6261,2.3047,0.3214,0.1541
2017-02-15,2.6607,2.3204,0.3403,0.1705
2017-02-16,2.6213,2.2999,0.3214,0.1514
2017-02-17,2.5907,2.2851,0.3056,0.1285
2017-02-21,2.5866,2.2852,0.3014,0.1277
2017-02-22,2.5777,2.2807,0.297,0.1189
2017-02-23,2.5441,2.2636,0.2805,0.0934
2017-02-24,2.484,2.2343,0.2497,0.0464
2017-02-27,2.5145,2.2491,0.2654,0.0619
2017-02-28,2.5242,2.2545,0.2697,0.0148
2017-03-01,2.6002,2.2995,0.3007,0.065
2017-03-02,2.6429,2.3274,0.3155,0.0634
2017-03-03,2.6434,2.3334,0.31,0.0717
2017-03-06,2.6459,2.3399,0.306,0.0772
2017-03-07,2.6498,2.3478,0.302,0.0625
2017-03-08,2.6968,2.3715,0.3253,0.0932
2017-03-09,2.7405,2.3935,0.347,0.1392
2017-03-10,2.7368,2.3932,0.3436,0.1285
2017-03-13,2.7622,2.4111,0.3511,0.1399
2017-03-14,2.7559,2.4102,0.3457,0.1114
2017-03-15,2.6774,2.37,0.3074,0.0675
2017-03-16,2.6778,2.3695,0.3083,0.0957
2017-03-17,2.6584,2.3587,0.2997,0.0765
2017-03-20,2.6292,2.347,0.2822,0.0512
2017-03-21,2.5912,2.332,0.2592,0.0215
2017-03-22,2.5653,2.3211,0.2442,0.0052
2017-03-23,2.5626,2.3206,0.242,0.0153
2017-03-24,2.5545,2.3182,0.2363,-0.0073
2017-03-27,2.5398,2.3126,0.2272,-0.034
2017-03-28,2.5682,2.3271,0.2411,-0.0215
2017-03-29,2.5445,2.3159,0.2286,-0.0421
2017-03-30,2.564,2.3249,0.2391,0.002
2017-03-31,2.5497,2.3172,0.2325,-0.0049
2017-04-03,2.5059,2.2983,0.2076,-0.0352
2017-04-04,2.4987,2.2962,0.2025,-0.017
2017-04-05,2.4768,2.2879,0.1889,-0.0183
2017-04-06,2.4772,2.289,0.1882,-0.0196
2017-04-07,2.5121,2.3074,0.2047,-0.0355
2017-04-10,2.5053,2.3053,0.2,-0.0474
2017-04-11,2.4526,2.2798,0.1728,-0.0727
2017-04-12,2.4235,2.2662,0.1573,-0.0939
2017-04-13,2.3806,2.2458,0.1348,-0.1202
2017-04-17,2.3864,2.2505,0.1359,-0.0939
2017-04-18,2.3252,2.2217,0.1035,-0.1572
2017-04-19,2.3355,2.2269,0.1086,-0.1289
2017-04-20,2.3606,2.2369,0.1237,-0.1125
2017-04-21,2.3602,2.2352,0.125,-0.1113
2017-04-24,2.3947,2.2535,0.1412,-0.0857
2017-04-25,2.4493,2.2811,0.1682,-0.038
2017-04-26,2.4404,2.2781,0.1623,-0.0557
2017-04-27,2.4222,2.2688,0.1534,-0.0595
2017-04-28,2.416,2.2656,0.1504,-0.0899
2017-05-01,2.4359,2.276,0.1599,-0.0436
2017-05-02,2.415,2.2662,0.1488,-0.0676
2017-05-03,2.4436,2.282,0.1616,-0.0621
2017-05-04,2.4711,2.296,0.1751,-0.0362
2017-05-05,2.4755,2.3009,0.1746,-0.0468
2017-05-08,2.4978,2.3145,0.1833,-0.0062
2017-05-09,2.5256,2.3302,0.1954,-0.0063
2017-05-10,2.5333,2.3343,0.199,0.0047
2017-05-11,2.5233,2.3289,0.1944,-0.0108
2017-05-12,2.4694,2.3023,0.1671,-0.0337
2017-05-15,2.4669,2.3029,0.164,-0.0232
2017-05-16,2.4571,2.3,0.1571,-0.0386
2017-05-17,2.379,2.2622,0.1168,-0.118
2017-05-18,2.3678,2.259,0.1088,-0.1295
2017-05-19,2.3665,2.259,0.1075,-0.1362
2017-05-22,2.3734,2.2646,0.1088,-0.1347
2017-05-23,2.4021,2.2796,0.1225,-0.1202
2017-05-24,2.383,2.2708,0.1122,-0.1247
2017-05-25,2.3721,2.2666,0.1055,-0.1445
2017-05-26,2.37,2.266,0.104,-0.1568
2017-05-30,2.3417,2.2523,0.0894,-0.1857
2017-05-31,2.3313,2.251,0.0803,-0.2075
2017-06-01,2.3314,2.2523,0.0791,-0.2034
2017-06-02,2.2864,2.2306,0.0558,-0.2571
2017-06-05,2.2925,2.2326,0.0599,-0.2284
2017-06-06,2.2647,2.2198,0.0449,-0.2657
2017-06-07,2.28,2.2288,0.0512,-0.259
2017-06-08,2.2917,2.2362,0.0555,-0.2533
2017-06-09,2.3066,2.2444,0.0622,-0.2486
2017-06-12,2.3096,2.243,0.0666,-0.2343
2017-06-13,2.3114,2.2444,0.067,-0.255
2017-06-14,2.2674,2.223,0.0444,-0.3238
2017-06-15,2.2648,2.2222,0.0426,-0.3194
2017-06-16,2.2527,2.2171,0.0356,-0.3245
2017-06-19,2.2812,2.2308,0.0504,-0.3207
2017-06-20,2.2623,2.2209,0.0414,-0.3542
2017-06-21,2.2602,2.2166,0.0436,-0.351
2017-06-22,2.2474,2.2062,0.0412,-0.3532
2017-06-23,2.2438,2.2027,0.0411,-0.3458
2017-06-26,2.2386,2.201,0.0376,-0.355
2017-06-27,2.2852,2.2255,0.0597,-0.2958
2017-06-28,2.3012,2.2351,0.0661,-0.2447
2017-06-29,2.3452,2.2598,0.0854,-0.1894
2017-06-30,2.3857,2.2806,0.1051,-0.1714
2017-07-03,2.4341,2.3058,0.1283,-0.1427
2017-07-05,2.4353,2.3075,0.1278,-0.1714
2017-07-06,2.4623,2.3206,0.1417,-0.1113
2017-07-07,2.4866,2.3333,0.1533,-0.0879
2017-07-10,2.4812,2.3315,0.1497,-0.0897
2017-07-11,2.4736,2.3295,0.1441,-0.0967
2017-07-12,2.4406,2.3148,0.1258,-0.1171
2017-07-13,2.4508,2.3213,0.1295,-0.1001
2017-07-14,2.4354,2.3134,0.122,-0.1043
2017-07-17,2.421,2.3075,0.1135,-0.1195
2017-07-18,2.3902,2.2934,0.0968,-0.1668
2017-07-19,2.3847,2.2941,0.0906,-0.1579
2017-07-20,2.3778,2.2949,0.0829,-0.163
2017-07-21,2.3585,2.2879,0.0706,-0.1902
2017-07-24,2.367,2.2947,0.0723,-0.1876
2017-07-25,2.4242,2.3251,0.0991,-0.1271
2017-07-26,2.3997,2.312,0.0877,-0.1252
2017-07-27,2.4114,2.316,0.0954,-0.0966
2017-07-28,2.4051,2.3105,0.0946,-0.1189
2017-07-31,2.4065,2.3095,0.097,-0.1281
2017-08-01,2.3809,2.2975,0.0834,-0.1648
2017-08-02,2.3795,2.2966,0.0829,-0.1724
2017-08-03,2.353,2.2828,0.0702,-0.1962
2017-08-04,2.37,2.2908,0.0792,-0.166
2017-08-07,2.368,2.2863,0.0817,-0.1785
2017-08-08,2.3843,2.2945,0.0898,-0.1521
2017-08-09,2.3576,2.2814,0.0762,-0.1922
2017-08-10,2.327,2.2656,0.0614,-0.2304
2017-08-11,2.2988,2.2512,0.0476,-0.2172
2017-08-14,2.3198,2.2604,0.0594,-0.1915
2017-08-15,2.3594,2.2799,0.0795,-0.1632
2017-08-16,2.339,2.2677,0.0713,-0.1897
2017-08-17,2.3075,2.2496,0.0579,-0.2319
2017-08-18,2.3028,2.2475,0.0553,-0.2299
2017-08-21,2.2937,2.242,0.0517,-0.2448
2017-08-22,2.3148,2.2519,0.0629,-0.2174
2017-08-23,2.2871,2.2368,0.0503,-0.2557
2017-08-24,2.2953,2.2405,0.0548,-0.2453
2017-08-25,2.2833,2.2348,0.0485,-0.2755
2017-08-28,2.2667,2.2251,0.0416,-0.2698
2017-08-29,2.2385,2.2134,0.0251,-0.2988
2017-08-30,2.2407,2.2145,0.0262,-0.2984
2017-08-31,2.2215,2.2028,0.0187,-0.329
2017-09-01,2.2443,2.2135,0.0308,-0.2869
2017-09-05,2.1844,2.1866,-0.0022,-0.3552
2017-09-06,2.1927,2.1958,-0.0031,-0.334
2017-09-07,2.1512,2.177,-0.0258,-0.381
2017-09-08,2.1466,2.1748,-0.0282,-0.3722
2017-09-11,2.2043,2.2042,0.0001,-0.3145
2017-09-12,2.2429,2.2218,0.0211,-0.2905
2017-09-13,2.2726,2.235,0.0376,-0.2665
2017-09-14,2.2853,2.241,0.0443,-0.2945
2017-09-15,2.2987,2.2468,0.0519,-0.3019
2017-09-18,2.3202,2.2576,0.0626,-0.2733
2017-09-19,2.3313,2.2625,0.0688,-0.2669
2017-09-20,2.3676,2.2785,0.0891,-0.2576
2017-09-21,2.3685,2.2769,0.0916,-0.2734
2017-09-22,2.3599,2.2709,0.089,-0.2772
2017-09-25,2.3254,2.255,0.0704,-0.3202
2017-09-26,2.3316,2.2588,0.0728,-0.3082
2017-09-27,2.3757,2.2811,0.0946,-0.2304
2017-09-28,2.383,2.2839,0.0991,-0.2049
2017-09-29,2.4075,2.2958,0.1117,-0.2139
2017-10-02,2.4217,2.3007,0.121,-0.2155
2017-10-03,2.4146,2.2987,0.1159,-0.2174
2017-10-04,2.4134,2.2998,0.1136,-0.2169
2017-10-05,2.4281,2.3069,0.1212,-0.2069
2017-10-06,2.4488,2.317,0.1318,-0.2055
2017-10-10,2.4355,2.3129,0.1226,-0.2226
2017-10-11,2.4289,2.3111,0.1178,-0.2344
2017-10-12,2.4169,2.3059,0.111,-0.26
2017-10-13,2.3804,2.2878,0.0926,-0.3085
2017-10-16,2.3909,2.2922,0.0987,-0.3253
2017-10-17,2.3921,2.2908,0.1013,-0.3369
2017-10-18,2.4168,2.3006,0.1162,-0.294
2017-10-19,2.4124,2.298,0.1144,-0.3069
2017-10-20,2.4509,2.3171,0.1338,-0.2523
2017-10-23,2.4489,2.3155,0.1334,-0.2484
2017-10-24,2.4811,2.3332,0.1479,-0.2129
2017-10-25,2.5032,2.345,0.1582,-0.181
2017-10-26,2.5251,2.3559,0.1692,-0.1753
2017-10-27,2.5044,2.3454,0.159,-0.2059
2017-10-30,2.4653,2.3262,0.1391,-0.2497
2017-10-31,2.4637,2.329,0.1347,-0.2643
2017-11-01,2.4583,2.3302,0.1281,-0.2901
2017-11-02,2.4406,2.3224,0.1182,-0.3072
2017-11-03,2.4253,2.3161,0.1092,-0.338
2017-11-06,2.4067,2.3079,0.0988,-0.3602
2017-11-07,2.3966,2.3061,0.0905,-0.3827
2017-11-08,2.4046,2.3119,0.0927,-0.3719
2017-11-09,2.4074,2.3154,0.092,-0.3382
2017-11-10,2.459,2.3413,0.1177,-0.2681
2017-11-13,2.4802,2.3524,0.1278,-0.2986
2017-11-14,2.4726,2.3508,0.1218,-0.3223
2017-11-15,2.4372,2.3336,0.1036,-0.388
2017-11-16,2.4534,2.3434,0.11,-0.3608
2017-11-17,2.4432,2.3395,0.1037,-0.3897
2017-11-20,2.4595,2.3498,0.1097,-0.3913
2017-11-21,2.4617,2.3505,0.1112,-0.4231
2017-11-22,2.4268,2.333,0.0938,-0.4225
2017-11-24,2.4294,2.3335,0.0959,-0.4132
2017-11-27,2.4162,2.3248,0.0914,-0.4242
2017-11-28,2.4216,2.3293,0.0923,-0.4207
2017-11-29,2.4469,2.3413,0.1056,-0.3766
2017-11-30,2.4875,2.3585,0.129,-0.3565
2017-12-01,2.469,2.3478,0.1212,-0.438
2017-12-04,2.4737,2.3501,0.1236,-0.454
2017-12-05,2.4644,2.3459,0.1185,-0.4986
2017-12-06,2.4308,2.3293,0.1015,-0.5145
2017-12-07,2.4464,2.3357,0.1107,-0.4565
2017-12-08,2.4551,2.338,0.1171,-0.4406
2017-12-11,2.4665,2.3457,0.1208,-0.4612
2017-12-12,2.4792,2.3543,0.1249,-0.4431
2017-12-13,2.4429,2.3356,0.1073,-0.4511
2017-12-14,2.4394,2.3347,0.1047,-0.4961
2017-12-15,2.4416,2.3347,0.1069,-0.5285
2017-12-18,2.4605,2.3485,0.112,-0.4598
2017-12-19,2.5143,2.3764,0.1379,-0.3813
2017-12-20,2.5525,2.3964,0.1561,-0.3397
2017-12-21,2.5627,2.4016,0.1611,-0.3734
2017-12-22,2.5676,2.4027,0.1649,-0.3882
2017-12-26,2.5593,2.4055,0.1538,-0.4216
2017-12-27,2.5185,2.3876,0.1309,-0.4765
2017-12-28,2.5187,2.3866,0.1321,-0.4576
2017-12-29,2.4997,2.3764,0.1233,-0.4748
2018-01-02,2.5311,2.397,0.1341,-0.4303
2018-01-03,2.5286,2.3952,0.1334,-0.4615
2018-01-04,2.5383,2.3993,0.139,-0.4819
2018-01-05,2.551,2.4025,0.1485,-0.4639
2018-01-08,2.5607,2.4103,0.1504,-0.4528
2018-01-09,2.6018,2.4307,0.1711,-0.372
2018-01-10,2.6131,2.4351,0.178,-0.3631
2018-01-11,2.6139,2.4352,0.1787,-0.3843
2018-01-12,2.6286,2.4421,0.1865,-0.3981
2018-01-16,2.6302,2.4458,0.1844,-0.4312
2018-01-17,2.65,2.4548,0.1952,-0.4252
2018-01-18,2.6866,2.4731,0.2135,-0.3591
2018-01-19,2.7111,2.4827,0.2284,-0.3596
2018-01-22,2.7308,2.4934,0.2374,-0.3467
2018-01-23,2.7084,2.4816,0.2268,-0.3681
2018-01-24,2.7194,2.4857,0.2337,-0.3521
2018-01-25,2.7058,2.478,0.2278,-0.3956
2018-01-26,2.7331,2.4886,0.2445,-0.3927
2018-01-29,2.7609,2.5041,0.2568,-0.3496
2018-01-30,2.785,2.5154,0.2696,-0.3075
2018-01-31,2.7961,2.5219,0.2742,-0.3455
2018-02-01,2.8411,2.5442,0.2969,-0.275
2018-02-02,2.8882,2.5678,0.3204,-0.1794
2018-02-05,2.8501,2.5544,0.2957,-0.2002
2018-02-06,2.8595,2.5637,0.2958,-0.2156
2018-02-07,2.9072,2.5925,0.3147,-0.1553
2018-02-08,2.9242,2.6042,0.32,-0.1197
2018-02-09,2.9071,2.5996,0.3075,-0.073
2018-02-12,2.9399,2.6264,0.3135,-0.0935
2018-02-13,2.928,2.6234,0.3046,-0.1346
2018-02-14,2.9976,2.657,0.3406,-0.1033
2018-02-15,3.004,2.6594,0.3446,-0.133
2018-02-16,2.9876,2.6529,0.3347,-0.1598
2018-02-20,2.9897,2.6588,0.3309,-0.1711
2018-02-21,3.0223,2.6745,0.3478,-0.1145
2018-02-22,3.0145,2.67,0.3445,-0.1241
2018-02-23,2.9819,2.6544,0.3275,-0.1734
2018-02-26,2.9579,2.6464,0.3115,-0.1731
2018-02-27,2.9888,2.662,0.3268,-0.1719
2018-02-28,2.9756,2.6546,0.321,-0.2072
2018-03-01,2.9243,2.6273,0.297,-0.2413
2018-03-02,2.9491,2.6393,0.3098,-0.1983
2018-03-05,2.9665,2.6508,0.3157,-0.1727
2018-03-06,2.9713,2.6539,0.3174,-0.1875
2018-03-07,2.9749,2.6559,0.319,-0.1878
2018-03-08,2.958,2.6477,0.3103,-0.2179
2018-03-09,2.9743,2.6553,0.319,-0.1949
2018-03-12,2.9595,2.6506,0.3089,-0.2264
2018-03-13,2.9358,2.6421,0.2937,-0.2518
2018-03-14,2.9131,2.6356,0.2775,-0.2896
2018-03-15,2.9104,2.6375,0.2729,-0.3059
2018-03-16,2.9275,2.6478,0.2797,-0.2896
2018-03-19,2.9328,2.654,0.2788,-0.2897
2018-03-20,2.959,2.6677,0.2913,-0.2783
2018-03-21,2.966,2.6667,0.2993,-0.2453
2018-03-22,2.9226,2.642,0.2806,-0.3189
2018-03-23,2.9011,2.6303,0.2708,-0.2997
2018-03-26,2.9217,2.6438,0.2779,-0.3003
2018-03-27,2.8701,2.6191,0.251,-0.3471
2018-03-28,2.8612,2.6133,0.2479,-0.3707
2018-03-29,2.8315,2.5965,0.235,-0.4106
2018-04-02,2.8151,2.5899,0.2252,-0.3888
2018-04-03,2.849,2.6051,0.2439,-0.3697
2018-04-04,2.8613,2.6065,0.2548,-0.3708
2018-04-05,2.8876,2.6175,0.2701,-0.3384
2018-04-06,2.8497,2.5982,0.2515,-0.388
2018-04-09,2.8506,2.601,0.2496,-0.3936
2018-04-10,2.8637,2.6068,0.2569,-0.3953
2018-04-11,2.8542,2.6016,0.2526,-0.42
2018-04-12,2.8907,2.6188,0.2719,-0.386
2018-04-13,2.8944,2.6213,0.2731,-0.4132
2018-04-16,2.8999,2.6263,0.2736,-0.4175
2018-04-17,2.8903,2.6241,0.2662,-0.4477
2018-04-18,2.9245,2.6412,0.2833,-0.3872
2018-04-19,2.965,2.6614,0.3036,-0.3472
2018-04-20,3.0054,2.6803,0.3251,-0.3178
2018-04-23,3.0358,2.6987,0.3371,-0.3175
2018-04-24,3.0497,2.7082,0.3415,-0.279
2018-04-25,3.075,2.7202,0.3548,-0.2335
2018-04-26,3.0646,2.7133,0.3513,-0.2745
2018-04-27,3.0389,2.6993,0.3396,-0.3223
2018-04-30,3.0254,2.6961,0.3293,-0.3447
2018-05-01,3.0335,2.7002,0.3333,-0.3274
2018-05-02,3.0294,2.697,0.3324,-0.3186
2018-05-03,3.0102,2.6862,0.324,-0.3333
2018-05-04,3.0157,2.6888,0.3269,-0.2727
2018-05-07,3.0192,2.6928,0.3264,-0.2604
2018-05-08,3.0365,2.7026,0.3339,-0.2494
2018-05-09,3.0623,2.716,0.3463,-0.229
2018-05-10,3.0555,2.7136,0.3419,-0.2692
2018-05-11,3.0525,2.7139,0.3386,-0.2929
2018-05-14,3.0659,2.7239,0.342,-0.2739
2018-05-15,3.1261,2.754,0.3721,-0.2159
2018-05-16,3.1528,2.7662,0.3866,-0.2259
2018-05-17,3.17,2.775,0.395,-0.1938
2018-05-18,3.1421,2.7611,0.381,-0.2129
2018-05-21,3.1376,2.7633,0.3743,-0.2141
2018-05-22,3.1369,2.765,0.3719,-0.2121
2018-05-23,3.0911,2.7425,0.3486,-0.2273
2018-05-24,3.0596,2.7258,0.3338,-0.2969
2018-05-25,3.0183,2.7047,0.3136,-0.3337
2018-05-29,2.8801,2.6425,0.2376,-0.3839
2018-05-30,2.9099,2.6608,0.2491,-0.3969
2018-05-31,2.9097,2.6616,0.2481,-0.4176
2018-06-01,2.9567,2.6833,0.2734,-0.392
2018-06-04,2.9987,2.7052,0.2935,-0.3691
2018-06-05,2.9866,2.6999,0.2867,-0.3767
2018-06-06,3.0285,2.7202,0.3083,-0.3282
2018-06-07,3.005,2.7078,0.2972,-0.3681
2018-06-08,2.9999,2.7043,0.2956,-0.3627
2018-06-11,3.0175,2.7126,0.3049,-0.3548
2018-06-12,3.0308,2.7171,0.3137,-0.2882
2018-06-13,3.0542,2.7263,0.3279,-0.2964
2018-06-14,3.0275,2.711,0.3165,-0.3375
2018-06-15,3.0128,2.7025,0.3103,-0.3423
2018-06-18,3.0059,2.7014,0.3045,-0.3316
2018-06-19,2.9763,2.6886,0.2877,-0.3487
2018-06-20,2.995,2.6978,0.2972,-0.3174
2018-06-21,2.9775,2.6887,0.2888,-0.3404
2018-06-22,2.9743,2.686,0.2883,-0.3385
2018-06-25,2.9532,2.6769,0.2763,-0.3527
2018-06-26,2.9495,2.6762,0.2733,-0.3363
2018-06-27,2.9133,2.6575,0.2558,-0.3859
2018-06-28,2.9153,2.6582,0.2571,-0.3879
2018-06-29,2.9202,2.6599,0.2603,-0.3835
2018-07-02,2.9348,2.671,0.2638,-0.3966
2018-07-03,2.91,2.6595,0.2505,-0.4258
2018-07-05,2.9068,2.6561,0.2507,-0.4443
2018-07-06,2.8912,2.6483,0.2429,-0.4357
2018-07-09,2.9148,2.6619,0.2529,-0.4275
2018-07-10,2.9291,2.6692,0.2599,-0.4314
2018-07-11,2.9131,2.6597,0.2534,-0.4361
2018-07-12,2.9137,2.6603,0.2534,-0.4358
2018-07-13,2.8958,2.6515,0.2443,-0.4518
2018-07-16,2.9055,2.6598,0.2457,-0.4315
2018-07-17,2.9161,2.6666,0.2495,-0.4309
2018-07-18,2.9222,2.6682,0.254,-0.4315
2018-07-19,2.9007,2.6566,0.2441,-0.4445
2018-07-20,2.9279,2.6688,0.2591,-0.3726
2018-07-23,2.9883,2.6994,0.2889,-0.3156
2018-07-24,2.995,2.704,0.291,-0.3447
2018-07-25,2.9909,2.7019,0.289,-0.3537
2018-07-26,3.0258,2.7169,0.3089,-0.3369
2018-07-27,3.0175,2.7124,0.3051,-0.3665
2018-07-30,3.0256,2.72,0.3056,-0.3382
2018-07-31,3.0123,2.7144,0.2979,-0.3727
2018-08-01,3.0391,2.7279,0.3112,-0.324
2018-08-02,3.0314,2.724,0.3074,-0.3216
2018-08-03,3.0049,2.7116,0.2933,-0.3329
2018-08-06,2.9894,2.7081,0.2813,-0.349
2018-08-07,3.0112,2.7204,0.2908,-0.3325
2018-08-08,3.0137,2.7223,0.2914,-0.3365
2018-08-09,2.9879,2.7112,0.2767,-0.3641
2018-08-10,2.9375,2.6867,0.2508,-0.4047
2018-08-13,2.9258,2.6826,0.2432,-0.4015
2018-08-14,2.9369,2.6905,0.2464,-0.3909
2018-08-15,2.9117,2.678,0.2337,-0.4115
2018-08-16,2.9151,2.6798,0.2353,-0.4151
2018-08-17,2.9133,2.6776,0.2357,-0.4292
2018-08-20,2.8783,2.6627,0.2156,-0.4521
2018-08-21,2.8859,2.6676,0.2183,-0.4472
2018-08-22,2.8695,2.66,0.2095,-0.4627
2018-08-23,2.8654,2.657,0.2084,-0.4865
2018-08-24,2.8689,2.6592,0.2097,-0.4922
2018-08-27,2.8868,2.6703,0.2165,-0.4701
2018-08-28,2.9162,2.6867,0.2295,-0.4382
2018-08-29,2.9273,2.6926,0.2347,-0.4696
2018-08-30,2.9056,2.6814,0.2242,-0.4812
2018-08-31,2.8997,2.6791,0.2206,-0.456
2018-09-04,2.9291,2.6956,0.2335,-0.4154
2018-09-05,2.935,2.7007,0.2343,-0.4109
2018-09-06,2.9233,2.6956,0.2277,-0.4215
2018-09-07,2.9712,2.7189,0.2523,-0.4038
2018-09-10,2.9772,2.7228,0.2544,-0.423
2018-09-11,3.0102,2.7382,0.272,-0.3902
2018-09-12,3.0081,2.7372,0.2709,-0.4162
2018-09-13,3.0081,2.7364,0.2717,-0.4177
2018-09-14,3.029,2.746,0.283,-0.4077
2018-09-17,3.031,2.7481,0.2829,-0.4014
2018-09-18,3.0711,2.7682,0.3029,-0.3407
2018-09-19,3.0988,2.7805,0.3183,-0.32
2018-09-20,3.104,2.7834,0.3206,-0.3405
2018-09-21,3.1031,2.7843,0.3188,-0.3471
2018-09-24,3.1106,2.7914,0.3192,-0.3362
2018-09-25,3.1259,2.7997,0.3262,-0.3301
2018-09-26,3.1055,2.7894,0.3161,-0.3576
2018-09-27,3.0981,2.7845,0.3136,-0.3644
2018-09-28,3.0899,2.7803,0.3096,-0.3487
2018-10-01,3.1106,2.7943,0.3163,-0.304
2018-10-02,3.0949,2.7893,0.3056,-0.3434
2018-10-03,3.1561,2.8201,0.336,-0.2565
2018-10-04,3.205,2.8437,0.3613,-0.2077
2018-10-05,3.2454,2.8628,0.3826,-0.1607
2018-10-09,3.2409,2.8642,0.3767,-0.2021
2018-10-10,3.2442,2.8691,0.3751,-0.1672
2018-10-11,3.198,2.8478,0.3502,-0.2525
2018-10-12,3.1887,2.8452,0.3435,-0.2402
2018-10-15,3.1961,2.8534,0.3427,-0.2338
2018-10-16,3.1952,2.8543,0.3409,-0.2562
2018-10-17,3.2168,2.8662,0.3506,-0.2275
2018-10-18,3.2095,2.8636,0.3459,-0.2268
2018-10-19,3.2311,2.8741,0.357,-0.2144
2018-10-22,3.2318,2.8774,0.3544,-0.2186
2018-10-23,3.21,2.868,0.342,-0.2277
2018-10-24,3.149,2.8401,0.3089,-0.2627
2018-10-25,3.1651,2.8491,0.316,-0.2516
2018-10-26,3.1214,2.8284,0.293,-0.2697
2018-10-29,3.1135,2.8279,0.2856,-0.2754
2018-10-30,3.1381,2.8403,0.2978,-0.245
2018-10-31,3.1733,2.8573,0.316,-0.222
2018-11-01,3.1687,2.8533,0.3154,-0.2169
2018-11-02,3.2269,2.8809,0.346,-0.173
2018-11-05,3.2301,2.885,0.3451,-0.1999
2018-11-06,3.2447,2.893,0.3517,-0.1904
2018-11-07,3.2547,2.8978,0.3569,-0.2033
2018-11-08,3.2712,2.9041,0.3671,-0.2068
2018-11-09,3.2396,2.8884,0.3512,-0.2218
2018-11-13,3.1883,2.8669,0.3214,-0.2491
2018-11-14,3.1568,2.8537,0.3031,-0.2518
2018-11-15,3.1395,2.846,0.2935,-0.2454
2018-11-16,3.1097,2.8317,0.278,-0.2517
2018-11-19,3.0902,2.8264,0.2638,-0.239
2018-11-20,3.0894,2.8282,0.2612,-0.2563
2018-11-21,3.0985,2.8353,0.2632,-0.2596
2018-11-23,3.0886,2.8317,0.2569,-0.2521
2018-11-26,3.1024,2.8405,0.2619,-0.2809
2018-11-27,3.098,2.8384,0.2596,-0.2858
2018-11-28,3.0812,2.8296,0.2516,-0.358
2018-11-29,3.0678,2.8209,0.2469,-0.3225
2018-11-30,3.0471,2.8091,0.238,-0.3784
2018-12-03,3.0305,2.8028,0.2277,-0.3877
2018-12-04,2.9704,2.7769,0.1935,-0.4788
2018-12-06,2.9219,2.7537,0.1682,-0.4949
2018-12-07,2.8822,2.734,0.1482,-0.5083
2018-12-10,2.8711,2.7302,0.1409,-0.5271
2018-12-11,2.902,2.7456,0.1564,-0.5044
2018-12-12,2.9197,2.755,0.1647,-0.4977
2018-12-13,2.9137,2.7521,0.1616,-0.5282
2018-12-14,2.8997,2.7457,0.154,-0.5387
2018-12-17,2.8698,2.7315,0.1383,-0.5431
2018-12-18,2.8402,2.7171,0.1231,-0.5392
2018-12-19,2.802,2.6998,0.1022,-0.6058
2018-12-20,2.8121,2.7048,0.1073,-0.6098
2018-12-21,2.8101,2.7041,0.106,-0.5654
2018-12-24,2.7726,2.6909,0.0817,-0.5618
2018-12-26,2.8214,2.7172,0.1042,-0.5223
2018-12-27,2.796,2.7037,0.0923,-0.5121
2018-12-28,2.7596,2.6862,0.0734,-0.5294
2018-12-31,2.7294,2.6797,0.0497,-0.5343
2019-01-02,2.6979,2.6652,0.0327,-0.5958
2019-01-03,2.6064,2.6207,-0.0143,-0.6098
2019-01-04,2.6731,2.6547,0.0184,-0.5923
2019-01-07,2.7154,2.6783,0.0371,-0.5925
2019-01-08,2.7477,2.6942,0.0535,-0.6118
2019-01-09,2.7548,2.6961,0.0587,-0.5673
2019-01-10,2.7565,2.6947,0.0618,-0.5643
2019-01-11,2.7351,2.6827,0.0524,-0.576
2019-01-14,2.7332,2.6837,0.0495,-0.5637
2019-01-15,2.7382,2.6874,0.0508,-0.548
2019-01-16,2.7491,2.6904,0.0587,-0.5574
2019-01-17,2.7747,2.7009,0.0738,-0.5553
2019-01-18,2.8089,2.7147,0.0942,-0.5614
2019-01-22,2.7805,2.7013,0.0792,-0.582
2019-01-23,2.7831,2.7015,0.0816,-0.5736
2019-01-24,2.7542,2.6839,0.0703,-0.5928
2019-01-25,2.775,2.6933,0.0817,-0.5807
2019-01-28,2.7731,2.6938,0.0793,-0.5841
2019-01-29,2.7456,2.6815,0.0641,-0.6039
2019-01-30,2.717,2.669,0.048,-0.5474
2019-01-31,2.6591,2.6409,0.0182,-0.5933
2019-02-01,2.704,2.6619,0.0421,-0.5778
2019-02-04,2.7393,2.6803,0.059,-0.5514
2019-02-05,2.7334,2.6785,0.0549,-0.5677
2019-02-06,2.7248,2.6752,0.0496,-0.5711
2019-02-07,2.6885,2.6583,0.0302,-0.5926
2019-02-08,2.6689,2.6507,0.0182,-0.5951
2019-02-11,2.6849,2.6618,0.0231,-0.5898
2019-02-12,2.7071,2.672,0.0351,-0.5742
2019-02-13,2.736,2.6863,0.0497,-0.5837
2019-02-14,2.7044,2.6708,0.0336,-0.6042
2019-02-15,2.7027,2.669,0.0337,-0.6258
2019-02-19,2.6894,2.6651,0.0243,-0.6169
2019-02-20,2.6844,2.6633,0.0211,-0.6197
2019-02-21,2.7113,2.6762,0.0351,-0.5967
2019-02-22,2.6923,2.6678,0.0245,-0.5878
2019-02-25,2.7,2.6732,0.0268,-0.5843
2019-02-26,2.6789,2.6631,0.0158,-0.601
2019-02-27,2.7115,2.6796,0.0319,-0.545
2019-02-28,2.748,2.696,0.052,-0.5215
2019-03-01,2.7853,2.7125,0.0728,-0.519
2019-03-04,2.7678,2.7059,0.0619,-0.5531
2019-03-05,2.7603,2.7029,0.0574,-0.5671
2019-03-06,2.7308,2.6893,0.0415,-0.5769
2019-03-07,2.6856,2.6672,0.0184,-0.5906
2019-03-08,2.6606,2.6564,0.0042,-0.6065
2019-03-11,2.6683,2.662,0.0063,-0.6016
2019-03-12,2.6455,2.6519,-0.0064,-0.6179
2019-03-13,2.643,2.6503,-0.0073,-0.6117
2019-03-14,2.6572,2.6566,0.0006,-0.5897
2019-03-15,2.6345,2.6454,-0.0109,-0.6177
2019-03-18,2.6396,2.6468,-0.0072,-0.6184
2019-03-19,2.6471,2.6517,-0.0046,-0.6139
2019-03-20,2.595,2.6276,-0.0326,-0.6276
2019-03-21,2.5835,2.6243,-0.0408,-0.6412
2019-03-22,2.5073,2.5879,-0.0806,-0.6731
2019-03-25,2.4741,2.5751,-0.101,-0.6457
2019-03-26,2.4528,2.5679,-0.1151,-0.6499
2019-03-27,2.4369,2.5596,-0.1227,-0.6775
2019-03-28,2.4453,2.562,-0.1167,-0.6949
2019-03-29,2.4614,2.5664,-0.105,-0.7123
2019-04-01,2.5271,2.5976,-0.0705,-0.6484
2019-04-02,2.5275,2.596,-0.0685,-0.6483
2019-04-03,2.5587,2.6113,-0.0526,-0.6126
2019-04-04,2.5616,2.6129,-0.0513,-0.6269
2019-04-05,2.5572,2.6107,-0.0535,-0.6466
2019-04-08,2.5687,2.6162,-0.0475,-0.6327
2019-04-09,2.5566,2.6089,-0.0523,-0.6425
2019-04-10,2.5305,2.5965,-0.066,-0.6532
2019-04-11,2.5488,2.6052,-0.0564,-0.6457
2019-04-12,2.5985,2.6291,-0.0306,-0.6183
2019-04-15,2.6011,2.6287,-0.0276,-0.6307
2019-04-16,2.6317,2.6427,-0.011,-0.5933
2019-04-17,2.6391,2.6464,-0.0073,-0.5751
2019-04-18,2.6202,2.6366,-0.0164,-0.5953
2019-04-22,2.6339,2.6445,-0.0106,-0.5587
2019-04-23,2.6223,2.6403,-0.018,-0.5558
2019-04-24,2.5848,2.6233,-0.0385,-0.5828
2019-04-25,2.5868,2.6249,-0.0381,-0.582
2019-04-26,2.5626,2.6137,-0.0511,-0.5832
2019-04-29,2.5826,2.6259,-0.0433,-0.5507
2019-04-30,2.5625,2.6171,-0.0546,-0.5607
2019-05-01,2.5751,2.6226,-0.0475,-0.5932
2019-05-02,2.603,2.6381,-0.0351,-0.5769
2019-05-03,2.596,2.6332,-0.0372,-0.5941
2019-05-06,2.5703,2.6208,-0.0505,-0.6045
2019-05-07,2.5261,2.5994,-0.0733,-0.648
2019-05-08,2.5409,2.6063,-0.0654,-0.6174
2019-05-09,2.5163,2.5949,-0.0786,-0.6377
2019-05-10,2.5243,2.599,-0.0747,-0.6196
2019-05-13,2.4673,2.5706,-0.1033,-0.64
2019-05-14,2.4754,2.5752,-0.0998,-0.6236
2019-05-15,2.4418,2.5607,-0.1189,-0.6486
2019-05-16,2.4544,2.5667,-0.1123,-0.6338
2019-05-17,2.4512,2.564,-0.1128,-0.6473
2019-05-20,2.4712,2.5725,-0.1013,-0.6368
2019-05-21,2.4928,2.5814,-0.0886,-0.642
2019-05-22,2.4643,2.5654,-0.1011,-0.6639
2019-05-23,2.3918,2.5294,-0.1376,-0.7068
2019-05-24,2.3875,2.5259,-0.1384,-0.7099
2019-05-28,2.3405,2.5033,-0.1628,-0.7557
2019-05-29,2.3189,2.4934,-0.1745,-0.7635
2019-05-30,2.2904,2.4819,-0.1915,-0.7917
2019-05-31,2.2154,2.4452,-0.2298,-0.8184
2019-06-03,2.1355,2.4073,-0.2718,-0.8295
2019-06-04,2.1732,2.427,-0.2538,-0.7717
2019-06-05,2.1762,2.4287,-0.2525,-0.7411
2019-06-06,2.1945,2.4355,-0.241,-0.7545
2019-06-07,2.1692,2.4169,-0.2477,-0.7882
2019-06-10,2.2137,2.4375,-0.2238,-0.7446
2019-06-11,2.2279,2.442,-0.2141,-0.7532
2019-06-12,2.2029,2.4266,-0.2237,-0.7527
2019-06-13,2.1701,2.406,-0.2359,-0.7542
2019-06-14,2.1661,2.402,-0.2359,-0.776
2019-06-17,2.1642,2.402,-0.2378,-0.7923
2019-06-18,2.1416,2.3907,-0.2491,-0.8264
2019-06-19,2.0962,2.364,-0.2678,-0.7973
2019-06-20,2.0741,2.3469,-0.2728,-0.8005
2019-06-21,2.1206,2.3654,-0.2448,-0.7596
2019-06-24,2.0956,2.354,-0.2584,-0.786
2019-06-25,2.0764,2.345,-0.2686,-0.8061
2019-06-26,2.1177,2.3669,-0.2492,-0.7814
2019-06-27,2.0937,2.3554,-0.2617,-0.8101
2019-06-28,2.0791,2.3471,-0.268,-0.8147
2019-07-01,2.1007,2.3612,-0.2605,-0.7957
2019-07-02,2.0663,2.3453,-0.279,-0.8406
2019-07-03,2.041,2.334,-0.293,-0.8805
2019-07-05,2.1078,2.3688,-0.261,-0.853
2019-07-08,2.1225,2.3767,-0.2542,-0.8707
2019-07-09,2.1399,2.3849,-0.245,-0.8666
2019-07-10,2.1188,2.3688,-0.25,-0.7924
2019-07-11,2.1656,2.3879,-0.2223,-0.7441
2019-07-12,2.1693,2.386,-0.2167,-0.7426
2019-07-15,2.1585,2.3788,-0.2203,-0.7634
2019-07-16,2.1834,2.3893,-0.2059,-0.7542
2019-07-17,2.1423,2.3669,-0.2246,-0.8088
2019-07-18,2.0962,2.338,-0.2418,-0.7924
2019-07-19,2.1011,2.3383,-0.2372,-0.8012
2019-07-22,2.1054,2.3417,-0.2363,-0.7958
2019-07-23,2.1215,2.3492,-0.2277,-0.7815
2019-07-24,2.1105,2.3455,-0.235,-0.8181
2019-07-25,2.1281,2.3551,-0.227,-0.8154
2019-07-26,2.1321,2.3589,-0.2268,-0.8315
2019-07-29,2.1146,2.3503,-0.2357,-0.8404
2019-07-30,2.1095,2.3442,-0.2347,-0.8457
2019-07-31,2.0966,2.3364,-0.2398,-0.9235
2019-08-01,1.9755,2.2751,-0.2996,-0.9619
2019-08-02,1.9283,2.2506,-0.3223,-1.0051
2019-08-05,1.8294,2.2013,-0.3719,-1.0593
2019-08-06,1.7958,2.1868,-0.391,-1.077
2019-08-07,1.7754,2.1744,-0.399,-1.0866
2019-08-08,1.7823,2.1766,-0.3943,-1.0946
2019-08-09,1.8015,2.1828,-0.3813,-1.0842
2019-08-12,1.7383,2.1502,-0.4119,-1.1719
2019-08-13,1.7636,2.161,-0.3974,-1.2062
2019-08-14,1.7045,2.1265,-0.422,-1.289
2019-08-15,1.6287,2.0826,-0.4539,-1.2966
2019-08-16,1.6248,2.0752,-0.4504,-1.2511
2019-08-19,1.6692,2.0995,-0.4303,-1.2073
2019-08-20,1.6391,2.086,-0.4469,-1.2354
2019-08-21,1.6693,2.1029,-0.4336,-1.2257
2019-08-22,1.6945,2.1176,-0.4231,-1.2036
2019-08-23,1.6241,2.0824,-0.4583,-1.2579
2019-08-26,1.6288,2.0871,-0.4583,-1.2501
2019-08-27,1.5927,2.0713,-0.4786,-1.3068
2019-08-28,1.5682,2.0592,-0.491,-1.3171
2019-08-29,1.5861,2.0675,-0.4814,-1.293
2019-08-30,1.5818,2.0656,-0.4838,-1.2825
2019-09-03,1.5566,2.0533,-0.4967,-1.2749
2019-09-04,1.5419,2.0462,-0.5043,-1.2479
2019-09-05,1.6237,2.0853,-0.4616,-1.2007
2019-09-06,1.6311,2.0868,-0.4557,-1.2198
2019-09-09,1.6871,2.1117,-0.4246,-1.1548
2019-09-10,1.7684,2.1482,-0.3798,-1.1255
2019-09-11,1.8018,2.1614,-0.3596,-1.0983
2019-09-12,1.8453,2.1801,-0.3348,-1.0817
2019-09-13,1.936,2.2222,-0.2862,-1.0163
2019-09-16,1.9121,2.2115,-0.2994,-1.0508
2019-09-17,1.8849,2.1995,-0.3146,-1.0647
2019-09-18,1.8837,2.1957,-0.312,-1.102
2019-09-19,1.8639,2.1834,-0.3195,-1.1075
2019-09-20,1.8195,2.1594,-0.3399,-1.1363
2019-09-23,1.7903,2.147,-0.3567,-1.143
2019-09-24,1.7249,2.1156,-0.3907,-1.1925
2019-09-25,1.7742,2.137,-0.3628,-1.134
2019-09-26,1.7721,2.13,-0.3579,-1.1625
2019-09-27,1.7525,2.1144,-0.3619,-1.1553
2019-09-30,1.7429,2.1106,-0.3677,-1.15
2019-10-01,1.7135,2.0936,-0.3801,-1.1303
2019-10-02,1.6654,2.0665,-0.4011,-1.1262
2019-10-03,1.5995,2.0262,-0.4267,-1.125
2019-10-04,1.5821,2.0146,-0.4325,-1.1627
2019-10-07,1.6139,2.0332,-0.4193,-1.1587
2019-10-08,1.5988,2.0243,-0.4255,-1.1495
2019-10-09,1.6329,2.0375,-0.4046,-1.1254
2019-10-10,1.6976,2.0645,-0.3669,-1.0857
2019-10-11,1.789,2.1042,-0.3152,-1.0503
2019-10-15,1.8114,2.11,-0.2986,-1.0463
2019-10-16,1.7992,2.0998,-0.3006,-1.0258
2019-10-17,1.8052,2.1003,-0.2951,-1.0277
2019-10-18,1.8032,2.0985,-0.2953,-1.006
2019-10-21,1.8367,2.1154,-0.2787,-0.9912
2019-10-22,1.8327,2.1118,-0.2791,-1.0155
2019-10-23,1.8237,2.1065,-0.2828,-1.0177
2019-10-24,1.8283,2.1104,-0.2821,-1.0105
2019-10-25,1.852,2.1218,-0.2698,-1.0152
2019-10-28,1.8901,2.1385,-0.2484,-0.9667
2019-10-29,1.8935,2.1371,-0.2436,-0.9779
2019-10-30,1.8528,2.1146,-0.2618,-1.0235
2019-10-31,1.7707,2.068,-0.2973,-1.0425
2019-11-01,1.7787,2.0665,-0.2878,-1.0481
2019-11-04,1.8231,2.0857,-0.2626,-0.9984
2019-11-05,1.8876,2.1169,-0.2293,-0.9304
2019-11-06,1.8742,2.1095,-0.2353,-0.9673
2019-11-07,1.9585,2.1497,-0.1912,-0.8766
2019-11-08,1.9911,2.1641,-0.173,-0.8455
2019-11-12,1.9848,2.1631,-0.1783,-0.8669
2019-11-13,1.9519,2.1479,-0.196,-0.8916
2019-11-14,1.9025,2.1252,-0.2227,-0.9135
2019-11-15,1.904,2.1271,-0.2231,-0.9283
2019-11-18,1.8849,2.1184,-0.2335,-0.9393
2019-11-19,1.8669,2.1098,-0.2429,-0.9794
2019-11-20,1.8223,2.0883,-0.266,-1.0162
2019-11-21,1.8444,2.1003,-0.2559,-1.0007
2019-11-22,1.8479,2.1018,-0.2539,-1.02
2019-11-25,1.8427,2.1013,-0.2586,-1.0264
2019-11-26,1.8198,2.0913,-0.2715,-1.0369
2019-11-27,1.843,2.1042,-0.2612,-1.0344
2019-11-29,1.8493,2.1062,-0.2569,-1.0006
2019-12-02,1.8836,2.1228,-0.2392,-0.911
2019-12-03,1.8074,2.0833,-0.2759,-1.0022
2019-12-04,1.8315,2.092,-0.2605,-0.9895
2019-12-05,1.8551,2.1004,-0.2453,-0.9621
2019-12-06,1.896,2.1176,-0.2216,-0.9436
2019-12-09,1.9016,2.1196,-0.218,-0.9611
2019-12-10,1.9134,2.1252,-0.2118,-0.9737
2019-12-11,1.878,2.1091,-0.2311,-1.0058
2019-12-12,1.9462,2.1414,-0.1952,-0.9108
2019-12-13,1.9048,2.1212,-0.2164,-0.9616
2019-12-16,1.9428,2.1407,-0.1979,-0.9069
2019-12-17,1.9514,2.1448,-0.1934,-0.8987
2019-12-18,1.9799,2.1587,-0.1788,-0.8495
2019-12-19,1.9859,2.163,-0.1771,-0.8355
2019-12-20,1.9943,2.1692,-0.1749,-0.8351
2019-12-23,2.0053,2.1766,-0.1713,-0.855
2019-12-24,1.9872,2.1695,-0.1823,-0.8432
2019-12-26,1.9831,2.1686,-0.1855,-0.8525
2019-12-27,1.9583,2.1569,-0.1986,-0.8426
2019-12-30,1.9625,2.1606,-0.1981,-0.8093
2019-12-31,1.9832,2.1708,-0.1876,-0.7789
2020-01-02,1.9602,2.1581,-0.1979,-0.8271
2020-01-03,1.8973,2.1256,-0.2283,-0.8939
2020-01-06,1.8905,2.1241,-0.2336,-0.8907
2020-01-07,1.8995,2.1281,-0.2286,-0.8695
2020-01-08,1.9342,2.1441,-0.2099,-0.8389
2020-01-09,1.9268,2.1398,-0.213,-0.8563
2020-01-10,1.9079,2.1297,-0.2218,-0.8922
2020-01-13,1.9154,2.1353,-0.2199,-0.878
2020-01-14,1.8958,2.1266,-0.2308,-0.9097
2020-01-15,1.8669,2.1138,-0.2469,-0.9366
2020-01-16,1.8768,2.1171,-0.2403,-0.9145
2020-01-17,1.8919,2.1246,-0.2327,-0.8718
2020-01-21,1.8543,2.1073,-0.253,-0.9116
2020-01-22,1.8412,2.1007,-0.2595,-0.9289
2020-01-23,1.8145,2.0882,-0.2737,-0.9651
2020-01-24,1.7779,2.0701,-0.2922,-0.9972
2020-01-27,1.702,2.0355,-0.3335,-1.0688
2020-01-28,1.7107,2.0426,-0.3319,-1.0399
2020-01-29,1.6691,2.0235,-0.3544,-1.0789
2020-01-30,1.6407,2.0114,-0.3707,-1.0928
2020-01-31,1.5841,1.9839,-0.3998,-1.1123
2020-02-03,1.5937,1.9909,-0.3972,-1.1181
2020-02-04,1.6492,2.0185,-0.3693,-1.0628
2020-02-05,1.6993,2.0421,-0.3428,-1.0175
2020-02-06,1.7025,2.0432,-0.3407,-1.0454
2020-02-07,1.6648,2.024,-0.3592,-1.0802
2020-02-10,1.632,2.0101,-0.3781,-1.0881
2020-02-11,1.6454,2.0159,-0.3705,-1.0772
2020-02-12,1.6825,2.0338,-0.3513,-1.0425
2020-02-13,1.6819,2.0337,-0.3518,-1.0603
2020-02-14,1.6657,2.0254,-0.3597,-1.0762
2020-02-18,1.636,2.0111,-0.3751,-1.1075
2020-02-19,1.6394,2.0126,-0.3732,-1.1089
2020-02-20,1.6065,1.9966,-0.3901,-1.1471
2020-02-21,1.5484,1.9672,-0.4188,-1.1879
2020-02-24,1.4708,1.9273,-0.4565,-1.2222
2020-02-25,1.4125,1.8983,-0.4858,-1.2483
2020-02-26,1.3973,1.8903,-0.493,-1.2404
2020-02-27,1.3703,1.8697,-0.4994,-1.2324
2020-02-28,1.2202,1.7775,-0.5573,-1.2755
2020-03-02,1.1872,1.7384,-0.5512,-1.2727
2020-03-03,1.1135,1.6772,-0.5637,-1.2472
2020-03-04,1.0987,1.6379,-0.5392,-1.1931
2020-03-05,1.0338,1.5776,-0.5438,-1.2628
2020-03-06,0.928,1.4966,-0.5686,-1.4413
2020-03-09,0.79,1.3996,-0.6096,-1.6484
2020-03-10,0.9275,1.4619,-0.5344,-1.4145
2020-03-11,0.9618,1.4698,-0.508,-1.4984
2020-03-12,1.0051,1.4788,-0.4737,-1.3059
2020-03-13,1.061,1.4964,-0.4354,-1.2556
2020-03-16,0.9099,1.4142,-0.5043,-1.4331
2020-03-17,1.0711,1.4828,-0.4117,-1.0199
2020-03-18,1.2393,1.5397,-0.3004,-0.9016
2020-03-19,1.2352,1.5262,-0.291,-0.8579
2020-03-20,1.1052,1.4598,-0.3546,-1.0267
2020-03-23,0.9352,1.3781,-0.4429,-1.1956
2020-03-24,0.9697,1.3939,-0.4242,-1.2052
2020-03-25,0.9749,1.3908,-0.4159,-1.1348
2020-03-26,0.9411,1.3711,-0.43,-1.1325
2020-03-27,0.8593,1.3354,-0.4761,-1.2202
2020-03-30,0.826,1.3318,-0.5058,-1.2339
2020-03-31,0.8147,1.335,-0.5203,-1.1897
2020-04-01,0.7665,1.3144,-0.5479,-1.3254
2020-04-02,0.7645,1.3154,-0.5509,-1.324
2020-04-03,0.7606,1.3148,-0.5542,-1.3142
2020-04-06,0.7974,1.3366,-0.5392,-1.2832
2020-04-07,0.8438,1.3614,-0.5176,-1.2214
2020-04-08,0.8648,1.3804,-0.5156,-1.1484
2020-04-09,0.8378,1.3755,-0.5377,-1.1694
2020-04-13,0.8588,1.3935,-0.5347,-1.1325
2020-04-14,0.8552,1.3923,-0.5371,-1.1173
2020-04-15,0.7744,1.3484,-0.574,-1.2545
2020-04-16,0.7494,1.3334,-0.584,-1.3024
2020-04-17,0.766,1.3377,-0.5717,-1.2447
2020-04-20,0.7501,1.3268,-0.5767,-1.2872
2020-04-21,0.7207,1.3092,-0.5885,-1.3605
2020-04-22,0.7398,1.3166,-0.5768,-1.3042
2020-04-23,0.7349,1.3125,-0.5776,-1.3431
2020-04-24,0.729,1.3089,-0.5799,-1.3422
2020-04-27,0.7652,1.3262,-0.561,-1.2753
2020-04-28,0.7414,1.3129,-0.5715,-1.3311
2020-04-29,0.7333,1.3077,-0.5744,-1.3177
2020-04-30,0.741,1.3101,-0.5691,-1.2831
2020-05-01,0.7453,1.3135,-0.5682,-1.3075
2020-05-04,0.7407,1.3135,-0.5728,-1.2943
2020-05-05,0.7495,1.3198,-0.5703,-1.2771
2020-05-06,0.7814,1.337,-0.5556,-1.1763
2020-05-07,0.7257,1.3105,-0.5848,-1.27
2020-05-08,0.7516,1.3252,-0.5736,-1.2005
2020-05-11,0.7822,1.3415,-0.5593,-1.1703
2020-05-12,0.769,1.3364,-0.5674,-1.2142
2020-05-13,0.7402,1.3232,-0.583,-1.2608
2020-05-14,0.7227,1.3145,-0.5918,-1.2838
2020-05-15,0.7281,1.3175,-0.5894,-1.2443
2020-05-18,0.786,1.346,-0.56,-1.1599
2020-05-19,0.7813,1.3442,-0.5629,-1.1698
2020-05-20,0.7694,1.3378,-0.5684,-1.2028
2020-05-21,0.7665,1.3363,-0.5698,-1.2197
2020-05-22,0.7498,1.3285,-0.5787,-1.2581
2020-05-26,0.766,1.3382,-0.5722,-1.1954
2020-05-27,0.7598,1.3366,-0.5768,-1.2266
2020-05-28,0.768,1.3421,-0.5741,-1.1924
2020-05-29,0.7374,1.3278,-0.5904,-1.2394
2020-06-01,0.735,1.3272,-0.5922,-1.2214
2020-06-02,0.7468,1.3337,-0.5869,-1.2072
2020-06-03,0.8047,1.363,-0.5583,-1.1221
2020-06-04,0.8505,1.385,-0.5345,-1.0451
2020-06-05,0.9271,1.4223,-0.4952,-0.9588
2020-06-08,0.936,1.4285,-0.4925,-0.987
2020-06-09,0.9064,1.4169,-0.5105,-1.0316
2020-06-10,0.8412,1.3867,-0.5455,-1.1039
2020-06-11,0.7797,1.3564,-0.5767,-1.2475
2020-06-12,0.7795,1.3555,-0.576,-1.1846
2020-06-15,0.7785,1.3558,-0.5773,-1.1815
2020-06-16,0.7993,1.3658,-0.5665,-1.1188
2020-06-17,0.796,1.3636,-0.5676,-1.1438
2020-06-18,0.7786,1.3534,-0.5748,-1.1984
2020-06-19,0.7709,1.3481,-0.5772,-1.2007
2020-06-22,0.7724,1.3487,-0.5763,-1.191
2020-06-23,0.7733,1.3489,-0.5756,-1.175
2020-06-24,0.7555,1.3392,-0.5837,-1.2172
2020-06-25,0.7532,1.3384,-0.5852,-1.2222
2020-06-26,0.7252,1.3238,-0.5986,-1.2589
2020-06-29,0.707,1.3152,-0.6082,-1.2525
2020-06-30,0.7151,1.3206,-0.6055,-1.2168
2020-07-01,0.7368,1.3302,-0.5934,-1.1996
2020-07-02,0.7318,1.3271,-0.5953,-1.204
2020-07-06,0.7416,1.3321,-0.5905,-1.1884
2020-07-07,0.7192,1.3215,-0.6023,-1.2503
2020-07-08,0.7188,1.3215,-0.6027,-1.2314
2020-07-09,0.6926,1.307,-0.6144,-1.3007
2020-07-10,0.7065,1.3122,-0.6057,-1.2622
2020-07-13,0.7024,1.3098,-0.6074,-1.272
2020-07-14,0.6917,1.3043,-0.6126,-1.293
2020-07-15,0.6935,1.3062,-0.6127,-1.2668
2020-07-16,0.6849,1.2988,-0.6139,-1.2847
2020-07-17,0.6909,1.2999,-0.609,-1.2654
2020-07-20,0.6878,1.2988,-0.611,-1.2882
2020-07-21,0.6747,1.2923,-0.6176,-1.3005
2020-07-22,0.6689,1.2895,-0.6206,-1.3152
2020-07-23,0.6607,1.2845,-0.6238,-1.3437
2020-07-24,0.6588,1.2826,-0.6238,-1.3332
2020-07-27,0.6725,1.2883,-0.6158,-1.3097
2020-07-28,0.6514,1.2767,-0.6253,-1.3439
2020-07-29,0.64,1.2709,-0.6309,-1.3269
2020-07-30,0.616,1.2577,-0.6417,-1.3689
2020-07-31,0.6037,1.2508,-0.6471,-1.3606
2020-08-03,0.6073,1.2531,-0.6458,-1.3361
2020-08-04,0.5816,1.2403,-0.6587,-1.3949
2020-08-05,0.5963,1.2482,-0.6519,-1.3581
2020-08-06,0.5939,1.2466,-0.6527,-1.3714
2020-08-07,0.6104,1.2547,-0.6443,-1.3407
2020-08-10,0.6237,1.2622,-0.6385,-1.3214
2020-08-11,0.6624,1.2811,-0.6187,-1.2627
2020-08-12,0.7005,1.2996,-0.5991,-1.2116
2020-08-13,0.7316,1.3142,-0.5826,-1.1806
2020-08-14,0.7354,1.3164,-0.581,-1.1644
2020-08-17,0.7251,1.3119,-0.5868,-1.1954
2020-08-18,0.7131,1.3064,-0.5933,-1.2129
2020-08-19,0.716,1.3092,-0.5932,-1.1912
2020-08-20,0.6999,1.3025,-0.6026,-1.2393
2020-08-21,0.6915,1.2978,-0.6063,-1.2604
2020-08-24,0.6979,1.3016,-0.6037,-1.2497
2020-08-25,0.7177,1.311,-0.5933,-1.1976
2020-08-26,0.7262,1.3151,-0.5889,-1.1835
2020-08-27,0.7593,1.3314,-0.5721,-1.1038
2020-08-28,0.7598,1.3321,-0.5723,-1.0712
2020-08-31,0.7528,1.3309,-0.5781,-1.0997
2020-09-01,0.7283,1.3209,-0.5926,-1.161
2020-09-02,0.7131,1.3139,-0.6008,-1.2035
2020-09-03,0.6863,1.3003,-0.614,-1.2434
2020-09-04,0.7362,1.324,-0.5878,-1.1426
2020-09-08,0.7286,1.3218,-0.5932,-1.171
2020-09-09,0.733,1.3243,-0.5913,-1.1516
2020-09-10,0.72,1.3175,-0.5975,-1.1771
2020-09-11,0.7103,1.3122,-0.6019,-1.1816
2020-09-14,0.7122,1.3131,-0.6009,-1.1849
2020-09-15,0.7124,1.3125,-0.6001,-1.187
2020-09-16,0.721,1.3171,-0.5961,-1.1696
2020-09-17,0.7221,1.3156,-0.5935,-1.1704
2020-09-18,0.7306,1.3196,-0.589,-1.1538
2020-09-21,0.7203,1.3141,-0.5938,-1.1826
2020-09-22,0.7134,1.3105,-0.5971,-1.1813
2020-09-23,0.7147,1.3115,-0.5968,-1.1855
2020-09-24,0.7111,1.3094,-0.5983,-1.2028
2020-09-25,0.7029,1.3053,-0.6024,-1.2061
2020-09-28,0.7019,1.3053,-0.6034,-1.1982
2020-09-29,0.6937,1.3005,-0.6068,-1.2049
2020-09-30,0.7115,1.3093,-0.5978,-1.1661
2020-10-01,0.7127,1.3088,-0.5961,-1.1793
2020-10-02,0.7264,1.3153,-0.5889,-1.1536
2020-10-05,0.7804,1.3422,-0.5618,-1.0586
2020-10-06,0.7843,1.3444,-0.5601,-1.0811
2020-10-07,0.8159,1.3605,-0.5446,-1.0358
2020-10-08,0.8065,1.3562,-0.5497,-1.0546
2020-10-09,0.8174,1.3623,-0.5449,-1.0559
2020-10-13,0.7889,1.3496,-0.5607,-1.1025
2020-10-14,0.7756,1.3445,-0.5689,-1.1174
2020-10-15,0.7811,1.3473,-0.5662,-1.1029
2020-10-16,0.7883,1.3509,-0.5626,-1.0928
2020-10-19,0.8039,1.3583,-0.5544,-1.0659
2020-10-20,0.8264,1.3691,-0.5427,-1.0144
2020-10-21,0.8471,1.3793,-0.5322,-0.9878
2020-10-22,0.8817,1.3958,-0.5141,-0.9382
2020-10-23,0.8845,1.3976,-0.5131,-0.9647
2020-10-26,0.8639,1.3889,-0.525,-1.0093
2020-10-27,0.8436,1.3788,-0.5352,-1.0372
2020-10-28,0.8379,1.376,-0.5381,-1.0367
2020-10-29,0.8717,1.3915,-0.5198,-0.9596
2020-10-30,0.9019,1.4064,-0.5045,-0.9051
2020-11-02,0.9042,1.4076,-0.5034,-0.9297
2020-11-03,0.9243,1.4187,-0.4944,-0.8955
2020-11-04,0.8584,1.3865,-0.5281,-1.0391
2020-11-05,0.8433,1.3789,-0.5356,-1.046
2020-11-06,0.864,1.3889,-0.5249,-0.9882
2020-11-09,0.9485,1.4303,-0.4818,-0.8418
2020-11-10,0.9902,1.4501,-0.4599,-0.8151
2020-11-12,0.9404,1.4254,-0.485,-0.9464
2020-11-13,0.9367,1.423,-0.4863,-0.9285
2020-11-16,0.9426,1.4263,-0.4837,-0.9074
2020-11-17,0.9181,1.4137,-0.4956,-0.9583
2020-11-18,0.922,1.4152,-0.4932,-0.9432
2020-11-19,0.9081,1.4068,-0.4987,-0.9758
2020-11-20,0.8919,1.3979,-0.506,-1.0063
2020-11-23,0.8998,1.4009,-0.5011,-0.9714
2020-11-24,0.9143,1.4092,-0.4949,-0.9303
2020-11-25,0.9172,1.411,-0.4938,-0.9207
2020-11-27,0.8974,1.4027,-0.5053,-0.9749
2020-11-30,0.8908,1.3992,-0.5084,-0.9576
2020-12-01,0.9409,1.4244,-0.4835,-0.8667
2020-12-02,0.9681,1.4384,-0.4703,-0.8189
2020-12-03,0.9604,1.4344,-0.474,-0.8539
2020-12-04,0.9867,1.4488,-0.4621,-0.7797
2020-12-07,0.9711,1.4419,-0.4708,-0.8205
2020-12-08,0.9595,1.437,-0.4775,-0.8527
2020-12-09,0.9725,1.4432,-0.4707,-0.8287
2020-12-10,0.9558,1.4351,-0.4793,-0.857
2020-12-11,0.9366,1.4259,-0.4893,-0.8585
2020-12-14,0.9326,1.425,-0.4924,-0.8505
2020-12-15,0.9446,1.4311,-0.4865,-0.8246
2020-12-16,0.9491,1.4345,-0.4854,-0.8193
2020-12-17,0.9613,1.4407,-0.4794,-0.8054
2020-12-18,0.971,1.4457,-0.4747,-0.7823
2020-12-21,0.9763,1.4491,-0.4728,-0.7845
2020-12-22,0.9619,1.4427,-0.4808,-0.8123
2020-12-23,0.979,1.4518,-0.4728,-0.7562
2020-12-24,0.9713,1.4484,-0.4771,-0.7942
2020-12-28,0.9701,1.45,-0.4799,-0.792
2020-12-29,0.971,1.4515,-0.4805,-0.7843
2020-12-30,0.965,1.4469,-0.4819,-0.7936
2020-12-31,0.9585,1.4434,-0.4849,-0.8027
2021-01-04,0.9521,1.4402,-0.4881,-0.7959
2021-01-05,0.9695,1.4488,-0.4793,-0.7583
2021-01-06,1.0315,1.479,-0.4475,-0.6539
2021-01-07,1.0783,1.5019,-0.4236,-0.599
2021-01-08,1.1232,1.5237,-0.4005,-0.5494
2021-01-11,1.1548,1.54,-0.3852,-0.5207
2021-01-12,1.1656,1.5465,-0.3809,-0.5198
2021-01-13,1.1452,1.5379,-0.3927,-0.5875
2021-01-14,1.1651,1.5485,-0.3834,-0.5082
2021-01-15,1.1446,1.5397,-0.3951,-0.5515
2021-01-19,1.1356,1.5369,-0.4013,-0.5482
2021-01-20,1.1312,1.5348,-0.4036,-0.5539
2021-01-21,1.1426,1.5412,-0.3986,-0.5119
2021-01-22,1.1335,1.537,-0.4035,-0.5421
2021-01-25,1.1019,1.5218,-0.4199,-0.6107
2021-01-26,1.0925,1.516,-0.4235,-0.6109
2021-01-27,1.0802,1.5097,-0.4295,-0.6345
2021-01-28,1.0924,1.5143,-0.4219,-0.5963
2021-01-29,1.124,1.5281,-0.4041,-0.5229
2021-02-01,1.1154,1.5244,-0.409,-0.5413
2021-02-02,1.1342,1.534,-0.3998,-0.5077
2021-02-03,1.1581,1.5435,-0.3854,-0.4685
2021-02-04,1.1693,1.548,-0.3787,-0.4554
2021-02-05,1.19,1.5571,-0.3671,-0.3969
2021-02-08,1.2034,1.5645,-0.3611,-0.4162
2021-02-09,1.204,1.5651,-0.3611,-0.427
2021-02-10,1.1842,1.5563,-0.3721,-0.4616
2021-02-11,1.1852,1.5575,-0.3723,-0.4434
2021-02-12,1.2171,1.5726,-0.3555,-0.37
2021-02-16,1.2933,1.61,-0.3167,-0.2612
2021-02-17,1.3179,1.6226,-0.3047,-0.25
2021-02-18,1.3272,1.6271,-0.2999,-0.2472
2021-02-19,1.3679,1.6489,-0.281,-0.1659
2021-02-22,1.3992,1.6643,-0.2651,-0.1339
2021-02-23,1.4086,1.6706,-0.262,-0.1234
2021-02-24,1.4302,1.6817,-0.2515,-0.1136
2021-02-25,1.5804,1.7547,-0.1743,0.0081
2021-02-26,1.5666,1.7473,-0.1807,-0.1041
2021-03-01,1.5535,1.7435,-0.19,-0.0483
2021-03-02,1.5253,1.731,-0.2057,-0.0784
2021-03-03,1.5615,1.7502,-0.1887,-0.0253
2021-03-04,1.6214,1.7799,-0.1585,0.075
2021-03-05,1.6532,1.7957,-0.1425,0.0748
2021-03-08,1.6994,1.8183,-0.1189,0.0821
2021-03-09,1.6842,1.8113,-0.1271,0.0161
2021-03-10,1.6589,1.7987,-0.1398,-0.0005
2021-03-11,1.6528,1.7958,-0.143,0.0349
2021-03-12,1.7221,1.8303,-0.1082,0.1757
2021-03-15,1.7325,1.8359,-0.1034,0.1463
2021-03-16,1.7347,1.8368,-0.1021,0.1607
2021-03-17,1.732,1.8364,-0.1044,0.2225
2021-03-18,1.7906,1.8644,-0.0738,0.3086
2021-03-19,1.8342,1.8857,-0.0515,0.3323
2021-03-22,1.8198,1.8808,-0.061,0.2598
2021-03-23,1.781,1.8618,-0.0808,0.1936
2021-03-24,1.7585,1.8515,-0.093,0.17
2021-03-25,1.757,1.8514,-0.0944,0.2024
2021-03-26,1.7848,1.8652,-0.0804,0.2473
2021-03-29,1.8289,1.8876,-0.0587,0.3065
2021-03-30,1.8491,1.8972,-0.0481,0.2931
2021-03-31,1.8714,1.9088,-0.0374,0.299
2021-04-01,1.8501,1.8974,-0.0473,0.2093
2021-04-02,1.8772,1.909,-0.0318,0.1963
2021-04-05,1.8733,1.9068,-0.0335,0.24
2021-04-06,1.8273,1.8842,-0.0569,0.1999
2021-04-07,1.8175,1.8798,-0.0623,0.2257
2021-04-08,1.7859,1.8639,-0.078,0.1707
2021-04-09,1.7974,1.869,-0.0716,0.1869
2021-04-12,1.8114,1.8753,-0.0639,0.1842
2021-04-13,1.7787,1.8603,-0.0816,0.1461
2021-04-14,1.7782,1.8591,-0.0809,0.1523
2021-04-15,1.7215,1.8309,-0.1094,0.0494
2021-04-16,1.7257,1.8322,-0.1065,0.0792
2021-04-19,1.7365,1.837,-0.1005,0.125
2021-04-20,1.714,1.8264,-0.1124,0.0898
2021-04-21,1.7019,1.8208,-0.1189,0.0805
2021-04-22,1.6964,1.8181,-0.1217,0.0665
2021-04-23,1.7078,1.8227,-0.1149,0.0722
2021-04-26,1.7134,1.8248,-0.1114,0.0528
2021-04-27,1.7439,1.8379,-0.094,0.1161
2021-04-28,1.749,1.8398,-0.0908,0.131
2021-04-29,1.7611,1.8457,-0.0846,0.1661
2021-04-30,1.7648,1.8474,-0.0826,0.1668
2021-05-03,1.7507,1.8431,-0.0924,0.1506
2021-05-04,1.7355,1.8361,-0.1006,0.1242
2021-05-05,1.7145,1.8264,-0.1119,0.1073
2021-05-06,1.7069,1.8228,-0.1159,0.0942
2021-05-07,1.7016,1.8207,-0.1191,0.1554
2021-05-10,1.7173,1.8288,-0.1115,0.1843
2021-05-11,1.7332,1.8361,-0.1029,0.1991
2021-05-12,1.785,1.8615,-0.0765,0.2659
2021-05-13,1.7812,1.8597,-0.0785,0.2385
2021-05-14,1.7657,1.8518,-0.0861,0.201
2021-05-17,1.7683,1.8539,-0.0856,0.2026
2021-05-18,1.7645,1.8523,-0.0878,0.2103
2021-05-19,1.7935,1.8656,-0.0721,0.2409
2021-05-20,1.7666,1.8524,-0.0858,0.1956
2021-05-21,1.7629,1.8499,-0.087,0.1786
2021-05-24,1.7477,1.8429,-0.0952,0.1607
2021-05-25,1.7105,1.8255,-0.115,0.1045
2021-05-26,1.705,1.823,-0.118,0.1265
2021-05-27,1.7237,1.8326,-0.1089,0.17
2021-05-28,1.7093,1.8249,-0.1156,0.1379
2021-06-01,1.7295,1.8355,-0.106,0.1841
2021-06-02,1.721,1.8315,-0.1105,0.1553
2021-06-03,1.7477,1.8443,-0.0966,0.1664
2021-06-04,1.7067,1.824,-0.1173,0.0867
2021-06-07,1.6988,1.8198,-0.121,0.0873
2021-06-08,1.6714,1.8058,-0.1344,0.0445
2021-06-09,1.6377,1.7894,-0.1517,-0.003
2021-06-10,1.6015,1.7714,-0.1699,-0.0529
2021-06-11,1.6031,1.7712,-0.1681,-0.0577
2021-06-14,1.6282,1.7825,-0.1543,-0.0226
2021-06-15,1.6361,1.7853,-0.1492,-0.0182
2021-06-16,1.697,1.8143,-0.1173,-0.0081
2021-06-17,1.6875,1.8073,-0.1198,-0.1383
2021-06-18,1.6493,1.7858,-0.1365,-0.2915
2021-06-21,1.6542,1.7859,-0.1317,-0.2044
2021-06-22,1.6363,1.775,-0.1387,-0.194
2021-06-23,1.6445,1.7777,-0.1332,-0.1937
2021-06-24,1.6462,1.7774,-0.1312,-0.2077
2021-06-25,1.6723,1.7902,-0.1179,-0.1455
2021-06-28,1.647,1.7772,-0.1302,-0.2198
2021-06-29,1.6388,1.7724,-0.1336,-0.2185
2021-06-30,1.613,1.7596,-0.1466,-0.2648
2021-07-01,1.6214,1.7629,-0.1415,-0.2534
2021-07-02,1.5955,1.75,-0.1545,-0.2846
2021-07-06,1.5401,1.7233,-0.1832,-0.3506
2021-07-07,1.4958,1.7012,-0.2054,-0.4173
2021-07-08,1.4543,1.6821,-0.2278,-0.4128
2021-07-09,1.4856,1.6972,-0.2116,-0.3469
2021-07-12,1.5002,1.7034,-0.2032,-0.3466
2021-07-13,1.5322,1.7174,-0.1852,-0.3251
2021-07-14,1.5016,1.7019,-0.2003,-0.3825
2021-07-15,1.4601,1.6805,-0.2204,-0.4735
2021-07-16,1.4513,1.6753,-0.224,-0.4639
2021-07-19,1.3664,1.6337,-0.2673,-0.5879
2021-07-20,1.3513,1.6268,-0.2755,-0.5133
2021-07-21,1.3911,1.6456,-0.2545,-0.4361
2021-07-22,1.3809,1.6406,-0.2597,-0.4671
2021-07-23,1.3955,1.6478,-0.2523,-0.4263
2021-07-26,1.4011,1.6509,-0.2498,-0.4397
2021-07-27,1.3762,1.6385,-0.2623,-0.4896
2021-07-28,1.3749,1.6377,-0.2628,-0.4937
2021-07-29,1.3874,1.6444,-0.257,-0.4529
2021-07-30,1.3671,1.6351,-0.268,-0.4847
2021-08-02,1.3288,1.617,-0.2882,-0.5304
2021-08-03,1.3093,1.6079,-0.2986,-0.5418
2021-08-04,1.3072,1.6059,-0.2987,-0.5767
2021-08-05,1.3396,1.6207,-0.2811,-0.5598
2021-08-06,1.3956,1.6473,-0.2517,-0.4732
2021-08-09,1.4271,1.6618,-0.2347,-0.4595
2021-08-10,1.459,1.6755,-0.2165,-0.4576
2021-08-11,1.4608,1.6761,-0.2153,-0.4411
2021-08-12,1.4794,1.6857,-0.2063,-0.4353
2021-08-13,1.4439,1.6683,-0.2244,-0.5311
2021-08-16,1.4063,1.6503,-0.244,-0.5433
2021-08-17,1.4023,1.6491,-0.2468,-0.5508
2021-08-18,1.4041,1.6497,-0.2456,-0.5599
2021-08-19,1.3891,1.6409,-0.2518,-0.6074
2021-08-20,1.3947,1.6418,-0.2471,-0.5973
2021-08-23,1.3861,1.6369,-0.2508,-0.5954
2021-08-24,1.4067,1.646,-0.2393,-0.5546
2021-08-25,1.4471,1.6661,-0.219,-0.4805
2021-08-26,1.4611,1.673,-0.2119,-0.4936
2021-08-27,1.4399,1.6632,-0.2233,-0.5013
2021-08-30,1.4187,1.6537,-0.235,-0.5097
2021-08-31,1.4228,1.6567,-0.2339,-0.4801
2021-09-01,1.4247,1.6584,-0.2337,-0.4909
2021-09-02,1.4194,1.6563,-0.2369,-0.5135
2021-09-03,1.434,1.6635,-0.2295,-0.469
2021-09-07,1.4714,1.6821,-0.2107,-0.4202
2021-09-08,1.4624,1.6779,-0.2155,-0.4752
2021-09-09,1.4384,1.6652,-0.2268,-0.5206
2021-09-10,1.4594,1.6757,-0.2163,-0.4733
2021-09-13,1.4525,1.673,-0.2205,-0.5018
2021-09-14,1.4221,1.6569,-0.2348,-0.5685
2021-09-15,1.4296,1.6596,-0.23,-0.5473
2021-09-16,1.4578,1.6724,-0.2146,-0.5145
2021-09-17,1.4913,1.6878,-0.1965,-0.4863
2021-09-20,1.4598,1.6719,-0.2121,-0.5543
2021-09-21,1.4597,1.6707,-0.211,-0.5308
2021-09-22,1.4626,1.6709,-0.2083,-0.5895
2021-09-23,1.5278,1.7009,-0.1731,-0.49
2021-09-24,1.5811,1.7259,-0.1448,-0.419
2021-09-27,1.614,1.7418,-0.1278,-0.4042
2021-09-28,1.6604,1.7652,-0.1048,-0.3158
2021-09-29,1.6776,1.7745,-0.0969,-0.2784
2021-09-30,1.6685,1.7716,-0.1031,-0.3048
2021-10-01,1.6348,1.757,-0.1222,-0.3259
2021-10-04,1.6371,1.7598,-0.1227,-0.3246
2021-10-05,1.6686,1.7758,-0.1072,-0.2747
2021-10-06,1.6755,1.7793,-0.1038,-0.3046
2021-10-07,1.7105,1.7967,-0.0862,-0.2568
2021-10-08,1.7451,1.8139,-0.0688,-0.2246
2021-10-12,1.7502,1.8155,-0.0653,-0.3141
2021-10-13,1.7409,1.8085,-0.0676,-0.3897
2021-10-14,1.7069,1.7905,-0.0836,-0.4024
2021-10-15,1.7468,1.8074,-0.0606,-0.391
2021-10-18,1.7628,1.8127,-0.0499,-0.4282
2021-10-19,1.7918,1.8251,-0.0333,-0.318
2021-10-20,1.7993,1.8279,-0.0286,-0.3124
2021-10-21,1.842,1.848,-0.006,-0.3232
2021-10-22,1.8362,1.8439,-0.0077,-0.3826
2021-10-25,1.8135,1.8318,-0.0183,-0.3662
2021-10-26,1.8009,1.8245,-0.0236,-0.4066
2021-10-27,1.7494,1.798,-0.0486,-0.5344
2021-10-28,1.757,1.7999,-0.0429,-0.4844
2021-10-29,1.7519,1.796,-0.0441,-0.4722
2021-11-01,1.7677,1.8019,-0.0342,-0.4603
2021-11-02,1.7366,1.7866,-0.05,-0.4683
2021-11-03,1.7593,1.7974,-0.0381,-0.4513
2021-11-04,1.7029,1.7702,-0.0673,-0.476
2021-11-05,1.6386,1.7405,-0.1019,-0.5682
2021-11-08,1.6737,1.7576,-0.0839,-0.5539
2021-11-09,1.6352,1.7371,-0.1019,-0.6072
2021-11-10,1.7204,1.7762,-0.0558,-0.5781
2021-11-12,1.7504,1.7877,-0.0373,-0.5636
2021-11-15,1.7844,1.8016,-0.0172,-0.5012
2021-11-16,1.8003,1.8082,-0.0079,-0.4893
2021-11-17,1.7859,1.8004,-0.0145,-0.5119
2021-11-18,1.7696,1.7922,-0.0226,-0.529
2021-11-19,1.747,1.7804,-0.0334,-0.6108
2021-11-22,1.8122,1.8103,0.0019,-0.5492
2021-11-23,1.8426,1.8239,0.0187,-0.4928
2021-11-24,1.8446,1.8241,0.0205,-0.5552
2021-11-26,1.7146,1.7629,-0.0483,-0.667
2021-11-29,1.7027,1.7595,-0.0568,-0.6148
2021-11-30,1.6541,1.7363,-0.0822,-0.7134
2021-12-01,1.6447,1.7318,-0.0871,-0.6507
2021-12-02,1.6549,1.7331,-0.0782,-0.7597
2021-12-03,1.5874,1.6979,-0.1105,-0.8428
2021-12-06,1.6212,1.7132,-0.092,-0.7816
2021-12-07,1.6617,1.7311,-0.0694,-0.7649
2021-12-08,1.6766,1.7359,-0.0593,-0.7378
2021-12-09,1.6659,1.7276,-0.0617,-0.7825
2021-12-10,1.6581,1.7222,-0.0641,-0.7887
2021-12-13,1.6181,1.7003,-0.0822,-0.8512
2021-12-14,1.6228,1.7017,-0.0789,-0.837
2021-12-15,1.645,1.7121,-0.0671,-0.8102
2021-12-16,1.6059,1.6934,-0.0875,-0.7279
2021-12-17,1.5886,1.6853,-0.0967,-0.7772
2021-12-20,1.5836,1.6858,-0.1022,-0.7363
2021-12-21,1.6242,1.7065,-0.0823,-0.7176
2021-12-22,1.6263,1.7077,-0.0814,-0.7447
2021-12-23,1.6515,1.7213,-0.0698,-0.71
2021-12-27,1.6512,1.7208,-0.0696,-0.749
2021-12-28,1.6475,1.7182,-0.0707,-0.7331
2021-12-29,1.6848,1.7349,-0.0501,-0.6375
2021-12-30,1.6748,1.7296,-0.0548,-0.668
2021-12-31,1.6686,1.7274,-0.0588,-0.6704
2022-01-03,1.7562,1.7729,-0.0167,-0.5635
2022-01-04,1.7923,1.7921,0.0002,-0.4897
2022-01-05,1.8449,1.8186,0.0263,-0.5101
2022-01-06,1.8862,1.8385,0.0477,-0.5358
2022-01-07,1.9241,1.8568,0.0673,-0.4698
2022-01-10,1.9489,1.8715,0.0774,-0.5085
2022-01-11,1.937,1.8659,0.0711,-0.5267
2022-01-12,1.9248,1.8598,0.065,-0.5448
2022-01-13,1.8932,1.8446,0.0486,-0.5651
2022-01-14,1.948,1.8716,0.0764,-0.5321
2022-01-18,2.0265,1.9133,0.1132,-0.4877
2022-01-19,2.0172,1.9093,0.1079,-0.5227
2022-01-20,2.0093,1.9058,0.1035,-0.5415
2022-01-21,1.9472,1.8753,0.0719,-0.5925
2022-01-24,1.9297,1.8713,0.0584,-0.542
2022-01-25,1.9492,1.883,0.0662,-0.545
2022-01-26,2.0151,1.9136,0.1015,-0.5624
2022-01-27,2.0085,1.9091,0.0994,-0.6636
2022-01-28,1.9646,1.8857,0.0789,-0.6776
2022-01-31,1.9587,1.8866,0.0721,-0.6494
2022-02-01,1.9581,1.8846,0.0735,-0.6439
2022-02-02,1.9349,1.8708,0.0641,-0.6676
2022-02-03,1.9615,1.8835,0.078,-0.6459
2022-02-04,2.0544,1.9304,0.124,-0.6276
2022-02-07,2.0569,1.935,0.1219,-0.6248
2022-02-08,2.0873,1.9498,0.1375,-0.6115
2022-02-09,2.0896,1.9488,0.1408,-0.642
2022-02-10,2.1842,2.0055,0.1787,-0.7084
2022-02-11,2.1025,1.9657,0.1368,-0.7437
2022-02-14,2.1286,1.9845,0.1441,-0.7164
2022-02-15,2.1573,1.9958,0.1615,-0.6269
2022-02-16,2.1405,1.9835,0.157,-0.6139
2022-02-17,2.0973,1.9593,0.138,-0.6536
2022-02-18,2.06,1.9389,0.1211,-0.6968
2022-02-22,2.0683,1.9467,0.1216,-0.74
2022-02-23,2.0953,1.9581,0.1372,-0.6977
2022-02-24,2.0699,1.9387,0.1312,-0.6633
2022-02-25,2.0832,1.9441,0.1391,-0.6873
2022-02-28,1.9668,1.89,0.0768,-0.7841
2022-03-01,1.8352,1.8235,0.0117,-0.8149
2022-03-02,1.9386,1.8748,0.0638,-0.7516
2022-03-03,1.9502,1.8818,0.0684,-0.7751
2022-03-04,1.8571,1.8332,0.0239,-0.9099
2022-03-07,1.8714,1.8434,0.028,-0.9025
2022-03-08,1.9323,1.8697,0.0626,-0.8688
2022-03-09,1.9916,1.8967,0.0949,-0.8341
2022-03-10,2.0413,1.918,0.1233,-0.8135
2022-03-11,2.0691,1.9298,0.1393,-0.8422
2022-03-14,2.1854,1.9907,0.1947,-0.7238
2022-03-15,2.2117,2.0048,0.2069,-0.7346
2022-03-16,2.2638,2.0272,0.2366,-0.7447
2022-03-17,2.2762,2.026,0.2502,-0.6942
2022-03-18,2.2442,2.0065,0.2377,-0.7905
2022-03-21,2.3753,2.0783,0.297,-0.6994
2022-03-22,2.4394,2.1087,0.3307,-0.658
2022-03-23,2.4104,2.0913,0.3191,-0.6711
2022-03-24,2.4212,2.0957,0.3255,-0.6712
2022-03-25,2.552,2.1602,0.3918,-0.5963
2022-03-28,2.5596,2.1682,0.3914,-0.7114
2022-03-29,2.5095,2.1411,0.3684,-0.7801
2022-03-30,2.446,2.1071,0.3389,-0.8207
2022-03-31,2.4024,2.0824,0.32,-0.8503
2022-04-01,2.4613,2.1074,0.3539,-0.9238
2022-04-04,2.481,2.1248,0.3562,-0.8582
2022-04-05,2.573,2.1704,0.4026,-0.7698
2022-04-06,2.6274,2.1993,0.4281,-0.6434
2022-04-07,2.6718,2.2236,0.4482,-0.5229
2022-04-08,2.7424,2.2619,0.4805,-0.4871
2022-04-11,2.7948,2.2982,0.4966,-0.4259
2022-04-12,2.7397,2.2769,0.4628,-0.3739
2022-04-13,2.7277,2.277,0.4507,-0.4062
2022-04-14,2.8364,2.3373,0.4991,-0.3117
2022-04-18,2.8775,2.3656,0.5119,-0.2561
2022-04-19,2.9671,2.4124,0.5547,-0.2589
2022-04-20,2.9376,2.3987,0.5389,-0.3639
2022-04-21,2.9828,2.4206,0.5622,-0.359
2022-04-22,2.9813,2.4191,0.5622,-0.364
2022-04-25,2.9009,2.3909,0.51,-0.4467
2022-04-26,2.8342,2.359,0.4752,-0.462
2022-04-27,2.8517,2.3669,0.4848,-0.4045
2022-04-28,2.8894,2.3831,0.5063,-0.4052
2022-04-29,2.9419,2.4079,0.534,-0.3846
2022-05-02,3.0171,2.4497,0.5674,-0.3055
2022-05-03,3.0278,2.455,0.5728,-0.3541
2022-05-04,2.982,2.432,0.55,-0.2909
2022-05-05,3.0585,2.465,0.5935,-0.1409
2022-05-06,3.1335,2.5005,0.633,-0.0462
2022-05-09,3.0836,2.484,0.5996,-0.0726
2022-05-10,3.0447,2.4695,0.5752,-0.1653
2022-05-11,3.0053,2.4534,0.5519,-0.2335
2022-05-12,2.9318,2.4239,0.5079,-0.2907
2022-05-13,2.9854,2.459,0.5264,-0.2102
2022-05-16,2.9524,2.4553,0.4971,-0.2528
2022-05-17,3.0291,2.4979,0.5312,-0.2484
2022-05-18,2.9779,2.4725,0.5054,-0.3552
2022-05-19,2.9281,2.4482,0.4799,-0.3577
2022-05-20,2.8778,2.4226,0.4552,-0.3924
2022-05-23,2.9303,2.4534,0.4769,-0.3631
2022-05-24,2.8498,2.4158,0.434,-0.4518
2022-05-25,2.8193,2.4041,0.4152,-0.4087
2022-05-26,2.8135,2.4041,0.4094,-0.4113
2022-05-27,2.8202,2.4103,0.4099,-0.4612
2022-05-31,2.9024,2.4607,0.4417,-0.3767
2022-06-01,2.9988,2.5096,0.4892,-0.3845
2022-06-02,3.004,2.5133,0.4907,-0.4089
2022-06-03,3.0285,2.5288,0.4997,-0.3871
2022-06-06,3.1011,2.571,0.5301,-0.3171
2022-06-07,3.0799,2.5648,0.5151,-0.3581
2022-06-08,3.1036,2.5797,0.5239,-0.3333
2022-06-09,3.1227,2.5913,0.5314,-0.3736
2022-06-10,3.2487,2.6614,0.5873,-0.3546
2022-06-13,3.4918,2.8093,0.6825,-0.2427
2022-06-14,3.5736,2.8735,0.7001,-0.1835
2022-06-15,3.4218,2.8042,0.6176,-0.1556
2022-06-16,3.3398,2.7558,0.584,-0.4231
2022-06-17,3.3263,2.748,0.5783,-0.3346
2022-06-21,3.3616,2.7786,0.583,-0.2367
2022-06-22,3.2434,2.7227,0.5207,-0.3432
2022-06-23,3.1607,2.6881,0.4726,-0.3684
2022-06-24,3.1697,2.7034,0.4663,-0.3395
2022-06-27,3.2274,2.7449,0.4825,-0.3206
2022-06-28,3.2427,2.759,0.4837,-0.2963
2022-06-29,3.1772,2.731,0.4462,-0.3485
2022-06-30,3.0657,2.6767,0.389,-0.3379
2022-07-01,2.9417,2.6189,0.3228,-0.5398
2022-07-05,2.8901,2.6129,0.2772,-0.4194
2022-07-06,2.9684,2.6603,0.3081,-0.417
2022-07-07,3.0398,2.7012,0.3386,-0.3826
2022-07-08,3.1204,2.7447,0.3757,-0.342
2022-07-11,3.0671,2.7385,0.3286,-0.4529
2022-07-12,3.0168,2.7267,0.2901,-0.5035
2022-07-13,2.9983,2.7419,0.2564,-0.6448
2022-07-14,3.0128,2.7595,0.2533,-0.5989
2022-07-15,2.9982,2.7554,0.2428,-0.6277
2022-07-18,3.0119,2.7767,0.2352,-0.6009
2022-07-19,3.0598,2.8101,0.2497,-0.6117
2022-07-20,3.0931,2.8291,0.264,-0.6225
2022-07-21,2.971,2.7684,0.2026,-0.7575
2022-07-22,2.8484,2.7119,0.1365,-0.8116
2022-07-25,2.8535,2.7301,0.1234,-0.7865
2022-07-26,2.8518,2.7311,0.1207,-0.8285
2022-07-27,2.8112,2.7046,0.1066,-0.8064
2022-07-28,2.7169,2.6551,0.0618,-0.8272
2022-07-29,2.7016,2.6472,0.0544,-0.8671
2022-08-01,2.6558,2.6348,0.021,-0.9478
2022-08-02,2.7671,2.6921,0.075,-0.9305
2022-08-03,2.7775,2.6939,0.0836,-0.9805
2022-08-04,2.7166,2.6602,0.0564,-0.978
2022-08-05,2.8391,2.7231,0.116,-0.9624
2022-08-08,2.8111,2.7163,0.0948,-1.0089
2022-08-09,2.8257,2.7261,0.0996,-1.0407
2022-08-10,2.8034,2.7139,0.0895,-0.9765
2022-08-11,2.8528,2.7334,0.1194,-0.8613
2022-08-12,2.8553,2.7343,0.121,-0.9209
2022-08-15,2.8147,2.7213,0.0934,-0.951
2022-08-16,2.8312,2.7312,0.1,-0.963
2022-08-17,2.8939,2.7608,0.1331,-0.9503
2022-08-18,2.8925,2.7599,0.1326,-0.9438
2022-08-19,2.9699,2.8008,0.1691,-0.8229
2022-08-22,3.041,2.8455,0.1955,-0.8201
2022-08-23,3.0693,2.8628,0.2065,-0.772
2022-08-24,3.1309,2.8984,0.2325,-0.7295
2022-08-25,3.0934,2.8844,0.209,-0.8248
2022-08-26,3.109,2.8948,0.2142,-0.8377
2022-08-29,3.1642,2.9338,0.2304,-0.7761
2022-08-30,3.1793,2.9464,0.2329,-0.8012
2022-08-31,3.2024,2.9605,0.2419,-0.7485
2022-09-01,3.2918,3.0064,0.2854,-0.6439
2022-09-02,3.2618,2.9926,0.2692,-0.628
2022-09-06,3.3593,3.0498,0.3095,-0.5523
2022-09-07,3.3372,3.0466,0.2906,-0.594
2022-09-08,3.3532,3.0595,0.2937,-0.612
2022-09-09,3.3895,3.0823,0.3072,-0.6311
2022-09-12,3.4154,3.1054,0.31,-0.5817
2022-09-13,3.4818,3.155,0.3268,-0.6795
2022-09-14,3.4802,3.158,0.3222,-0.7274
2022-09-15,3.5116,3.1719,0.3397,-0.7105
2022-09-16,3.4944,3.1602,0.3342,-0.6612
2022-09-19,3.5263,3.1873,0.339,-0.6988
2022-09-20,3.5853,3.2193,0.366,-0.5897
2022-09-21,3.5708,3.209,0.3618,-0.6721
2022-09-22,3.6961,3.2638,0.4323,-0.5209
2022-09-23,3.7223,3.2639,0.4584,-0.7345
2022-09-26,3.8683,3.3392,0.5291,-0.601
2022-09-27,3.9556,3.3782,0.5774,-0.4763
2022-09-28,3.7779,3.2934,0.4845,-0.553
2022-09-29,3.7828,3.2965,0.4863,-0.541
2022-09-30,3.8398,3.3229,0.5169,-0.5059
2022-10-03,3.7297,3.2788,0.4509,-0.6293
2022-10-04,3.6583,3.2495,0.4088,-0.6548
2022-10-05,3.7499,3.2985,0.4514,-0.443
2022-10-06,3.8293,3.3385,0.4908,-0.4056
2022-10-07,3.8918,3.3677,0.5241,-0.5331
2022-10-11,3.943,3.4102,0.5328,-0.3423
2022-10-12,3.9352,3.4172,0.518,-0.357
2022-10-13,4.0028,3.4648,0.538,-0.3888
2022-10-14,4.0375,3.4888,0.5487,-0.3765
2022-10-17,4.0422,3.5089,0.5333,-0.3412
2022-10-18,4.0245,3.5154,0.5091,-0.3619
2022-10-19,4.1211,3.5736,0.5475,-0.3506
2022-10-20,4.2149,3.6246,0.5903,-0.3374
2022-10-21,4.198,3.6196,0.5784,-0.1749
2022-10-24,4.2369,3.6534,0.5835,-0.1023
2022-10-25,4.1627,3.6247,0.538,-0.3437
2022-10-26,4.1012,3.5972,0.504,-0.3081
2022-10-27,4.032,3.5682,0.4638,-0.3163
2022-10-28,4.0863,3.6025,0.4838,-0.2062
2022-10-31,4.1505,3.645,0.5055,-0.1965
2022-11-01,4.1608,3.6556,0.5052,-0.3464
2022-11-02,4.1701,3.6591,0.511,-0.2952
2022-11-03,4.2069,3.6744,0.5325,-0.2496
2022-11-04,4.2117,3.6723,0.5394,-0.1238
2022-11-07,4.2599,3.7016,0.5583,-0.0667
2022-11-08,4.2042,3.676,0.5282,-0.12
2022-11-09,4.1796,3.6669,0.5127,-0.0713
2022-11-10,3.9144,3.5398,0.3746,-0.4683
2022-11-14,3.9031,3.5438,0.3593,-0.474
2022-11-15,3.8404,3.5177,0.3227,-0.5212
2022-11-16,3.7372,3.4713,0.2659,-0.6777
2022-11-17,3.7795,3.4931,0.2864,-0.6547
2022-11-18,3.8234,3.5161,0.3073,-0.6598
2022-11-21,3.8559,3.5383,0.3176,-0.3761
2022-11-22,3.7928,3.509,0.2838,-0.7569
2022-11-23,3.7277,3.4784,0.2493,-0.8183
2022-11-25,3.6822,3.457,0.2252,-0.8227
2022-11-28,3.6828,3.464,0.2188,-0.8167
2022-11-29,3.7152,3.4809,0.2343,-0.757
2022-11-30,3.6513,3.4517,0.1996,-0.7426
2022-12-01,3.5271,3.3899,0.1372,-0.8104
2022-12-02,3.4942,3.3752,0.119,-0.8496
2022-12-05,3.5726,3.4185,0.1541,-0.8702
2022-12-06,3.5196,3.3945,0.1251,-0.9395
2022-12-07,3.4251,3.3455,0.0796,-0.9811
2022-12-08,3.4622,3.3595,0.1027,-0.9428
2022-12-09,3.516,3.3844,0.1316,-0.8541
2022-12-12,3.561,3.4136,0.1474,-0.872
2022-12-13,3.4645,3.3666,0.0979,-0.898
2022-12-14,3.4354,3.3521,0.0833,-0.9051
2022-12-15,3.4076,3.3383,0.0693,-0.9797
2022-12-16,3.4098,3.3382,0.0716,-0.8666
2022-12-19,3.4867,3.3812,0.1055,-0.8131
2022-12-20,3.5854,3.4302,0.1552,-0.6747
2022-12-21,3.6128,3.4416,0.1712,-0.6342
2022-12-22,3.6257,3.4475,0.1782,-0.7013
2022-12-23,3.6862,3.4765,0.2097,-0.6484
2022-12-27,3.7792,3.531,0.2482,-0.5749
2022-12-28,3.8244,3.5573,0.2671,-0.5236
2022-12-29,3.8147,3.554,0.2607,-0.5839
2022-12-30,3.8501,3.57,0.2801,-0.5728
2023-01-03,3.7941,3.5493,0.2448,-0.6654
2023-01-04,3.705,3.5114,0.1936,-0.7531
2023-01-05,3.7066,3.5219,0.1847,-0.803
2023-01-06,3.5625,3.4589,0.1036,-0.7752
2023-01-09,3.5141,3.4466,0.0675,-0.7637
2023-01-10,3.56,3.4783,0.0817,-0.6819
2023-01-11,3.5271,3.468,0.0591,-0.7287
2023-01-12,3.4286,3.4179,0.0107,-0.7951
2023-01-13,3.4484,3.4267,0.0217,-0.833
2023-01-17,3.4674,3.4416,0.0258,-0.73
2023-01-18,3.3469,3.3862,-0.0393,-0.8378
2023-01-19,3.3501,3.3913,-0.0412,-0.8328
2023-01-20,3.4084,3.4221,-0.0137,-0.7841
2023-01-23,3.4565,3.4467,0.0098,-0.7897
2023-01-24,3.4297,3.434,-0.0043,-0.851
2023-01-25,3.4139,3.4247,-0.0108,-0.8317
2023-01-26,3.4359,3.4332,0.0027,-0.8338
2023-01-27,3.4625,3.4458,0.0167,-0.8134
2023-01-30,3.4966,3.4622,0.0344,-0.8305
2023-01-31,3.4785,3.453,0.0255,-0.7932
2023-02-01,3.3688,3.3993,-0.0305,-0.8305
2023-02-02,3.3479,3.3884,-0.0405,-0.8409
2023-02-03,3.4627,3.4453,0.0174,-0.8735
2023-02-06,3.5622,3.4929,0.0693,-0.9104
2023-02-07,3.6038,3.5096,0.0942,-0.881
2023-02-08,3.5937,3.5018,0.0919,-0.8579
2023-02-09,3.6201,3.5151,0.105,-0.8795
2023-02-10,3.6744,3.542,0.1324,-0.7769
2023-02-13,3.674,3.546,0.128,-0.8582
2023-02-14,3.7172,3.566,0.1512,-0.9034
2023-02-15,3.7873,3.5993,0.188,-0.5436
2023-02-16,3.7989,3.6046,0.1943,-0.7828
2023-02-17,3.7761,3.5944,0.1817,-0.7855
2023-02-21,3.8683,3.643,0.2253,-0.7202
2023-02-22,3.9143,3.6686,0.2457,-0.4538
2023-02-23,3.8955,3.6593,0.2362,-0.4896
2023-02-24,3.958,3.6889,0.2691,-0.4772
2023-02-27,3.9487,3.6877,0.261,-0.4765
2023-02-28,3.9428,3.6848,0.258,-0.4878
2023-03-01,4.0108,3.7179,0.2929,-0.4331
2023-03-02,4.0705,3.7454,0.3251,-0.3706
2023-03-03,4.0204,3.7192,0.3012,-0.5
2023-03-06,3.9891,3.7047,0.2844,-0.8131
2023-03-07,4.0091,3.7243,0.2848,-0.6327
2023-03-08,4.0076,3.7277,0.2799,-0.6687
2023-03-09,3.9274,3.6902,0.2372,-0.6405
2023-03-10,3.7183,3.5856,0.1327,-0.8015
2023-03-13,3.5043,3.4671,0.0372,-0.6895
2023-03-14,3.5818,3.5098,0.072,-0.7228
2023-03-15,3.4887,3.4563,0.0324,-0.7025
2023-03-16,3.5759,3.5039,0.072,-0.746
2023-03-17,3.4372,3.4216,0.0156,-0.6984
2023-03-20,3.5115,3.4729,0.0386,-0.6783
2023-03-21,3.6394,3.546,0.0934,-0.6962
2023-03-22,3.5455,3.5084,0.0371,-0.6584
2023-03-23,3.4276,3.4505,-0.0229,-0.6519
2023-03-24,3.4222,3.4493,-0.0271,-0.6639
2023-03-27,3.5661,3.534,0.0321,-0.6215
2023-03-28,3.6144,3.5569,0.0575,-0.6431
2023-03-29,3.6409,3.5686,0.0723,-0.641
2023-03-30,3.6323,3.573,0.0593,-0.6757
2023-03-31,3.5734,3.5429,0.0305,-0.7237
2023-04-03,3.5049,3.5152,-0.0103,-0.727
2023-04-04,3.4103,3.4706,-0.0603,-0.7153
2023-04-05,3.3638,3.4508,-0.087,-0.761
2023-04-06,3.3605,3.4593,-0.0988,-0.7918
2023-04-07,3.4384,3.5034,-0.065,-0.7812
2023-04-10,3.4664,3.5278,-0.0614,-0.7908
2023-04-11,3.4811,3.5365,-0.0554,-0.7796
2023-04-12,3.4459,3.5203,-0.0744,-0.7313
2023-04-13,3.4751,3.5398,-0.0647,-0.6926
2023-04-14,3.5513,3.5829,-0.0316,-0.695
2023-04-17,3.6277,3.6278,-0.0001,-0.663
2023-04-18,3.6305,3.6317,-0.0012,-0.6912
2023-04-19,3.647,3.6388,0.0082,-0.7031
2023-04-20,3.5918,3.6074,-0.0156,-0.6886
2023-04-21,3.605,3.6129,-0.0079,-0.6669
2023-04-24,3.5658,3.5975,-0.0317,-0.6957
2023-04-25,3.4487,3.5399,-0.0912,-0.6974
2023-04-26,3.4607,3.5506,-0.0899,-0.6753
2023-04-27,3.5622,3.6046,-0.0424,-0.6675
2023-04-28,3.5153,3.5788,-0.0635,-0.7352
2023-05-01,3.5998,3.6287,-0.0289,-0.6167
2023-05-02,3.4879,3.5759,-0.088,-0.6739
2023-05-03,3.4158,3.5471,-0.1313,-0.6579
2023-05-04,3.3698,3.5313,-0.1615,-0.5885
2023-05-05,3.4488,3.5773,-0.1285,-0.6054
2023-05-08,3.5292,3.6219,-0.0927,-0.571
2023-05-09,3.5556,3.6372,-0.0816,-0.5555
2023-05-10,3.4849,3.6014,-0.1165,-0.5566
2023-05-11,3.4455,3.5808,-0.1353,-0.6449
2023-05-12,3.4973,3.6076,-0.1103,-0.6302
2023-05-15,3.5284,3.6244,-0.096,-0.5556
2023-05-16,3.5754,3.6492,-0.0738,-0.5436
2023-05-17,3.6164,3.6707,-0.0543,-0.5729
2023-05-18,3.695,3.7122,-0.0172,-0.5687
2023-05-19,3.7445,3.7333,0.0112,-0.5352
2023-05-22,3.7659,3.7515,0.0144,-0.5163
2023-05-23,3.7561,3.7455,0.0106,-0.5413
2023-05-24,3.7699,3.7531,0.0168,-0.5506
2023-05-25,3.8595,3.7945,0.065,-0.5752
2023-05-26,3.8653,3.7877,0.0776,-0.6397
2023-05-30,3.7748,3.7512,0.0236,-0.6696
2023-05-31,3.6957,3.7143,-0.0186,-0.6829
2023-06-01,3.6473,3.6914,-0.0441,-0.6796
2023-06-02,3.7202,3.7269,-0.0067,-0.7081
2023-06-05,3.7205,3.7223,-0.0018,-0.6906
2023-06-06,3.727,3.7198,0.0072,-0.7205
2023-06-07,3.7957,3.7471,0.0486,-0.6295
2023-06-08,3.7556,3.7193,0.0363,-0.6998
2023-06-09,3.7701,3.7192,0.0509,-0.7387
2023-06-12,3.7527,3.7079,0.0448,-0.724
2023-06-13,3.8239,3.736,0.0879,-0.7179
2023-06-14,3.838,3.7351,0.1029,-0.83
2023-06-15,3.7405,3.6807,0.0598,-0.8177
2023-06-16,3.7545,3.6836,0.0709,-0.8692
2023-06-20,3.7279,3.6731,0.0548,-0.8865
2023-06-21,3.7044,3.6633,0.0411,-0.9062
2023-06-22,3.7498,3.6845,0.0653,-0.8902
2023-06-23,3.7271,3.6731,0.054,-0.8901
2023-06-26,3.7057,3.6702,0.0355,-0.8797
2023-06-27,3.7315,3.683,0.0485,-0.928
2023-06-28,3.6886,3.6613,0.0273,-0.957
2023-06-29,3.8241,3.7281,0.096,-0.694
2023-06-30,3.827,3.7251,0.1019,-0.7613
2023-07-03,3.865,3.7429,0.1221,-0.7624
2023-07-05,3.9207,3.7676,0.1531,-0.6556
2023-07-06,4.0196,3.8153,0.2043,-0.5976
2023-07-07,4.0433,3.8253,0.218,-0.5657
2023-07-10,3.9892,3.803,0.1862,-0.6669
2023-07-11,3.9727,3.7986,0.1741,-0.7427
2023-07-12,3.8547,3.745,0.1097,-0.7423
2023-07-13,3.7438,3.6964,0.0474,-0.7291
2023-07-14,3.7789,3.7172,0.0617,-0.8255
2023-07-17,3.7691,3.7151,0.054,-0.8218
2023-07-18,3.7519,3.7069,0.045,-0.8642
2023-07-19,3.7153,3.6894,0.0259,-0.9398
2023-07-20,3.7795,3.7197,0.0598,-0.8796
2023-07-21,3.7946,3.7261,0.0685,-0.9001
2023-07-24,3.8342,3.7453,0.0889,-0.8715
2023-07-25,3.8818,3.7682,0.1136,-0.8524
2023-07-26,3.8588,3.7572,0.1016,-0.6842
2023-07-27,3.9575,3.8039,0.1536,-0.7598
2023-07-28,3.9348,3.7915,0.1433,-0.7828
2023-07-31,3.9408,3.7946,0.1462,-0.6267
2023-08-01,4.0036,3.8254,0.1782,-0.4741
2023-08-02,4.019,3.8319,0.1871,-0.5939
2023-08-03,4.0901,3.8667,0.2234,-0.4729
2023-08-04,4.0041,3.8274,0.1767,-0.5315
2023-08-07,4.0148,3.8385,0.1763,-0.4573
2023-08-08,3.9736,3.8235,0.1501,-0.5293
2023-08-09,3.9706,3.8237,0.1469,-0.5887
2023-08-10,4.0355,3.8551,0.1804,-0.494
2023-08-11,4.1162,3.8924,0.2238,-0.4816
2023-08-14,4.1534,3.9092,0.2442,-0.5571
2023-08-15,4.1754,3.9184,0.257,-0.4752
2023-08-16,4.226,3.9415,0.2845,-0.4451
2023-08-17,4.2541,3.9539,0.3002,-0.3633
2023-08-18,4.2342,3.9433,0.2909,-0.4007
2023-08-21,4.2947,3.9757,0.319,-0.3417
2023-08-22,4.3457,4.0017,0.344,-0.195
2023-08-23,4.2297,3.9448,0.2849,-0.5112
2023-08-24,4.2266,3.9456,0.281,-0.5016
2023-08-25,4.2421,3.9551,0.287,-0.5269
2023-08-28,4.2072,3.9392,0.268,-0.5414
2023-08-29,4.1213,3.8978,0.2235,-0.525
2023-08-30,4.1142,3.895,0.2192,-0.5049
2023-08-31,4.0897,3.8833,0.2064,-0.512
2023-09-01,4.1422,3.9081,0.2341,-0.3974
2023-09-05,4.2168,3.9459,0.2709,-0.388
2023-09-06,4.2956,3.9838,0.3118,-0.2334
2023-09-07,4.2534,3.9606,0.2928,-0.4034
2023-09-08,4.2441,3.9547,0.2894,-0.4486
2023-09-11,4.2551,3.9608,0.2943,-0.4063
2023-09-12,4.2499,3.9587,0.2912,-0.4647
2023-09-13,4.2313,3.949,0.2823,-0.4582
2023-09-14,4.25,3.9563,0.2937,-0.4486
2023-09-15,4.311,3.9862,0.3248,-0.2047
2023-09-18,4.3289,3.9947,0.3342,-0.2345
2023-09-19,4.3643,4.0104,0.3539,-0.2741
2023-09-20,4.3647,4.0101,0.3546,-0.3277
2023-09-21,4.4569,4.0548,0.4021,-0.0868
2023-09-22,4.4526,4.0525,0.4001,-0.1232
2023-09-25,4.5202,4.0884,0.4318,0.0305
2023-09-26,4.5543,4.1072,0.4471,0.0561
2023-09-27,4.6173,4.1394,0.4779,0.0975
2023-09-28,4.6072,4.1352,0.472,0.1133
2023-09-29,4.607,4.137,0.47,0.1493
2023-10-02,4.689,4.1807,0.5083,0.2111
2023-10-03,4.7944,4.2334,0.561,0.3231
2023-10-04,4.7625,4.2196,0.5429,0.2828
2023-10-05,4.75,4.2162,0.5338,0.3055
2023-10-06,4.7877,4.2383,0.5494,0.2547
2023-10-10,4.7117,4.2035,0.5082,0.217
2023-10-11,4.6503,4.175,0.4753,0.0622
2023-10-12,4.734,4.2182,0.5158,0.2618
2023-10-13,4.7052,4.2043,0.5009,0.1827
2023-10-16,4.7563,4.2283,0.528,0.2622
2023-10-17,4.8669,4.2803,0.5866,0.287
2023-10-18,4.9286,4.3057,0.6229,0.2719
2023-10-19,4.9929,4.334,0.6589,0.4528
2023-10-20,4.9708,4.3224,0.6484,0.4639
2023-10-23,4.9256,4.3034,0.6222,0.3735
2023-10-24,4.913,4.299,0.614,0.3243
2023-10-25,4.9902,4.3375,0.6527,0.4349
2023-10-26,4.9407,4.314,0.6267,0.3857
2023-10-27,4.911,4.3019,0.6091,0.4108
2023-10-30,4.9342,4.3159,0.6183,0.4277
2023-10-31,4.9464,4.3233,0.6231,0.4037
2023-11-01,4.8495,4.2768,0.5727,0.3579
2023-11-02,4.7742,4.2381,0.5361,0.1809
2023-11-03,4.6514,4.1771,0.4743,0.1945
2023-11-06,4.7007,4.2019,0.4988,0.2201
2023-11-07,4.6489,4.1756,0.4733,0.1198
2023-11-08,4.6052,4.1535,0.4517,0.084
2023-11-09,4.6944,4.1938,0.5006,0.2096
2023-11-10,4.7062,4.1949,0.5113,0.1616
2023-11-13,4.7121,4.1962,0.5159,0.1803
2023-11-14,4.5348,4.1083,0.4265,0.0552
2023-11-15,4.5673,4.1239,0.4434,0.076
2023-11-16,4.5125,4.0966,0.4159,0.0612
2023-11-17,4.4971,4.0883,0.4088,-0.0212
2023-11-20,4.4756,4.0791,0.3965,-0.0534
2023-11-21,4.455,4.0693,0.3857,-0.0237
2023-11-22,4.4582,4.0709,0.3873,-0.0375
2023-11-24,4.5173,4.1011,0.4162,0.1047
2023-11-27,4.4529,4.0702,0.3827,-0.0439
2023-11-28,4.3896,4.041,0.3486,0.0193
2023-11-29,4.3264,4.0115,0.3149,-0.0129
2023-11-30,4.3875,4.0426,0.3449,0.0543
2023-12-01,4.2852,3.993,0.2922,-0.0165
2023-12-04,4.3256,4.0172,0.3084,-0.0134
2023-12-05,4.2606,3.9869,0.2737,-0.1095
2023-12-06,4.2087,3.9629,0.2458,-0.2125
2023-12-07,4.1952,3.9553,0.2399,-0.1717
2023-12-08,4.2701,3.99,0.2801,-0.1746
2023-12-11,4.287,3.9972,0.2898,-0.164
2023-12-12,4.2621,3.984,0.2781,-0.2165
2023-12-13,4.1119,3.91,0.2019,-0.2025
2023-12-14,3.9982,3.8564,0.1418,-0.3193
2023-12-15,3.9745,3.8486,0.1259,-0.3717
2023-12-18,3.9927,3.8607,0.132,-0.3334
2023-12-19,3.9898,3.859,0.1308,-0.339
2023-12-20,3.9342,3.8335,0.1007,-0.3806
2023-12-21,3.9401,3.8362,0.1039,-0.339
2023-12-22,3.9493,3.8428,0.1065,-0.3216
2023-12-26,3.9569,3.8474,0.1095,-0.3426
2023-12-27,3.8771,3.809,0.0681,-0.4757
2023-12-28,3.8947,3.8191,0.0756,-0.4529
2023-12-29,3.9202,3.8285,0.0917,-0.3375
2024-01-02,3.9839,3.8586,0.1253,-0.3222
2024-01-03,3.9762,3.8562,0.12,-0.346
2024-01-04,4.0331,3.8839,0.1492,-0.2731
2024-01-05,4.0867,3.9088,0.1779,-0.2096
2024-01-08,4.0687,3.9004,0.1683,-0.2293
2024-01-09,4.0705,3.9016,0.1689,-0.2391
2024-01-10,4.0845,3.9081,0.1764,-0.2118
2024-01-11,4.0405,3.8881,0.1524,-0.2216
2024-01-12,3.9984,3.8679,0.1305,-0.1906
2024-01-16,4.0891,3.9147,0.1744,-0.0905
2024-01-17,4.1588,3.951,0.2078,-0.1241
2024-01-18,4.1954,3.968,0.2274,-0.068
2024-01-19,4.221,3.9787,0.2423,-0.0812
2024-01-22,4.1868,3.9615,0.2253,-0.1192
2024-01-23,4.2017,3.9679,0.2338,-0.0695
2024-01-24,4.2358,3.984,0.2518,-0.0315
2024-01-25,4.206,3.9684,0.2376,-0.0454
2024-01-26,4.2211,3.975,0.2461,-0.0511
2024-01-29,4.1604,3.9462,0.2142,-0.1181
2024-01-30,4.1526,3.9425,0.2101,-0.1669
2024-01-31,4.079,3.9081,0.1709,-0.2066
2024-02-01,3.9663,3.8536,0.1127,-0.3554
2024-02-02,4.0812,3.9113,0.1699,-0.2456
2024-02-05,4.2027,3.9682,0.2345,-0.1486
2024-02-06,4.1633,3.9473,0.216,-0.1931
2024-02-07,4.1672,3.9482,0.219,-0.1791
2024-02-08,4.2202,3.973,0.2472,-0.1227
2024-02-09,4.2462,3.9856,0.2606,-0.1263
2024-02-12,4.2442,3.9839,0.2603,-0.1222
2024-02-13,4.3659,4.043,0.3229,-0.0841
2024-02-14,4.3482,4.0313,0.3169,-0.0823
2024-02-15,4.3224,4.0176,0.3048,-0.0957
2024-02-16,4.3614,4.0349,0.3265,-0.0837
2024-02-20,4.3438,4.0259,0.3179,-0.0686
2024-02-21,4.3768,4.0414,0.3354,-0.0451
2024-02-22,4.3965,4.0501,0.3464,-0.0901
2024-02-23,4.3464,4.0248,0.3216,-0.164
2024-02-26,4.3463,4.0223,0.324,-0.1678
2024-02-27,4.3577,4.0245,0.3332,-0.132
2024-02-28,4.325,4.0059,0.3191,-0.1344
2024-02-29,4.3052,3.9957,0.3095,-0.1598
2024-03-01,4.24,3.9631,0.2769,-0.1573
2024-03-04,4.2599,3.9744,0.2855,-0.1636
2024-03-05,4.1962,3.9435,0.2527,-0.2395
2024-03-06,4.16,3.9266,0.2334,-0.3012
2024-03-07,4.1239,3.9096,0.2143,-0.284
2024-03-08,4.1102,3.9042,0.206,-0.2579
2024-03-11,4.1176,3.9087,0.2089,-0.2873
2024-03-12,4.1696,3.9344,0.2352,-0.2619
2024-03-13,4.2016,3.9486,0.253,-0.2437
2024-03-14,4.288,3.9887,0.2993,-0.1651
2024-03-15,4.3243,4.0034,0.3209,-0.1821
2024-03-18,4.3524,4.0146,0.3378,-0.159
2024-03-19,4.3279,4.0018,0.3261,-0.1673
2024-03-20,4.2946,3.9858,0.3088,-0.1426
2024-03-21,4.2969,3.9886,0.3083,-0.1514
2024-03-22,4.2525,3.9673,0.2852,-0.1991
2024-03-25,4.2684,3.9757,0.2927,-0.1721
2024-03-26,4.2641,3.9732,0.2909,-0.1942
2024-03-27,4.2298,3.9563,0.2735,-0.224
2024-03-28,4.2298,3.9566,0.2732,-0.2658
2024-04-01,4.3159,3.9966,0.3193,-0.1763
2024-04-02,4.3543,4.0118,0.3425,-0.107
2024-04-03,4.36,4.0131,0.3469,-0.0934
2024-04-04,4.3337,3.9993,0.3344,-0.1266
2024-04-05,4.3887,4.0267,0.362,-0.1044
2024-04-08,4.4264,4.0434,0.383,-0.1199
2024-04-09,4.3895,4.0239,0.3656,-0.1589
2024-04-10,4.5378,4.095,0.4428,-0.1468
2024-04-11,4.5612,4.1025,0.4587,-0.1221
2024-04-12,4.5186,4.0791,0.4395,-0.1291
2024-04-15,4.5934,4.1146,0.4788,-0.0158
2024-04-16,4.6474,4.1395,0.5079,0.0034
2024-04-17,4.6007,4.1156,0.4851,-0.0709
2024-04-18,4.6355,4.132,0.5035,-0.0358
2024-04-19,4.627,4.1276,0.4994,-0.0545
2024-04-22,4.6238,4.124,0.4998,-0.0437
2024-04-23,4.6057,4.1166,0.4891,-0.0158
2024-04-24,4.6346,4.133,0.5016,0.0319
2024-04-25,4.6896,4.1607,0.5289,0.0383
2024-04-26,4.6794,4.1551,0.5243,-0.0071
2024-04-29,4.6419,4.1361,0.5058,-0.0441
2024-04-30,4.6776,4.1525,0.5251,-0.037
2024-05-01,4.6276,4.1283,0.4993,-0.0393
2024-05-02,4.5759,4.1043,0.4716,-0.0104
2024-05-03,4.506,4.0735,0.4325,-0.0274
2024-05-06,4.4861,4.0663,0.4198,-0.0755
2024-05-07,4.4652,4.0576,0.4076,-0.1151
2024-05-08,4.4817,4.0663,0.4154,-0.081
2024-05-09,4.4617,4.0572,0.4045,-0.0907
2024-05-10,4.4923,4.0732,0.4191,-0.0796
2024-05-13,4.4865,4.0701,0.4164,-0.0932
2024-05-14,4.4576,4.0563,0.4013,-0.0915
2024-05-15,4.3759,4.0184,0.3575,-0.133
2024-05-16,4.3888,4.0264,0.3624,-0.1173
2024-05-17,4.4113,4.0371,0.3742,-0.1399
2024-05-20,4.4288,4.0451,0.3837,-0.1307
2024-05-21,4.4112,4.0357,0.3755,-0.1539
2024-05-22,4.4163,4.0368,0.3795,-0.1944
2024-05-23,4.4698,4.0623,0.4075,-0.0941
2024-05-24,4.4803,4.0661,0.4142,-0.0826
2024-05-28,4.5106,4.0785,0.4321,-0.1338
2024-05-29,4.5901,4.1156,0.4745,0.0708
2024-05-30,4.566,4.1034,0.4626,0.0248
2024-05-31,4.527,4.0852,0.4418,0.0036
2024-06-03,4.4287,4.0389,0.3898,-0.1659
2024-06-04,4.3472,4.0008,0.3464,-0.2126
2024-06-05,4.2983,3.9788,0.3195,-0.2209
2024-06-06,4.2738,3.9687,0.3051,-0.2291
2024-06-07,4.3831,4.0225,0.3606,-0.1857
2024-06-10,4.4438,4.0508,0.393,-0.0292
2024-06-11,4.3938,4.0255,0.3683,-0.1613
2024-06-12,4.3201,3.9904,0.3297,-0.1958
2024-06-13,4.2454,3.9561,0.2893,-0.2239
2024-06-14,4.2143,3.9429,0.2714,-0.2646
2024-06-17,4.2535,3.9627,0.2908,-0.2577
2024-06-18,4.2187,3.9457,0.273,-0.2653
2024-06-20,4.2336,3.9533,0.2803,-0.2346
2024-06-21,4.2386,3.9547,0.2839,-0.2372
2024-06-24,4.2402,3.9553,0.2849,-0.2522
2024-06-25,4.2295,3.9495,0.28,-0.2665
2024-06-26,4.2916,3.9793,0.3123,-0.1991
2024-06-27,4.2813,3.9724,0.3089,-0.21
2024-06-28,4.3219,3.9907,0.3312,-0.1256
2024-07-01,4.4277,4.0425,0.3852,0.0203
2024-07-02,4.419,4.0384,0.3806,-0.0215
2024-07-03,4.3701,4.0161,0.354,-0.0858
2024-07-05,4.2891,3.9781,0.311,-0.092
2024-07-08,4.2741,3.9729,0.3012,-0.1154
2024-07-09,4.29,3.9828,0.3072,-0.0764
2024-07-10,4.2866,3.9825,0.3041,-0.0991
2024-07-11,4.2104,3.9434,0.267,-0.1135
2024-07-12,4.1862,3.9328,0.2534,-0.0945
2024-07-15,4.2175,3.9492,0.2683,-0.0261
2024-07-16,4.1898,3.9373,0.2525,-0.0994
2024-07-17,4.1754,3.9321,0.2433,-0.1125
2024-07-18,4.2089,3.9503,0.2586,-0.0705
2024-07-19,4.2508,3.9701,0.2807,-0.0463
2024-07-22,4.2728,3.9796,0.2932,-0.0321
2024-07-23,4.2645,3.9739,0.2906,-0.0287
2024-07-24,4.2818,3.982,0.2998,0.049
2024-07-25,4.2873,3.9837,0.3036,0.0005
2024-07-26,4.234,3.9573,0.2767,-0.0333
2024-07-29,4.2062,3.9438,0.2624,-0.058
2024-07-30,4.1804,3.9303,0.2501,-0.0693
2024-07-31,4.1222,3.9025,0.2197,-0.1158
2024-08-01,4.0216,3.8523,0.1693,-0.1553
2024-08-02,3.8362,3.7545,0.0817,-0.2335
2024-08-05,3.8094,3.7448,0.0646,-0.2837
2024-08-06,3.9036,3.7966,0.107,-0.1891
2024-08-07,3.9802,3.8363,0.1439,-0.1173
2024-08-08,4.0336,3.8641,0.1695,-0.1049
2024-08-09,4.0222,3.8591,0.1631,-0.1306
2024-08-12,3.9827,3.8402,0.1425,-0.1404
2024-08-13,3.9189,3.8081,0.1108,-0.1981
2024-08-14,3.8946,3.7984,0.0962,-0.2411
2024-08-15,3.9765,3.8408,0.1357,-0.1752
2024-08-16,3.9641,3.832,0.1321,-0.2208
2024-08-19,3.9415,3.8178,0.1237,-0.2549
2024-08-20,3.8943,3.7909,0.1034,-0.2775
2024-08-21,3.852,3.7668,0.0852,-0.2689
2024-08-22,3.9064,3.7943,0.1121,-0.2263
2024-08-23,3.869,3.7736,0.0954,-0.2324
2024-08-26,3.874,3.7731,0.1009,-0.236
2024-08-27,3.8844,3.7763,0.1081,-0.1853
2024-08-28,3.8956,3.7798,0.1158,-0.1776
2024-08-29,3.9238,3.7944,0.1294,-0.1591
2024-08-30,3.9605,3.8125,0.148,-0.1287
2024-09-03,3.9158,3.7893,0.1265,-0.1939
2024-09-04,3.8405,3.7507,0.0898,-0.2205
2024-09-05,3.8101,3.7353,0.0748,-0.2478
2024-09-06,3.7832,3.7219,0.0613,-0.2267
2024-09-09,3.7713,3.7139,0.0574,-0.2561
2024-09-10,3.728,3.6901,0.0379,-0.2687
2024-09-11,3.7324,3.6969,0.0355,-0.2913
2024-09-12,3.7522,3.7044,0.0478,-0.2537
2024-09-13,3.7289,3.6854,0.0435,-0.2502
2024-09-16,3.7107,3.6682,0.0425,-0.2778
2024-09-17,3.7293,3.6728,0.0565,-0.272
2024-09-18,3.7712,3.6826,0.0886,-0.1947
2024-09-19,3.7999,3.6871,0.1128,-0.1607
2024-09-20,3.8031,3.679,0.1241,-0.1567
2024-09-23,3.8239,3.6802,0.1437,-0.1412
2024-09-24,3.8152,3.6682,0.147,-0.1158
2024-09-25,3.8562,3.6852,0.171,-0.0716
2024-09-26,3.8817,3.6943,0.1874,-0.1093
2024-09-27,3.844,3.6731,0.1709,-0.1204
2024-09-30,3.8878,3.6933,0.1945,-0.1133
2024-10-01,3.8409,3.667,0.1739,-0.1558
2024-10-02,3.8577,3.6718,0.1859,-0.1086
2024-10-03,3.9125,3.6954,0.2171,-0.0728
2024-10-04,4.0462,3.7608,0.2854,-0.0704
2024-10-07,4.1096,3.7894,0.3202,0.0112
2024-10-08,4.1101,3.7846,0.3255,-0.0218
2024-10-09,4.1387,3.7963,0.3424,0.0421
2024-10-10,4.1496,3.7997,0.3499,0.0491
2024-10-11,4.1423,3.7938,0.3485,0.1115
2024-10-15,4.1099,3.7766,0.3333,-0.0111
2024-10-16,4.0909,3.766,0.3249,-0.0018
2024-10-17,4.1424,3.7929,0.3495,0.1057
2024-10-18,4.142,3.793,0.349,0.1078
2024-10-21,4.2238,3.8322,0.3916,0.1924
2024-10-22,4.2611,3.8488,0.4123,0.1987
2024-10-23,4.305,3.8694,0.4356,0.2104
2024-10-24,4.2955,3.8625,0.433,0.17
2024-10-25,4.3233,3.8766,0.4467,0.201
2024-10-28,4.3537,3.8871,0.4666,0.2131
2024-10-29,4.359,3.887,0.472,0.2271
2024-10-30,4.3743,3.8901,0.4842,0.1988
2024-10-31,4.373,3.884,0.489,0.1614
2024-11-01,4.434,3.9071,0.5269,0.2788
2024-11-04,4.4053,3.8895,0.5158,0.2194
2024-11-05,4.3829,3.8758,0.5071,0.1618
2024-11-06,4.4769,3.9205,0.5564,0.3045
2024-11-07,4.4184,3.89,0.5284,0.232
2024-11-08,4.3934,3.8763,0.5171,0.1405
2024-11-12,4.4746,3.9138,0.5608,0.2206
2024-11-13,4.4916,3.9171,0.5745,0.3195
2024-11-14,4.4945,3.9168,0.5777,0.2106
2024-11-15,4.49,3.9143,0.5757,0.2755
2024-11-18,4.4779,3.909,0.5689,0.2834
2024-11-19,4.4516,3.8968,0.5548,0.2449
2024-11-20,4.4503,3.8956,0.5547,0.2142
2024-11-21,4.4701,3.9059,0.5642,0.2061
2024-11-22,4.4663,3.9037,0.5626,0.18
2024-11-25,4.3532,3.8484,0.5048,0.0708
2024-11-26,4.3453,3.8431,0.5022,0.1262
2024-11-27,4.2969,3.8186,0.4783,0.0904
2024-11-29,4.2391,3.7902,0.4489,0.0813
2024-12-02,4.23,3.7847,0.4453,0.0503
2024-12-03,4.2524,3.7919,0.4605,0.0991
2024-12-04,4.2346,3.7809,0.4537,0.1044
2024-12-05,4.2192,3.7713,0.4479,0.0408
2024-12-06,4.1946,3.7556,0.439,0.0616
2024-12-09,4.2186,3.7646,0.454,0.0856
2024-12-10,4.243,3.7744,0.4686,0.0986
2024-12-11,4.2843,3.7902,0.4941,0.1583
2024-12-12,4.3388,3.8112,0.5276,0.2183
2024-12-13,4.4157,3.8451,0.5706,0.2758
2024-12-16,4.4308,3.851,0.5798,0.2614
2024-12-17,4.4421,3.8567,0.5854,0.273
2024-12-18,4.5458,3.9046,0.6412,0.3146
2024-12-19,4.6095,3.9317,0.6778,0.4304
2024-12-20,4.5876,3.9194,0.6682,0.379
2024-12-23,4.6389,3.9448,0.6941,0.4377
2024-12-24,4.6569,3.956,0.7009,0.4248
2024-12-26,4.6474,3.9506,0.6968,0.4261
2024-12-27,4.6736,3.9595,0.7141,0.4899
2024-12-30,4.6215,3.9354,0.6861,0.4564
2024-12-31,4.6264,3.9392,0.6872,0.4786
2025-01-02,4.6235,3.9384,0.6851,0.4775
2025-01-03,4.6538,3.9522,0.7016,0.4936
2025-01-06,4.673,3.9609,0.7121,0.5272
2025-01-07,4.7189,3.9833,0.7356,0.5924
2025-01-08,4.7265,3.9873,0.7392,0.6019
2025-01-09,4.7415,3.995,0.7465,0.6204
2025-01-10,4.8399,4.0435,0.7964,0.6384
2025-01-13,4.8746,4.0615,0.8131,0.6487
2025-01-14,4.8716,4.0594,0.8122,0.6692
2025-01-15,4.7642,4.0068,0.7574,0.5774
2025-01-16,4.7048,3.9799,0.7249,0.5715
2025-01-17,4.6967,3.9769,0.7198,0.5187
2025-01-21,4.6666,3.9633,0.7033,0.4584
2025-01-22,4.6739,3.9668,0.7071,0.4776
2025-01-23,4.6992,3.978,0.7212,0.5358
2025-01-24,4.6927,3.9735,0.7192,0.5263
2025-01-27,4.6201,3.9385,0.6816,0.4268
2025-01-28,4.6134,3.9363,0.6771,0.4785
2025-01-29,4.6229,3.9422,0.6807,0.4597
2025-01-30,4.5921,3.9275,0.6646,0.4472
2025-01-31,4.63,3.9464,0.6836,0.4882
2025-02-03,4.6112,3.9379,0.6733,0.4107
2025-02-04,4.586,3.9262,0.6598,0.4219
2025-02-05,4.5133,3.8918,0.6215,0.329
2025-02-06,4.5113,3.8913,0.62,0.3147
2025-02-07,4.5441,3.9076,0.6365,0.3066
2025-02-10,4.5464,3.9077,0.6387,0.3227
2025-02-11,4.5685,3.9177,0.6508,0.3647
2025-02-12,4.6574,3.96,0.6974,0.4415
2025-02-13,4.6001,3.9296,0.6705,0.3415
2025-02-14,4.5432,3.9015,0.6417,0.3214
2025-02-18,4.5859,3.9239,0.662,0.3857
2025-02-19,4.5752,3.9182,0.657,0.3906
2025-02-20,4.5559,3.9082,0.6477,0.3663
2025-02-21,4.4955,3.8794,0.6161,0.332
2025-02-24,4.4679,3.8662,0.6017,0.3328
2025-02-25,4.3836,3.8266,0.557,0.2708
2025-02-26,4.3269,3.802,0.5249,0.2334
2025-02-27,4.3362,3.8088,0.5274,0.2744
2025-02-28,4.2972,3.7909,0.5063,0.2591
2025-03-03,4.2415,3.7664,0.4751,0.2026
2025-03-04,4.267,3.779,0.488,0.2753
2025-03-05,4.3279,3.8101,0.5178,0.3087
2025-03-06,4.3467,3.8183,0.5284,0.3553
2025-03-07,4.3785,3.8346,0.5439,0.369
2025-03-10,4.309,3.8007,0.5083,0.3149
2025-03-11,4.3392,3.8179,0.5213,0.3726
2025-03-12,4.3848,3.8416,0.5432,0.3892
2025-03-13,4.354,3.8269,0.5271,0.3635
2025-03-14,4.3892,3.8443,0.5449,0.3693
2025-03-17,4.397,3.8472,0.5498,0.3417
2025-03-18,4.3723,3.8344,0.5379,0.3285
2025-03-19,4.3348,3.8165,0.5183,0.3056
2025-03-20,4.3091,3.8031,0.506,0.3076
2025-03-21,4.3087,3.8031,0.5056,0.3499
2025-03-24,4.3791,3.8367,0.5424,0.3986
2025-03-25,4.3743,3.8337,0.5406,0.3913
2025-03-26,4.3974,3.8452,0.5522,0.426
2025-03-27,4.4189,3.8562,0.5627,0.4706
2025-03-28,4.341,3.8196,0.5214,0.3995
2025-03-31,4.3023,3.8035,0.4988,0.3687
2025-04-01,4.2519,3.7804,0.4715,0.3162
2025-04-02,4.2675,3.79,0.4775,0.3212
2025-04-03,4.1392,3.7298,0.4094,0.3032
2025-04-04,4.0846,3.7025,0.3821,0.2366
2025-04-07,4.1723,3.7452,0.4271,0.4152
2025-04-08,4.274,3.7971,0.4769,0.5851
2025-04-09,4.4149,3.8713,0.5436,0.5243
2025-04-10,4.4611,3.8929,0.5682,0.6908
2025-04-11,4.555,3.9389,0.6161,0.6753
2025-04-14,4.4849,3.9055,0.5794,0.6352
2025-04-15,4.4478,3.8898,0.558,0.6281
2025-04-16,4.3841,3.8611,0.523,0.605
2025-04-17,4.413,3.8793,0.5337,0.6527
2025-04-21,4.4617,3.9052,0.5565,0.8225
2025-04-22,4.4855,3.9187,0.5668,0.7579
2025-04-23,4.4967,3.9246,0.5721,0.6737
2025-04-24,4.4332,3.8936,0.5396,0.633
2025-04-25,4.3831,3.87,0.5131,0.599
2025-04-28,4.3217,3.8412,0.4805,0.5849
2025-04-29,4.2723,3.8182,0.4541,0.5447
2025-04-30,4.2399,3.8049,0.435,0.5917
2025-05-01,4.3031,3.8376,0.4655,0.6337
2025-05-02,4.3864,3.8791,0.5073,0.6408
2025-05-05,4.4192,3.8932,0.526,0.6785
2025-05-06,4.3981,3.8817,0.5164,0.6811
2025-05-07,4.3661,3.8664,0.4997,0.6242
2025-05-08,4.4468,3.9055,0.5413,0.6644
2025-05-09,4.4589,3.9086,0.5503,0.6665
2025-05-12,4.5285,3.9454,0.5831,0.6747
2025-05-13,4.5664,3.9627,0.6037,0.7267
2025-05-14,4.6033,3.9789,0.6244,0.7376
2025-05-15,4.5408,3.947,0.5938,0.7147
2025-05-16,4.5178,3.9342,0.5836,0.6854
2025-05-19,4.5235,3.9394,0.5841,0.7359
2025-05-20,4.5359,3.946,0.5899,0.7774
2025-05-21,4.6097,3.9809,0.6288,0.895
2025-05-22,4.6083,3.9814,0.6269,0.8564
2025-05-23,4.5887,3.9721,0.6166,0.817
2025-05-27,4.526,3.9419,0.5841,0.7399
2025-05-28,4.5378,3.9482,0.5896,0.7641
2025-05-29,4.4959,3.9289,0.567,0.7294
2025-05-30,4.4679,3.9164,0.5515,0.7378
2025-06-02,4.4964,3.9306,0.5658,0.7883
2025-06-03,4.5122,3.9374,0.5748,0.7722
2025-06-04,4.4384,3.9019,0.5365,0.6993
2025-06-05,4.455,3.9095,0.5455,0.6792
2025-06-06,4.5518,3.9544,0.5974,0.7341
2025-06-09,4.549,3.9519,0.5971,0.7267
2025-06-10,4.5359,3.9454,0.5905,0.703
2025-06-11,4.4846,3.921,0.5636,0.6851
2025-06-12,4.4293,3.8952,0.5341,0.6246
2025-06-13,4.4594,3.9097,0.5497,0.6862
2025-06-16,4.4921,3.9249,0.5672,0.7334
2025-06-17,4.4508,3.9034,0.5474,0.6567
2025-06-18,4.4387,3.8979,0.5408,0.6668
2025-06-20,4.4254,3.8898,0.5356,0.6861
2025-06-23,4.3857,3.8692,0.5165,0.6797
2025-06-24,4.3475,3.851,0.4965,0.6585
2025-06-25,4.3336,3.8453,0.4883,0.6671
2025-06-26,4.3049,3.8341,0.4708,0.6682
2025-06-27,4.3297,3.8481,0.4816,0.693
2025-06-30,4.2975,3.8372,0.4603,0.6223
2025-07-01,4.3168,3.8484,0.4684,0.6002
2025-07-02,4.3477,3.8635,0.4842,0.6564
2025-07-03,4.4033,3.8925,0.5108,0.6445
2025-07-07,4.437,3.9087,0.5283,0.7184
2025-07-08,4.4642,3.9215,0.5427,0.7295
2025-07-09,4.4136,3.8962,0.5174,0.6676
2025-07-10,4.4093,3.8933,0.516,0.6594
2025-07-11,4.463,3.9178,0.5452,0.7549
2025-07-14,4.4754,3.9244,0.551,0.7627
2025-07-15,4.5318,3.9517,0.5801,0.8032
2025-07-16,4.5097,3.9404,0.5693,0.8208
2025-07-17,4.5197,3.945,0.5747,0.8136
2025-07-18,4.4919,3.9309,0.561,0.8046
2025-07-21,4.4455,3.91,0.5355,0.7444
2025-07-22,4.4072,3.8929,0.5143,0.7236
2025-07-23,4.4385,3.9092,0.5293,0.7339
2025-07-24,4.467,3.923,0.544,0.7329
2025-07-25,4.4475,3.9113,0.5362,0.7024
2025-07-28,4.4607,3.9162,0.5445,0.7309
2025-07-29,4.4002,3.8849,0.5153,0.6401
2025-07-30,4.4239,3.8969,0.527,0.6453
2025-07-31,4.4183,3.8921,0.5262,0.6315
2025-08-01,4.2844,3.8195,0.4649,0.6248
2025-08-04,4.2501,3.7996,0.4505,0.6233
2025-08-05,4.2563,3.8019,0.4544,0.6093
2025-08-06,4.2642,3.8042,0.46,0.6527
2025-08-07,4.2849,3.8131,0.4718,0.6409
2025-08-08,4.3208,3.8295,0.4913,0.6647
2025-08-11,4.3235,3.8295,0.494,0.649
2025-08-12,4.3312,3.8317,0.4995,0.7042
2025-08-13,4.2933,3.8101,0.4832,0.6703
2025-08-14,4.3282,3.8278,0.5004,0.7116
2025-08-15,4.3638,3.8447,0.5191,0.7607
2025-08-18,4.3799,3.8539,0.526,0.7732
2025-08-19,4.3584,3.8423,0.5161,0.7461
2025-08-20,4.3403,3.8333,0.507,0.734
2025-08-21,4.3743,3.8518,0.5225,0.7454
2025-08-22,4.3134,3.8195,0.4939,0.7325
2025-08-25,4.3237,3.8229,0.5008,0.7372
2025-08-26,4.3002,3.8109,0.4893,0.7632
2025-08-27,4.2817,3.8012,0.4805,0.7759
2025-08-28,4.2644,3.7927,0.4717,0.7315
2025-08-29,4.2623,3.7896,0.4727,0.7738
2025-09-02,4.304,3.8092,0.4948,0.8196
2025-09-03,4.2692,3.7898,0.4794,0.7611
2025-09-04,4.2256,3.7662,0.4594,0.7301
2025-09-05,4.1592,3.7232,0.436,0.6749
2025-09-08,4.1243,3.7036,0.4207,0.6144
2025-09-09,4.1345,3.707,0.4275,0.6151
2025-09-10,4.1142,3.6937,0.4205,0.5724
2025-09-11,4.0911,3.679,0.4121,0.5355
2025-09-12,4.1201,3.691,0.4291,0.5709
2025-09-15,4.1082,3.6809,0.4273,0.5594
2025-09-16,4.096,3.6723,0.4237,0.5646
2025-09-17,4.1151,3.6782,0.4369,0.5637
2025-09-18,4.1566,3.6969,0.4597,0.6146
2025-09-19,4.1835,3.7087,0.4748,0.6421
2025-09-22,4.2003,3.7134,0.4869,0.6436
2025-09-23,4.1824,3.7027,0.4797,0.616
2025-09-24,4.2059,3.7133,0.4926,0.6267
2025-09-25,4.2356,3.7287,0.5069,0.5961
2025-09-26,4.2491,3.7329,0.5162,0.6292
2025-09-29,4.2221,3.7174,0.5047,0.5835
2025-09-30,4.2165,3.7134,0.5031,0.6122
2025-10-01,4.1829,3.6957,0.4872,0.6167
2025-10-02,4.1666,3.6889,0.4777,0.5887
2025-10-03,4.1932,3.7032,0.49,0.6032
2025-10-06,4.2314,3.7211,0.5103,0.649
2025-10-07,4.211,3.7105,0.5005,0.6236
2025-10-08,4.2136,3.7118,0.5018,0.6104
2025-10-09,4.2219,3.7171,0.5048,0.6145
2025-10-10,4.1534,3.684,0.4694,0.5451
2025-10-14,4.1105,3.664,0.4465,0.5508
2025-10-15,4.1222,3.6726,0.4496,0.5678
2025-10-16,4.0675,3.647,0.4205,0.5337
2025-10-17,4.0876,3.6565,0.4311,0.5441
2025-10-20,4.0813,3.6506,0.4307,0.5253
2025-10-21,4.0605,3.6384,0.4221,0.4956
2025-10-22,4.0526,3.6337,0.4189,0.488
2025-10-23,4.0853,3.6487,0.4366,0.514
2025-10-24,4.0925,3.6484,0.4441,0.5326
2025-10-27,4.0933,3.6429,0.4504,0.5045
2025-10-28,4.0818,3.6335,0.4483,0.4894
2025-10-29,4.1452,3.6657,0.4795,0.5067
2025-10-30,4.1717,3.677,0.4947,0.5464
2025-10-31,4.171,3.6735,0.4975,0.5642
2025-11-03,4.179,3.6811,0.4979,0.5806
2025-11-04,4.1609,3.672,0.4889,0.5691
2025-11-05,4.2112,3.6968,0.5144,0.6182
2025-11-06,4.1692,3.6741,0.4951,0.5934
2025-11-07,4.1591,3.669,0.4901,0.6095
2025-11-10,4.1801,3.6808,0.4993,0.6064
2025-11-12,4.1512,3.6678,0.4834,0.5687
2025-11-13,4.1726,3.6798,0.4928,0.595
2025-11-14,4.2015,3.6946,0.5069,0.6259
2025-11-17,4.1947,3.6913,0.5034,0.6052
2025-11-18,4.1803,3.6831,0.4972,0.6332
2025-11-19,4.1851,3.686,0.4991,0.6342
2025-11-20,4.168,3.6783,0.4897,0.626
2025-11-21,4.1298,3.658,0.4718,0.6292
2025-11-24,4.1098,3.6484,0.4614,0.5979
2025-11-25,4.0804,3.6336,0.4468,0.5896
2025-11-26,4.0719,3.6313,0.4406,0.5617
2025-11-28,4.0884,3.6377,0.4507,0.5839
2025-12-01,4.1447,3.6606,0.4841,0.6442
2025-12-02,4.1528,3.6595,0.4933,0.6584
2025-12-03,4.1327,3.6434,0.4893,0.6467
2025-12-04,4.1715,3.6578,0.5137,0.6679
2025-12-05,4.2,3.6673,0.5327,0.6738
2025-12-08,4.2327,3.6809,0.5518,0.6959
2025-12-09,4.2506,3.6874,0.5632,0.667
2025-12-10,4.227,3.672,0.555,0.6935
2025-12-11,4.214,3.6609,0.5531,0.7033
2025-12-12,4.2487,3.6717,0.577,0.7753
2025-12-15,4.2497,3.6713,0.5784,0.775
2025-12-16,4.2261,3.6601,0.566,0.7549
2025-12-17,4.2298,3.6619,0.5679,0.7626
2025-12-18,4.2041,3.6485,0.5556,0.74
2025-12-19,4.2224,3.658,0.5644,0.7591
2025-12-22,4.2384,3.6662,0.5722,0.7533
2025-12-23,4.2469,3.6695,0.5774,0.7107
2025-12-24,4.2315,3.663,0.5685,0.678
2025-12-26,4.2134,3.6531,0.5603,0.7284
2025-12-29,4.1954,3.6459,0.5495,0.7198
2025-12-30,4.2002,3.6485,0.5517,0.735
2025-12-31,4.2401,3.6691,0.571,0.7524
2026-01-02,4.264,3.6796,0.5844,0.7947
2026-01-05,4.2513,3.6726,0.5787,0.7805
2026-01-06,4.259,3.6757,0.5833,0.7883
2026-01-07,4.2363,3.6636,0.5727,0.736
2026-01-08,4.263,3.6755,0.5875,0.7577
2026-01-09,4.2669,3.6759,0.591,0.7033
2026-01-12,4.2721,3.6795,0.5926,0.7183
2026-01-13,4.2606,3.6751,0.5855,0.7164
2026-01-14,4.2324,3.6621,0.5703,0.6841
2026-01-15,4.2516,3.6712,0.5804,0.6652
2026-01-16,4.2957,3.6915,0.6042,0.7075
2026-01-20,4.3493,3.7178,0.6315,0.8083
2026-01-21,4.3403,3.714,0.6263,0.7673
2026-01-22,4.3447,3.7171,0.6276,0.7302
2026-01-23,4.3342,3.7118,0.6224,0.7143
2026-01-26,4.3164,3.7031,0.6133,0.6846
2026-01-27,4.3204,3.7049,0.6155,0.719
2026-01-28,4.3412,3.7161,0.6251,0.7414
2026-01-29,4.3245,3.7087,0.6158,0.7555
2026-01-30,4.3235,3.7087,0.6148,0.7663
2026-02-02,4.3548,3.7259,0.6289,0.7973
2026-02-03,4.3613,3.73,0.6313,0.7903
2026-02-04,4.3708,3.7358,0.635,0.7855
2026-02-05,4.3066,3.7044,0.6022,0.7794
2026-02-06,4.304,3.705,0.599,0.7752
2026-02-09,4.2982,3.7031,0.5951,0.78
2026-02-10,4.2571,3.6842,0.5729,0.7267
2026-02-11,4.278,3.6957,0.5823,0.7339
2026-02-12,4.2185,3.6671,0.5514,0.669
2026-02-13,4.1581,3.6387,0.5194,0.6557
2026-02-17,4.1511,3.6368,0.5143,0.6337
2026-02-18,4.1697,3.6459,0.5238,0.6563
2026-02-19,4.1661,3.6443,0.5218,0.6443
2026-02-20,4.1663,3.6435,0.5228,0.6534
2026-02-23,4.1203,3.6217,0.4986,0.6362
2026-02-24,4.1177,3.6206,0.4971,0.6277
2026-02-25,4.1229,3.6224,0.5005,0.6186
2026-02-26,4.0953,3.6087,0.4866,0.601
2026-02-27,4.0481,3.5854,0.4627,0.5971
2026-03-02,4.1048,3.6142,0.4906,0.6173
2026-03-03,4.1243,3.6224,0.5019,0.6137
2026-03-04,4.1492,3.6324,0.5168,0.6016
2026-03-05,4.1835,3.6457,0.5378,0.6178
2026-03-06,4.197,3.6483,0.5487,0.6487
2026-03-09,4.1846,3.6426,0.542,0.6163
2026-03-10,4.1967,3.6471,0.5496,0.6281
2026-03-11,4.249,3.6718,0.5772,0.6775
2026-03-12,4.3267,3.7082,0.6185,0.6606
2026-03-13,4.3419,3.7133,0.6286,0.7045
2026-03-16,4.2928,3.6894,0.6034,0.666
2026-03-17,4.2652,3.6765,0.5887,0.6464
2026-03-18,4.3153,3.7014,0.6139,0.6503
2026-03-19,4.328,3.707,0.621,0.5951
2026-03-20,4.4369,3.7589,0.678,0.7177
2026-03-23,4.4152,3.7461,0.6691,0.6953
2026-03-24,4.4562,3.7641,0.6921,0.6773
2026-03-25,4.4114,3.7397,0.6717,0.6305
2026-03-26,4.4893,3.7753,0.714,0.6558
2026-03-27,4.4916,3.7733,0.7183,0.741
2026-03-30,4.4199,3.7386,0.6813,0.6861
2026-03-31,4.368,3.714,0.654,0.6539
2026-04-01,4.3881,3.7241,0.664,0.6853
2026-04-02,4.3732,3.7177,0.6555,0.658
2026-04-03,4.4074,3.7354,0.672,0.6699
2026-04-06,4.405,3.7356,0.6694,0.6455
2026-04-07,4.3873,3.7263,0.661,0.6666
2026-04-08,4.357,3.7113,0.6457,0.646
2026-04-09,4.3483,3.7062,0.6421,0.6596
2026-04-10,4.3669,3.7151,0.6518,0.6735
2026-04-13,4.3541,3.7109,0.6432,0.663
2026-04-14,4.3147,3.6932,0.6215,0.6301
2026-04-15,4.326,3.6996,0.6264,0.6523
2026-04-16,4.349,3.7106,0.6384,0.6892
2026-04-17,4.3032,3.6874,0.6158,0.667
2026-04-20,4.3005,3.6885,0.612,0.6551
2026-04-21,4.3372,3.7061,0.6311,0.6547
2026-04-22,4.3524,3.7122,0.6402,0.655
2026-04-23,4.3885,3.7289,0.6596,0.6712
2026-04-24,4.3644,3.7163,0.6481,0.6726
2026-04-27,4.3873,3.727,0.6603,0.698
2026-04-28,4.4143,3.7396,0.6747,0.6872
2026-04-29,4.4746,3.7671,0.7075,0.7018
2026-04-30,4.462,3.7582,0.7038,0.7189
2026-05-01,4.4595,3.7559,0.7036,0.701
2026-05-04,4.51,3.781,0.729,0.7288
2026-05-05,4.5059,3.778,0.7279,0.7082
2026-05-06,4.4439,3.7477,0.6962,0.6678
2026-05-07,4.4681,3.7595,0.7086,0.6871
2026-05-08,4.4498,3.7499,0.6999,0.6627
2026-05-11,4.4851,3.7678,0.7173,0.685
2026-05-12,4.5356,3.7917,0.7439,0.7208
2026-05-13,4.5434,3.7946,0.7488,0.7329
2026-05-14,4.5514,3.7967,0.7547,0.7082
2026-05-15,4.6584,3.8467,0.8117,0.8218
2026-05-18,4.6887,3.8594,0.8293,0.8302
2026-05-19,4.7479,3.8858,0.8621,0.8797
2026-05-20,4.6789,3.849,0.8299,0.8105
2026-05-21,4.6778,3.8501,0.8277,0.7805
2026-05-22,4.6801,3.8512,0.8289,0.7287
2026-05-26,4.6143,3.8202,0.7941,0.704
2026-05-27,4.5841,3.8055,0.7786,0.6917
2026-05-28,4.557,3.793,0.764,0.6634
2026-05-29,4.5382,3.7841,0.7541,0.6648
2026-06-01,4.5598,3.7971,0.7627,0.6625
2026-06-02,4.5519,3.7937,0.7582,0.6384
2026-06-03,4.5804,3.8071,0.7733,0.6616
2026-06-04,4.5648,3.7994,0.7654,0.6598
2026-06-05,4.6355,3.8336,0.8019,0.6677
2026-06-08,4.6499,3.8418,0.8081,0.6853
2026-06-09,4.628,3.8303,0.7977,0.6698
2026-06-10,4.6336,3.8326,0.801,0.6902
2026-06-11,4.559,3.796,0.763,0.6208
2026-06-12,4.5673,3.8002,0.7671,0.6379
2026-06-15,4.5499,3.7925,0.7574,0.6319
2026-06-16,4.516,3.7768,0.7392,0.5849
2026-06-17,4.581,3.8144,0.7666,0.5384
2026-06-18,4.5526,3.8007,0.7519,0.5078
2026-06-22,4.5844,3.8197,0.7647,0.5311
2026-06-23,4.5695,3.8127,0.7568,0.5427
2026-06-24,4.4937,3.7762,0.7175,0.4647
2026-06-25,4.4598,3.7607,0.6991,0.4685
2026-06-26,4.4299,3.745,0.6849,0.4755
2026-06-29,4.428,3.7498,0.6782,0.4602
2026-06-30,4.4698,3.7731,0.6967,0.5108
2026-07-01,4.5158,3.7942,0.7216,0.5468
2026-07-02,4.5283,3.7961,0.7322,0.5884
2026-07-06,4.5222,3.7961,0.7261,0.5919
2026-07-07,4.5773,3.8242,0.7531,0.6284
2026-07-08,4.6125,3.8415,0.771,0.6461
2026-07-09,4.5979,3.8308,0.7671,0.6494
2026-07-10,4.6225,3.8437,0.7788,0.6471
2026-07-13,4.6728,3.872,0.8008,0.6614
2026-07-14,4.6431,3.8536,0.7895,0.6784
2026-07-15,4.6067,3.834,0.7727,0.6827
2026-07-16,4.6215,3.8414,0.7801,0.6895
2026-07-17,4.6206,3.8419,0.7787,0.6519
2026-07-20,4.6548,3.8617,0.7931,0.6851
2026-07-21,4.6956,3.8836,0.812,0.6915
2026-07-22,4.7347,3.9037,0.831,0.7035
2026-07-23,4.7789,3.9301,0.8488,0.7177
2026-07-24,4.762,3.9236,0.8384,0.7036
2026-07-27,4.734,3.9132,0.8208,0.6627
2026-07-28,4.6879,3.8881,0.7998,0.6475
2026-07-29,4.7079,3.8898,0.8181,0.7712
2026-07-30,4.729,3.896,0.833,0.7831
2026-07-31,4.7917,3.9236,0.8681,0.8363
2026-08-03,4.7705,3.9174,0.8531,0.7873
2026-08-04,4.7121,3.8905,0.8216,0.7516
2026-08-05,4.6982,3.8852,0.813,0.755
2026-08-06,4.7446,3.9085,0.8361,0.774
2026-08-07,4.7211,3.8954,0.8257,0.7794
2026-08-10,4.7696,3.9208,0.8488,0.82
2026-08-11,4.7688,3.9209,0.8479,0.8179
2026-08-12,4.7581,3.9143,0.8438,0.8253
2026-08-13,4.7161,3.8928,0.8233,0.8032
2026-08-14,4.748,3.9087,0.8393,0.8514
2026-08-17,4.7779,3.9243,0.8536,0.8935
2026-08-18,4.7798,3.9249,0.8549,0.8695
2026-08-19,4.7457,3.9079,0.8378,0.7708
2026-08-20,4.7644,3.9166,0.8478,0.8147
2026-08-21,4.8044,3.9362,0.8682,0.8386
2026-08-24,4.7938,3.9307,0.8631,0.7871
2026-08-25,4.7368,3.9021,0.8347,0.737
2026-08-26,4.7426,3.9032,0.8394,0.7487
2026-08-27,4.7541,3.9069,0.8472,0.7566
2026-08-28,4.8147,3.9391,0.8756,0.7268
2026-08-31,4.8309,3.9506,0.8803,0.7625
2026-09-01,4.871,3.9713,0.8997,0.7819
2026-09-02,4.8678,3.9686,0.8992,0.7229
2026-09-03,4.8241,3.9429,0.8812,0.7575
2026-09-04,4.8383,3.9491,0.8892,0.68
2026-09-08,4.8451,3.9532,0.8919,0.7598
2026-09-09,4.8604,3.9602,0.9002,0.7073
2026-09-10,4.96,4.0119,0.9481,0.76
2026-09-11,4.9934,4.0324,0.961,0.7175
2026-09-14,5.0005,4.0415,0.959,0.6968
2026-09-15,5.0138,4.0497,0.9641,0.709
2026-09-16,5.034,4.0621,0.9719,0.6696
2026-09-17,4.9693,4.0297,0.9396,0.6108
2026-09-18,5.0078,4.0483,0.9595,0.6359
2026-09-21,4.9784,4.0368,0.9416,0.58
2026-09-22,4.9645,4.0301,0.9344,0.5758
2026-09-23,5.0807,4.0875,0.9932,0.6454
2026-09-24,5.147,4.1219,1.0251,0.7298
2026-09-25,5.1411,4.1208,1.0203,0.7747
