date,ust2,ust10
2000-01-03,6.38,6.58
2000-01-04,6.3,6.49
2000-01-05,6.38,6.62
2000-01-06,6.35,6.57
2000-01-07,6.31,6.52
2000-01-10,6.38,6.57
2000-01-11,6.45,6.67
2000-01-12,6.49,6.72
2000-01-13,6.4,6.63
2000-01-14,6.44,6.69
2000-01-18,6.47,6.75
2000-01-19,6.46,6.73
2000-01-20,6.49,6.79
2000-01-21,6.48,6.79
2000-01-24,6.43,6.69
2000-01-25,6.44,6.7
2000-01-26,6.45,6.69
2000-01-27,6.51,6.68
2000-01-28,6.58,6.66
2000-01-31,6.61,6.68
2000-02-01,6.6,6.62
2000-02-02,6.63,6.6
2000-02-03,6.56,6.49
2000-02-04,6.63,6.53
2000-02-07,6.68,6.64
2000-02-08,6.69,6.59
2000-02-09,6.69,6.56
2000-02-10,6.67,6.67
2000-02-11,6.65,6.63
2000-02-14,6.62,6.56
2000-02-15,6.66,6.56
2000-02-16,6.63,6.56
2000-02-17,6.69,6.58
2000-02-18,6.66,6.49
2000-02-22,6.57,6.36
2000-02-23,6.61,6.44
2000-02-24,6.52,6.36
2000-02-25,6.45,6.36
2000-02-28,6.47,6.37
2000-02-29,6.53,6.42
2000-03-01,6.52,6.39
2000-03-02,6.52,6.4
2000-03-03,6.5,6.39
2000-03-06,6.55,6.42
2000-03-07,6.48,6.39
2000-03-08,6.5,6.38
2000-03-09,6.48,6.35
2000-03-10,6.55,6.39
2000-03-13,6.52,6.36
2000-03-14,6.48,6.31
2000-03-15,6.5,6.29
2000-03-16,6.5,6.26
2000-03-17,6.5,6.2
2000-03-20,6.52,6.18
2000-03-21,6.5,6.13
2000-03-22,6.5,6.13
2000-03-23,6.52,6.08
2000-03-24,6.64,6.2
2000-03-27,6.66,6.21
2000-03-28,6.6,6.17
2000-03-29,6.59,6.18
2000-03-30,6.52,6.06
2000-03-31,6.5,6.03
2000-04-03,6.45,6.0
2000-04-04,6.35,5.9
2000-04-05,6.35,5.9
2000-04-06,6.38,5.93
2000-04-07,6.38,5.86
2000-04-10,6.31,5.8
2000-04-11,6.36,5.89
2000-04-12,6.4,5.97
2000-04-13,6.4,5.94
2000-04-14,6.27,5.85
2000-04-17,6.33,6.01
2000-04-18,6.33,6.05
2000-04-19,6.33,5.99
2000-04-20,6.38,5.99
2000-04-24,6.36,6.0
2000-04-25,6.48,6.14
2000-04-26,6.5,6.14
2000-04-27,6.63,6.23
2000-04-28,6.68,6.23
2000-05-01,6.73,6.29
2000-05-02,6.72,6.32
2000-05-03,6.73,6.4
2000-05-04,6.77,6.46
2000-05-05,6.84,6.51
2000-05-08,6.87,6.57
2000-05-09,6.86,6.53
2000-05-10,6.84,6.47
2000-05-11,6.82,6.43
2000-05-12,6.91,6.51
2000-05-15,6.88,6.47
2000-05-16,6.89,6.43
2000-05-17,6.9,6.48
2000-05-18,6.93,6.56
2000-05-19,6.86,6.51
2000-05-22,6.81,6.44
2000-05-23,6.83,6.45
2000-05-24,6.79,6.47
2000-05-25,6.71,6.39
2000-05-26,6.69,6.33
2000-05-30,6.74,6.38
2000-05-31,6.69,6.29
2000-06-01,6.61,6.2
2000-06-02,6.52,6.15
2000-06-05,6.49,6.12
2000-06-06,6.51,6.14
2000-06-07,6.52,6.13
2000-06-08,6.56,6.13
2000-06-09,6.56,6.13
2000-06-12,6.52,6.09
2000-06-13,6.49,6.11
2000-06-14,6.44,6.06
2000-06-15,6.44,6.05
2000-06-16,6.38,5.99
2000-06-19,6.4,6.0
2000-06-20,6.43,6.03
2000-06-21,6.5,6.11
2000-06-22,6.5,6.12
2000-06-23,6.55,6.19
2000-06-26,6.5,6.11
2000-06-27,6.5,6.1
2000-06-28,6.43,6.11
2000-06-29,6.37,6.04
2000-06-30,6.38,6.03
2000-07-03,6.31,6.0
2000-07-05,6.29,5.99
2000-07-06,6.34,6.05
2000-07-07,6.29,6.01
2000-07-10,6.31,6.04
2000-07-11,6.32,6.06
2000-07-12,6.34,6.09
2000-07-13,6.31,6.01
2000-07-14,6.41,6.1
2000-07-17,6.46,6.17
2000-07-18,6.44,6.16
2000-07-19,6.46,6.16
2000-07-20,6.32,6.01
2000-07-21,6.32,6.01
2000-07-24,6.35,6.04
2000-07-25,6.35,6.04
2000-07-26,6.29,6.04
2000-07-27,6.27,6.02
2000-07-28,6.3,6.04
2000-07-31,6.3,6.04
2000-08-01,6.27,6.0
2000-08-02,6.23,5.98
2000-08-03,6.22,5.95
2000-08-04,6.15,5.91
2000-08-07,6.2,5.97
2000-08-08,6.16,5.93
2000-08-09,6.18,5.81
2000-08-10,6.16,5.76
2000-08-11,6.25,5.79
2000-08-14,6.25,5.78
2000-08-15,6.28,5.81
2000-08-16,6.3,5.83
2000-08-17,6.3,5.81
2000-08-18,6.27,5.78
2000-08-21,6.28,5.79
2000-08-22,6.27,5.78
2000-08-23,6.2,5.73
2000-08-24,6.19,5.73
2000-08-25,6.19,5.73
2000-08-28,6.23,5.78
2000-08-29,6.26,5.81
2000-08-30,6.24,5.81
2000-08-31,6.18,5.73
2000-09-01,6.09,5.68
2000-09-05,6.09,5.69
2000-09-06,6.11,5.72
2000-09-07,6.14,5.76
2000-09-08,6.11,5.73
2000-09-11,6.12,5.77
2000-09-12,6.12,5.78
2000-09-13,6.09,5.74
2000-09-14,6.11,5.79
2000-09-15,6.07,5.84
2000-09-18,6.04,5.88
2000-09-19,6.05,5.86
2000-09-20,6.11,5.91
2000-09-21,6.11,5.88
2000-09-22,6.09,5.85
2000-09-25,6.11,5.84
2000-09-26,6.07,5.81
2000-09-27,6.0,5.83
2000-09-28,6.02,5.82
2000-09-29,5.98,5.8
2000-10-02,5.98,5.83
2000-10-03,6.0,5.87
2000-10-04,6.03,5.9
2000-10-05,6.02,5.87
2000-10-06,5.98,5.82
2000-10-10,5.98,5.8
2000-10-11,5.93,5.77
2000-10-12,5.86,5.73
2000-10-13,5.84,5.73
2000-10-16,5.89,5.74
2000-10-17,5.83,5.68
2000-10-18,5.82,5.66
2000-10-19,5.86,5.66
2000-10-20,5.84,5.64
2000-10-23,5.82,5.59
2000-10-24,5.86,5.63
2000-10-25,5.87,5.67
2000-10-26,5.9,5.69
2000-10-27,5.94,5.72
2000-10-30,5.97,5.74
2000-10-31,5.94,5.77
2000-11-01,5.88,5.74
2000-11-02,5.87,5.74
2000-11-03,5.94,5.83
2000-11-06,5.99,5.87
2000-11-07,5.99,5.87
2000-11-08,5.99,5.87
2000-11-09,5.94,5.82
2000-11-10,5.92,5.82
2000-11-13,5.9,5.77
2000-11-14,5.92,5.76
2000-11-15,5.9,5.72
2000-11-16,5.87,5.68
2000-11-17,5.88,5.71
2000-11-20,5.87,5.68
2000-11-21,5.86,5.67
2000-11-22,5.85,5.62
2000-11-24,5.86,5.63
2000-11-27,5.86,5.64
2000-11-28,5.79,5.59
2000-11-29,5.69,5.55
2000-11-30,5.61,5.48
2000-12-01,5.62,5.52
2000-12-04,5.59,5.53
2000-12-05,5.49,5.43
2000-12-06,5.42,5.32
2000-12-07,5.45,5.32
2000-12-08,5.5,5.35
2000-12-11,5.52,5.37
2000-12-12,5.54,5.36
2000-12-13,5.45,5.29
2000-12-14,5.43,5.23
2000-12-15,5.38,5.2
2000-12-18,5.33,5.17
2000-12-19,5.35,5.19
2000-12-20,5.24,5.08
2000-12-21,5.14,5.03
2000-12-22,5.1,5.02
2000-12-26,5.1,5.04
2000-12-27,5.1,5.11
2000-12-28,5.18,5.13
2000-12-29,5.11,5.12
2001-01-02,4.87,4.92
2001-01-03,4.92,5.14
2001-01-04,4.77,5.03
2001-01-05,4.56,4.93
2001-01-08,4.54,4.94
2001-01-09,4.64,4.98
2001-01-10,4.76,5.1
2001-01-11,4.77,5.14
2001-01-12,4.9,5.25
2001-01-16,4.89,5.24
2001-01-17,4.84,5.19
2001-01-18,4.72,5.12
2001-01-19,4.75,5.19
2001-01-22,4.75,5.25
2001-01-23,4.82,5.3
2001-01-24,4.81,5.33
2001-01-25,4.78,5.29
2001-01-26,4.78,5.29
2001-01-29,4.77,5.32
2001-01-30,4.7,5.24
2001-01-31,4.62,5.19
2001-02-01,4.55,5.1
2001-02-02,4.65,5.17
2001-02-05,4.68,5.18
2001-02-06,4.72,5.22
2001-02-07,4.7,5.1
2001-02-08,4.73,5.1
2001-02-09,4.67,5.03
2001-02-12,4.67,5.05
2001-02-13,4.75,5.07
2001-02-14,4.84,5.13
2001-02-15,4.89,5.19
2001-02-16,4.75,5.11
2001-02-20,4.73,5.11
2001-02-21,4.68,5.14
2001-02-22,4.63,5.15
2001-02-23,4.53,5.1
2001-02-26,4.46,5.05
2001-02-27,4.44,4.96
2001-02-28,4.41,4.92
2001-03-01,4.41,4.87
2001-03-02,4.48,4.95
2001-03-05,4.49,4.98
2001-03-06,4.49,4.99
2001-03-07,4.43,4.92
2001-03-08,4.43,4.89
2001-03-09,4.47,4.95
2001-03-12,4.46,4.92
2001-03-13,4.46,4.95
2001-03-14,4.32,4.84
2001-03-15,4.22,4.81
2001-03-16,4.26,4.78
2001-03-19,4.32,4.82
2001-03-20,4.24,4.78
2001-03-21,4.21,4.77
2001-03-22,4.17,4.73
2001-03-23,4.24,4.8
2001-03-26,4.27,4.85
2001-03-27,4.41,5.0
2001-03-28,4.3,4.97
2001-03-29,4.27,4.98
2001-03-30,4.18,4.93
2001-04-02,4.22,4.98
2001-04-03,4.15,4.94
2001-04-04,4.12,4.94
2001-04-05,4.19,4.98
2001-04-06,4.07,4.89
2001-04-09,4.1,4.93
2001-04-10,4.24,5.09
2001-04-11,4.29,5.12
2001-04-12,4.36,5.17
2001-04-16,4.49,5.28
2001-04-17,4.41,5.21
2001-04-18,4.26,5.14
2001-04-19,4.29,5.27
2001-04-20,4.26,5.29
2001-04-23,4.15,5.2
2001-04-24,4.16,5.22
2001-04-25,4.2,5.28
2001-04-26,4.14,5.2
2001-04-27,4.28,5.34
2001-04-30,4.3,5.35
2001-05-01,4.23,5.3
2001-05-02,4.27,5.31
2001-05-03,4.22,5.22
2001-05-04,4.14,5.21
2001-05-07,4.12,5.21
2001-05-08,4.1,5.24
2001-05-09,4.07,5.2
2001-05-10,4.17,5.31
2001-05-11,4.36,5.51
2001-05-14,4.29,5.46
2001-05-15,4.28,5.5
2001-05-16,4.25,5.48
2001-05-17,4.33,5.46
2001-05-18,4.37,5.41
2001-05-21,4.37,5.41
2001-05-22,4.34,5.42
2001-05-23,4.29,5.41
2001-05-24,4.32,5.52
2001-05-25,4.31,5.52
2001-05-29,4.33,5.54
2001-05-30,4.34,5.54
2001-05-31,4.22,5.43
2001-06-01,4.22,5.39
2001-06-04,4.19,5.35
2001-06-05,4.12,5.29
2001-06-06,4.12,5.27
2001-06-07,4.14,5.33
2001-06-08,4.17,5.38
2001-06-11,4.11,5.32
2001-06-12,4.09,5.27
2001-06-13,4.08,5.28
2001-06-14,4.04,5.26
2001-06-15,4.01,5.27
2001-06-18,3.98,5.27
2001-06-19,3.99,5.26
2001-06-20,3.98,5.24
2001-06-21,3.99,5.22
2001-06-22,3.93,5.14
2001-06-25,3.96,5.16
2001-06-26,4.03,5.24
2001-06-27,4.06,5.26
2001-06-28,4.22,5.35
2001-06-29,4.25,5.42
2001-07-02,4.21,5.37
2001-07-03,4.24,5.41
2001-07-05,4.24,5.44
2001-07-06,4.16,5.41
2001-07-09,4.15,5.37
2001-07-10,4.08,5.32
2001-07-11,4.07,5.31
2001-07-12,4.07,5.27
2001-07-13,4.12,5.27
2001-07-16,4.07,5.21
2001-07-17,4.09,5.22
2001-07-18,3.96,5.12
2001-07-19,3.98,5.13
2001-07-20,3.98,5.15
2001-07-23,3.98,5.13
2001-07-24,3.97,5.13
2001-07-25,3.98,5.2
2001-07-26,3.94,5.19
2001-07-27,3.87,5.13
2001-07-30,3.86,5.11
2001-07-31,3.79,5.07
2001-08-01,3.83,5.11
2001-08-02,3.89,5.17
2001-08-03,3.91,5.2
2001-08-06,3.88,5.19
2001-08-07,3.9,5.2
2001-08-08,3.77,4.99
2001-08-09,3.77,5.04
2001-08-10,3.73,4.99
2001-08-13,3.7,4.97
2001-08-14,3.74,4.97
2001-08-15,3.8,5.0
2001-08-16,3.75,4.95
2001-08-17,3.67,4.84
2001-08-20,3.74,4.91
2001-08-21,3.69,4.87
2001-08-22,3.76,4.91
2001-08-23,3.72,4.89
2001-08-24,3.76,4.93
2001-08-27,3.78,4.94
2001-08-28,3.71,4.85
2001-08-29,3.67,4.78
2001-08-30,3.61,4.79
2001-08-31,3.64,4.85
2001-09-04,3.83,4.99
2001-09-05,3.79,4.97
2001-09-06,3.65,4.86
2001-09-07,3.53,4.8
2001-09-10,3.53,4.84
2001-09-13,2.99,4.64
2001-09-14,2.87,4.57
2001-09-17,2.96,4.63
2001-09-18,2.96,4.72
2001-09-19,2.81,4.69
2001-09-20,2.91,4.75
2001-09-21,2.91,4.7
2001-09-24,2.94,4.73
2001-09-25,2.88,4.72
2001-09-26,2.82,4.65
2001-09-27,2.78,4.58
2001-09-28,2.86,4.6
2001-10-01,2.82,4.55
2001-10-02,2.77,4.53
2001-10-03,2.77,4.5
2001-10-04,2.75,4.53
2001-10-05,2.71,4.52
2001-10-09,2.74,4.62
2001-10-10,2.78,4.61
2001-10-11,2.88,4.69
2001-10-12,2.81,4.68
2001-10-15,2.78,4.62
2001-10-16,2.77,4.59
2001-10-17,2.8,4.59
2001-10-18,2.77,4.58
2001-10-19,2.77,4.63
2001-10-22,2.79,4.63
2001-10-23,2.81,4.66
2001-10-24,2.72,4.61
2001-10-25,2.63,4.56
2001-10-26,2.63,4.53
2001-10-29,2.55,4.5
2001-10-30,2.48,4.44
2001-10-31,2.44,4.3
2001-11-01,2.49,4.24
2001-11-02,2.48,4.37
2001-11-05,2.46,4.31
2001-11-06,2.37,4.3
2001-11-07,2.32,4.22
2001-11-08,2.42,4.32
2001-11-09,2.45,4.34
2001-11-13,2.54,4.41
2001-11-14,2.7,4.54
2001-11-15,2.98,4.79
2001-11-16,3.09,4.91
2001-11-19,2.92,4.8
2001-11-20,2.96,4.88
2001-11-21,3.11,4.98
2001-11-23,3.2,5.04
2001-11-26,3.22,5.05
2001-11-27,3.11,4.98
2001-11-28,3.12,4.98
2001-11-29,2.87,4.79
2001-11-30,2.84,4.78
2001-12-03,2.82,4.75
2001-12-04,2.81,4.7
2001-12-05,3.07,4.92
2001-12-06,3.19,5.04
2001-12-07,3.19,5.2
2001-12-10,3.1,5.17
2001-12-11,3.03,5.13
2001-12-12,2.97,5.02
2001-12-13,3.09,5.13
2001-12-14,3.2,5.24
2001-12-17,3.21,5.26
2001-12-18,3.13,5.16
2001-12-19,3.11,5.08
2001-12-20,3.15,5.08
2001-12-21,3.17,5.12
2001-12-24,3.22,5.18
2001-12-26,3.26,5.22
2001-12-27,3.19,5.13
2001-12-28,3.16,5.15
2001-12-31,3.07,5.07
2002-01-02,3.22,5.2
2002-01-03,3.19,5.16
2002-01-04,3.19,5.18
2002-01-07,3.08,5.09
2002-01-08,3.07,5.1
2002-01-09,3.03,5.1
2002-01-10,2.94,5.0
2002-01-11,2.76,4.92
2002-01-14,2.79,4.91
2002-01-15,2.79,4.88
2002-01-16,2.84,4.88
2002-01-17,2.96,4.98
2002-01-18,2.91,4.94
2002-01-22,2.97,4.96
2002-01-23,3.07,5.05
2002-01-24,3.15,5.07
2002-01-25,3.17,5.1
2002-01-28,3.19,5.12
2002-01-29,3.05,5.02
2002-01-30,3.06,5.02
2002-01-31,3.16,5.07
2002-02-01,3.08,5.02
2002-02-04,2.99,4.94
2002-02-05,2.99,4.92
2002-02-06,2.98,4.92
2002-02-07,2.99,4.93
2002-02-08,2.95,4.9
2002-02-11,2.95,4.91
2002-02-12,3.04,4.97
2002-02-13,3.09,5.01
2002-02-14,3.07,4.95
2002-02-15,2.97,4.86
2002-02-19,2.98,4.88
2002-02-20,3.0,4.88
2002-02-21,3.0,4.88
2002-02-22,2.97,4.84
2002-02-25,3.01,4.86
2002-02-26,3.08,4.93
2002-02-27,3.09,4.84
2002-02-28,3.06,4.88
2002-03-01,3.18,4.98
2002-03-04,3.24,5.02
2002-03-05,3.25,5.02
2002-03-06,3.26,5.06
2002-03-07,3.36,5.22
2002-03-08,3.6,5.33
2002-03-11,3.59,5.33
2002-03-12,3.56,5.32
2002-03-13,3.49,5.28
2002-03-14,3.63,5.4
2002-03-15,3.63,5.35
2002-03-18,3.67,5.32
2002-03-19,3.64,5.33
2002-03-20,3.71,5.4
2002-03-21,3.73,5.39
2002-03-22,3.77,5.4
2002-03-25,3.78,5.41
2002-03-26,3.68,5.35
2002-03-27,3.66,5.35
2002-03-28,3.72,5.42
2002-04-01,3.74,5.44
2002-04-02,3.63,5.36
2002-04-03,3.55,5.3
2002-04-04,3.57,5.28
2002-04-05,3.49,5.22
2002-04-08,3.51,5.25
2002-04-09,3.48,5.22
2002-04-10,3.48,5.24
2002-04-11,3.47,5.22
2002-04-12,3.41,5.18
2002-04-15,3.38,5.15
2002-04-16,3.43,5.2
2002-04-17,3.41,5.24
2002-04-18,3.38,5.23
2002-04-19,3.36,5.21
2002-04-22,3.37,5.19
2002-04-23,3.39,5.18
2002-04-24,3.28,5.11
2002-04-25,3.25,5.1
2002-04-26,3.22,5.08
2002-04-29,3.26,5.13
2002-04-30,3.24,5.11
2002-05-01,3.21,5.08
2002-05-02,3.25,5.13
2002-05-03,3.17,5.08
2002-05-06,3.19,5.1
2002-05-07,3.14,5.09
2002-05-08,3.32,5.24
2002-05-09,3.27,5.2
2002-05-10,3.19,5.15
2002-05-13,3.28,5.23
2002-05-14,3.4,5.32
2002-05-15,3.37,5.28
2002-05-16,3.28,5.2
2002-05-17,3.41,5.27
2002-05-20,3.33,5.21
2002-05-21,3.28,5.18
2002-05-22,3.23,5.13
2002-05-23,3.28,5.16
2002-05-24,3.28,5.16
2002-05-28,3.3,5.16
2002-05-29,3.24,5.11
2002-05-30,3.17,5.06
2002-05-31,3.22,5.08
2002-06-03,3.19,5.06
2002-06-04,3.13,5.04
2002-06-05,3.16,5.08
2002-06-06,3.13,5.04
2002-06-07,3.16,5.1
2002-06-10,3.15,5.07
2002-06-11,3.09,5.02
2002-06-12,3.05,4.98
2002-06-13,3.0,4.94
2002-06-14,2.92,4.83
2002-06-17,2.96,4.89
2002-06-18,2.93,4.88
2002-06-19,2.81,4.76
2002-06-20,2.93,4.85
2002-06-21,2.88,4.79
2002-06-24,2.93,4.87
2002-06-25,2.92,4.88
2002-06-26,2.77,4.75
2002-06-27,2.85,4.84
2002-06-28,2.9,4.86
2002-07-01,2.88,4.85
2002-07-02,2.78,4.77
2002-07-03,2.78,4.78
2002-07-05,2.9,4.9
2002-07-08,2.84,4.84
2002-07-09,2.74,4.78
2002-07-10,2.61,4.66
2002-07-11,2.61,4.66
2002-07-12,2.56,4.63
2002-07-15,2.55,4.66
2002-07-16,2.66,4.75
2002-07-17,2.63,4.71
2002-07-18,2.55,4.66
2002-07-19,2.48,4.61
2002-07-22,2.4,4.51
2002-07-23,2.34,4.47
2002-07-24,2.38,4.49
2002-07-25,2.28,4.43
2002-07-26,2.2,4.43
2002-07-29,2.41,4.62
2002-07-30,2.44,4.65
2002-07-31,2.23,4.51
2002-08-01,2.15,4.47
2002-08-02,1.99,4.33
2002-08-05,1.93,4.29
2002-08-06,2.11,4.42
2002-08-07,1.98,4.35
2002-08-08,2.1,4.4
2002-08-09,2.1,4.27
2002-08-12,2.1,4.22
2002-08-13,2.0,4.12
2002-08-14,2.12,4.06
2002-08-15,2.22,4.17
2002-08-16,2.28,4.32
2002-08-19,2.25,4.29
2002-08-20,2.12,4.17
2002-08-21,2.12,4.2
2002-08-22,2.22,4.3
2002-08-23,2.19,4.25
2002-08-26,2.19,4.22
2002-08-27,2.26,4.29
2002-08-28,2.23,4.22
2002-08-29,2.14,4.16
2002-08-30,2.14,4.14
2002-09-03,2.01,3.98
2002-09-04,2.02,3.96
2002-09-05,1.95,3.91
2002-09-06,2.08,4.05
2002-09-09,2.13,4.05
2002-09-10,2.12,4.0
2002-09-11,2.18,4.07
2002-09-12,2.12,3.98
2002-09-13,2.07,3.92
2002-09-16,2.07,3.9
2002-09-17,2.06,3.87
2002-09-18,2.04,3.86
2002-09-19,1.93,3.79
2002-09-20,1.94,3.79
2002-09-23,1.93,3.7
2002-09-24,1.93,3.69
2002-09-25,2.0,3.77
2002-09-26,1.97,3.79
2002-09-27,1.82,3.69
2002-09-30,1.72,3.63
2002-10-01,1.8,3.72
2002-10-02,1.75,3.71
2002-10-03,1.75,3.7
2002-10-04,1.78,3.69
2002-10-07,1.77,3.64
2002-10-08,1.8,3.65
2002-10-09,1.72,3.61
2002-10-10,1.75,3.68
2002-10-11,1.85,3.83
2002-10-15,2.08,4.07
2002-10-16,2.02,4.06
2002-10-17,2.1,4.16
2002-10-18,2.09,4.14
2002-10-21,2.23,4.24
2002-10-22,2.21,4.27
2002-10-23,2.2,4.26
2002-10-24,2.09,4.16
2002-10-25,1.98,4.12
2002-10-28,1.88,4.1
2002-10-29,1.79,3.97
2002-10-30,1.74,3.99
2002-10-31,1.68,3.93
2002-11-01,1.76,4.01
2002-11-04,1.79,4.07
2002-11-05,1.82,4.1
2002-11-06,1.87,4.09
2002-11-07,1.86,3.88
2002-11-08,1.87,3.85
2002-11-12,1.79,3.84
2002-11-13,1.76,3.84
2002-11-14,1.89,4.03
2002-11-15,1.91,4.05
2002-11-18,1.91,4.02
2002-11-19,1.91,3.99
2002-11-20,1.98,4.08
2002-11-21,2.05,4.14
2002-11-22,2.1,4.18
2002-11-25,2.09,4.19
2002-11-26,1.97,4.08
2002-11-27,2.13,4.26
2002-11-29,2.08,4.22
2002-12-02,2.07,4.22
2002-12-03,2.08,4.24
2002-12-04,2.02,4.18
2002-12-05,1.97,4.13
2002-12-06,1.89,4.09
2002-12-09,1.88,4.06
2002-12-10,1.9,4.06
2002-12-11,1.85,4.01
2002-12-12,1.85,4.01
2002-12-13,1.87,4.07
2002-12-16,1.94,4.15
2002-12-17,1.89,4.13
2002-12-18,1.81,4.06
2002-12-19,1.74,3.96
2002-12-20,1.76,3.97
2002-12-23,1.79,3.98
2002-12-24,1.73,3.95
2002-12-26,1.7,3.93
2002-12-27,1.6,3.83
2002-12-30,1.61,3.82
2002-12-31,1.61,3.83
2003-01-02,1.8,4.07
2003-01-03,1.79,4.05
2003-01-06,1.84,4.09
2003-01-07,1.77,4.04
2003-01-08,1.71,4.0
2003-01-09,1.87,4.19
2003-01-10,1.79,4.16
2003-01-13,1.81,4.15
2003-01-14,1.76,4.1
2003-01-15,1.75,4.1
2003-01-16,1.75,4.1
2003-01-17,1.7,4.05
2003-01-21,1.67,4.01
2003-01-22,1.66,3.95
2003-01-23,1.69,3.98
2003-01-24,1.66,3.94
2003-01-27,1.7,3.98
2003-01-28,1.7,4.0
2003-01-29,1.77,4.06
2003-01-30,1.7,4.0
2003-01-31,1.72,4.0
2003-02-03,1.72,4.01
2003-02-04,1.68,3.96
2003-02-05,1.73,4.02
2003-02-06,1.68,3.97
2003-02-07,1.63,3.96
2003-02-10,1.68,3.99
2003-02-11,1.65,3.98
2003-02-12,1.62,3.93
2003-02-13,1.57,3.89
2003-02-14,1.62,3.95
2003-02-18,1.66,3.94
2003-02-19,1.61,3.88
2003-02-20,1.59,3.85
2003-02-21,1.63,3.9
2003-02-24,1.6,3.86
2003-02-25,1.58,3.81
2003-02-26,1.57,3.78
2003-02-27,1.58,3.76
2003-02-28,1.53,3.71
2003-03-03,1.52,3.68
2003-03-04,1.49,3.65
2003-03-05,1.46,3.63
2003-03-06,1.47,3.67
2003-03-07,1.39,3.63
2003-03-10,1.35,3.59
2003-03-11,1.38,3.6
2003-03-12,1.45,3.6
2003-03-13,1.59,3.74
2003-03-14,1.56,3.72
2003-03-17,1.63,3.82
2003-03-18,1.72,3.91
2003-03-19,1.72,3.98
2003-03-20,1.75,4.01
2003-03-21,1.8,4.11
2003-03-24,1.71,3.98
2003-03-25,1.69,3.97
2003-03-26,1.68,3.96
2003-03-27,1.62,3.95
2003-03-28,1.56,3.92
2003-03-31,1.51,3.83
2003-04-01,1.5,3.84
2003-04-02,1.6,3.94
2003-04-03,1.55,3.93
2003-04-04,1.55,3.96
2003-04-07,1.65,4.03
2003-04-08,1.59,3.95
2003-04-09,1.55,3.93
2003-04-10,1.6,3.95
2003-04-11,1.65,4.0
2003-04-14,1.74,4.04
2003-04-15,1.69,3.98
2003-04-16,1.67,3.96
2003-04-17,1.71,3.98
2003-04-21,1.71,4.0
2003-04-22,1.7,4.01
2003-04-23,1.7,4.02
2003-04-24,1.62,3.93
2003-04-25,1.57,3.91
2003-04-28,1.59,3.92
2003-04-29,1.62,3.96
2003-04-30,1.51,3.89
2003-05-01,1.5,3.88
2003-05-02,1.56,3.94
2003-05-05,1.55,3.92
2003-05-06,1.45,3.84
2003-05-07,1.45,3.72
2003-05-08,1.49,3.7
2003-05-09,1.45,3.69
2003-05-12,1.46,3.64
2003-05-13,1.47,3.63
2003-05-14,1.41,3.53
2003-05-15,1.46,3.53
2003-05-16,1.38,3.46
2003-05-19,1.35,3.46
2003-05-20,1.31,3.38
2003-05-21,1.38,3.39
2003-05-22,1.36,3.34
2003-05-23,1.38,3.34
2003-05-27,1.33,3.41
2003-05-28,1.35,3.44
2003-05-29,1.3,3.34
2003-05-30,1.33,3.37
2003-06-02,1.33,3.43
2003-06-03,1.2,3.34
2003-06-04,1.2,3.3
2003-06-05,1.25,3.34
2003-06-06,1.27,3.37
2003-06-09,1.19,3.29
2003-06-10,1.13,3.2
2003-06-11,1.16,3.21
2003-06-12,1.13,3.18
2003-06-13,1.1,3.13
2003-06-16,1.18,3.18
2003-06-17,1.25,3.27
2003-06-18,1.27,3.37
2003-06-19,1.17,3.35
2003-06-20,1.22,3.4
2003-06-23,1.17,3.32
2003-06-24,1.14,3.29
2003-06-25,1.3,3.38
2003-06-26,1.41,3.55
2003-06-27,1.38,3.58
2003-06-30,1.32,3.54
2003-07-01,1.3,3.56
2003-07-02,1.3,3.56
2003-07-03,1.32,3.67
2003-07-07,1.36,3.74
2003-07-08,1.39,3.75
2003-07-09,1.37,3.73
2003-07-10,1.33,3.7
2003-07-11,1.29,3.66
2003-07-14,1.35,3.74
2003-07-15,1.45,3.94
2003-07-16,1.49,3.97
2003-07-17,1.47,3.98
2003-07-18,1.51,4.0
2003-07-21,1.61,4.19
2003-07-22,1.57,4.17
2003-07-23,1.54,4.12
2003-07-24,1.54,4.2
2003-07-25,1.52,4.22
2003-07-28,1.61,4.31
2003-07-29,1.67,4.42
2003-07-30,1.64,4.34
2003-07-31,1.8,4.49
2003-08-01,1.85,4.44
2003-08-04,1.71,4.35
2003-08-05,1.88,4.47
2003-08-06,1.78,4.32
2003-08-07,1.74,4.3
2003-08-08,1.72,4.27
2003-08-11,1.81,4.38
2003-08-12,1.71,4.37
2003-08-13,1.86,4.58
2003-08-14,1.86,4.55
2003-08-15,1.85,4.55
2003-08-18,1.87,4.49
2003-08-19,1.81,4.38
2003-08-20,1.84,4.45
2003-08-21,1.98,4.53
2003-08-22,1.97,4.48
2003-08-25,2.02,4.53
2003-08-26,1.96,4.5
2003-08-27,2.05,4.54
2003-08-28,1.93,4.42
2003-08-29,1.95,4.45
2003-09-02,2.04,4.61
2003-09-03,2.02,4.6
2003-09-04,1.91,4.52
2003-09-05,1.72,4.35
2003-09-08,1.75,4.41
2003-09-09,1.71,4.37
2003-09-10,1.64,4.28
2003-09-11,1.71,4.35
2003-09-12,1.66,4.27
2003-09-15,1.63,4.28
2003-09-16,1.63,4.29
2003-09-17,1.63,4.2
2003-09-18,1.68,4.19
2003-09-19,1.7,4.17
2003-09-22,1.7,4.26
2003-09-23,1.68,4.24
2003-09-24,1.66,4.16
2003-09-25,1.65,4.12
2003-09-26,1.6,4.04
2003-09-29,1.61,4.09
2003-09-30,1.5,3.96
2003-10-01,1.47,3.96
2003-10-02,1.48,4.03
2003-10-03,1.65,4.21
2003-10-06,1.6,4.17
2003-10-07,1.67,4.27
2003-10-08,1.65,4.27
2003-10-09,1.69,4.32
2003-10-10,1.65,4.29
2003-10-14,1.73,4.37
2003-10-15,1.79,4.43
2003-10-16,1.96,4.47
2003-10-17,1.9,4.41
2003-10-20,1.88,4.41
2003-10-21,1.89,4.38
2003-10-22,1.8,4.29
2003-10-23,1.84,4.34
2003-10-24,1.76,4.24
2003-10-27,1.83,4.3
2003-10-28,1.71,4.23
2003-10-29,1.79,4.31
2003-10-30,1.86,4.36
2003-10-31,1.85,4.33
2003-11-03,1.9,4.4
2003-11-04,1.86,4.33
2003-11-05,1.94,4.38
2003-11-06,2.01,4.45
2003-11-07,2.04,4.48
2003-11-10,2.06,4.49
2003-11-12,2.05,4.44
2003-11-13,1.92,4.3
2003-11-14,1.84,4.22
2003-11-17,1.8,4.18
2003-11-18,1.83,4.17
2003-11-19,1.9,4.24
2003-11-20,1.83,4.16
2003-11-21,1.84,4.15
2003-11-24,1.94,4.23
2003-11-25,1.89,4.19
2003-11-26,1.97,4.25
2003-11-28,2.06,4.34
2003-12-01,2.12,4.4
2003-12-02,2.07,4.38
2003-12-03,2.09,4.41
2003-12-04,2.06,4.38
2003-12-05,1.88,4.23
2003-12-08,1.94,4.29
2003-12-09,1.97,4.32
2003-12-10,1.94,4.3
2003-12-11,1.83,4.27
2003-12-12,1.84,4.26
2003-12-15,1.88,4.28
2003-12-16,1.83,4.24
2003-12-17,1.83,4.19
2003-12-18,1.85,4.16
2003-12-19,1.82,4.15
2003-12-22,1.84,4.18
2003-12-23,1.96,4.28
2003-12-24,1.83,4.2
2003-12-26,1.82,4.17
2003-12-29,1.86,4.24
2003-12-30,1.86,4.29
2003-12-31,1.84,4.27
2004-01-02,1.94,4.38
2004-01-05,1.95,4.41
2004-01-06,1.84,4.29
2004-01-07,1.84,4.27
2004-01-08,1.85,4.27
2004-01-09,1.68,4.11
2004-01-12,1.68,4.11
2004-01-13,1.63,4.05
2004-01-14,1.65,4.01
2004-01-15,1.67,3.99
2004-01-16,1.7,4.04
2004-01-20,1.69,4.08
2004-01-21,1.69,4.05
2004-01-22,1.66,3.99
2004-01-23,1.71,4.09
2004-01-26,1.75,4.16
2004-01-27,1.7,4.11
2004-01-28,1.87,4.22
2004-01-29,1.88,4.22
2004-01-30,1.84,4.16
2004-02-02,1.83,4.18
2004-02-03,1.78,4.13
2004-02-04,1.8,4.15
2004-02-05,1.85,4.2
2004-02-06,1.77,4.12
2004-02-09,1.76,4.09
2004-02-10,1.82,4.13
2004-02-11,1.73,4.05
2004-02-12,1.75,4.1
2004-02-13,1.7,4.05
2004-02-17,1.7,4.05
2004-02-18,1.72,4.05
2004-02-19,1.7,4.05
2004-02-20,1.75,4.1
2004-02-23,1.69,4.05
2004-02-24,1.69,4.04
2004-02-25,1.67,4.02
2004-02-26,1.69,4.05
2004-02-27,1.66,3.99
2004-03-01,1.67,4.0
2004-03-02,1.74,4.05
2004-03-03,1.74,4.07
2004-03-04,1.73,4.04
2004-03-05,1.57,3.85
2004-03-08,1.52,3.78
2004-03-09,1.51,3.73
2004-03-10,1.54,3.74
2004-03-11,1.52,3.74
2004-03-12,1.54,3.78
2004-03-15,1.56,3.78
2004-03-16,1.51,3.7
2004-03-17,1.53,3.71
2004-03-18,1.55,3.76
2004-03-19,1.56,3.8
2004-03-22,1.52,3.74
2004-03-23,1.52,3.73
2004-03-24,1.5,3.73
2004-03-25,1.51,3.75
2004-03-26,1.59,3.85
2004-03-29,1.63,3.91
2004-03-30,1.63,3.91
2004-03-31,1.6,3.86
2004-04-01,1.65,3.91
2004-04-02,1.86,4.15
2004-04-05,1.91,4.24
2004-04-06,1.86,4.19
2004-04-07,1.87,4.19
2004-04-08,1.88,4.21
2004-04-12,1.91,4.25
2004-04-13,2.01,4.35
2004-04-14,2.13,4.4
2004-04-15,2.1,4.42
2004-04-16,2.03,4.37
2004-04-19,2.07,4.39
2004-04-20,2.11,4.43
2004-04-21,2.22,4.45
2004-04-22,2.15,4.4
2004-04-23,2.29,4.48
2004-04-26,2.28,4.46
2004-04-27,2.21,4.43
2004-04-28,2.3,4.5
2004-04-29,2.34,4.55
2004-04-30,2.31,4.53
2004-05-03,2.34,4.53
2004-05-04,2.32,4.56
2004-05-05,2.34,4.61
2004-05-06,2.39,4.63
2004-05-07,2.64,4.79
2004-05-10,2.61,4.81
2004-05-11,2.61,4.79
2004-05-12,2.62,4.83
2004-05-13,2.67,4.85
2004-05-14,2.59,4.79
2004-05-17,2.51,4.7
2004-05-18,2.58,4.74
2004-05-19,2.61,4.79
2004-05-20,2.55,4.72
2004-05-21,2.6,4.76
2004-05-24,2.59,4.75
2004-05-25,2.58,4.73
2004-05-26,2.52,4.67
2004-05-27,2.46,4.6
2004-05-28,2.54,4.66
2004-06-01,2.6,4.71
2004-06-02,2.65,4.74
2004-06-03,2.63,4.71
2004-06-04,2.7,4.78
2004-06-07,2.67,4.78
2004-06-08,2.73,4.78
2004-06-09,2.79,4.82
2004-06-10,2.81,4.81
2004-06-14,2.97,4.89
2004-06-15,2.77,4.69
2004-06-16,2.84,4.74
2004-06-17,2.81,4.71
2004-06-18,2.81,4.72
2004-06-21,2.8,4.7
2004-06-22,2.8,4.72
2004-06-23,2.78,4.71
2004-06-24,2.74,4.66
2004-06-25,2.74,4.66
2004-06-28,2.86,4.76
2004-06-29,2.83,4.7
2004-06-30,2.7,4.62
2004-07-01,2.64,4.57
2004-07-02,2.54,4.48
2004-07-06,2.56,4.49
2004-07-07,2.56,4.5
2004-07-08,2.55,4.49
2004-07-09,2.55,4.49
2004-07-12,2.53,4.46
2004-07-13,2.58,4.5
2004-07-14,2.62,4.5
2004-07-15,2.64,4.5
2004-07-16,2.54,4.38
2004-07-19,2.56,4.38
2004-07-20,2.67,4.47
2004-07-21,2.71,4.5
2004-07-22,2.69,4.48
2004-07-23,2.69,4.45
2004-07-26,2.75,4.49
2004-07-27,2.82,4.62
2004-07-28,2.78,4.61
2004-07-29,2.75,4.6
2004-07-30,2.68,4.5
2004-08-02,2.66,4.48
2004-08-03,2.66,4.45
2004-08-04,2.66,4.45
2004-08-05,2.64,4.43
2004-08-06,2.4,4.24
2004-08-09,2.45,4.28
2004-08-10,2.55,4.32
2004-08-11,2.54,4.3
2004-08-12,2.52,4.27
2004-08-13,2.47,4.22
2004-08-16,2.51,4.26
2004-08-17,2.44,4.21
2004-08-18,2.44,4.23
2004-08-19,2.43,4.22
2004-08-20,2.46,4.24
2004-08-23,2.5,4.28
2004-08-24,2.5,4.28
2004-08-25,2.51,4.26
2004-08-26,2.48,4.22
2004-08-27,2.48,4.23
2004-08-30,2.47,4.19
2004-08-31,2.41,4.13
2004-09-01,2.41,4.13
2004-09-02,2.46,4.2
2004-09-03,2.61,4.3
2004-09-07,2.58,4.26
2004-09-08,2.5,4.18
2004-09-09,2.5,4.22
2004-09-10,2.5,4.19
2004-09-13,2.5,4.16
2004-09-14,2.47,4.15
2004-09-15,2.51,4.18
2004-09-16,2.44,4.08
2004-09-17,2.53,4.14
2004-09-20,2.46,4.07
2004-09-21,2.49,4.05
2004-09-22,2.5,4.0
2004-09-23,2.57,4.02
2004-09-24,2.62,4.04
2004-09-27,2.59,4.01
2004-09-28,2.55,4.02
2004-09-29,2.61,4.1
2004-09-30,2.63,4.14
2004-10-01,2.63,4.21
2004-10-04,2.65,4.19
2004-10-05,2.65,4.18
2004-10-06,2.7,4.23
2004-10-07,2.72,4.26
2004-10-08,2.61,4.15
2004-10-12,2.56,4.12
2004-10-13,2.53,4.09
2004-10-14,2.48,4.03
2004-10-15,2.53,4.07
2004-10-18,2.55,4.07
2004-10-19,2.57,4.07
2004-10-20,2.53,4.01
2004-10-21,2.57,4.01
2004-10-22,2.55,4.0
2004-10-25,2.54,3.99
2004-10-26,2.54,4.01
2004-10-27,2.63,4.11
2004-10-28,2.59,4.09
2004-10-29,2.56,4.05
2004-11-01,2.61,4.11
2004-11-02,2.6,4.1
2004-11-03,2.6,4.09
2004-11-04,2.63,4.1
2004-11-05,2.8,4.21
2004-11-08,2.8,4.22
2004-11-09,2.8,4.22
2004-11-10,2.82,4.25
2004-11-12,2.86,4.2
2004-11-15,2.89,4.2
2004-11-16,2.91,4.21
2004-11-17,2.85,4.14
2004-11-18,2.86,4.12
2004-11-19,2.95,4.2
2004-11-22,2.95,4.18
2004-11-23,2.98,4.19
2004-11-24,3.01,4.2
2004-11-26,3.03,4.24
2004-11-29,3.07,4.34
2004-11-30,3.02,4.36
2004-12-01,3.01,4.38
2004-12-02,3.04,4.4
2004-12-03,2.94,4.27
2004-12-06,2.93,4.24
2004-12-07,2.95,4.23
2004-12-08,2.91,4.14
2004-12-09,2.93,4.19
2004-12-10,2.95,4.16
2004-12-13,2.98,4.16
2004-12-14,2.99,4.14
2004-12-15,2.97,4.09
2004-12-16,3.01,4.19
2004-12-17,3.03,4.21
2004-12-20,3.06,4.21
2004-12-21,3.05,4.18
2004-12-22,3.04,4.21
2004-12-23,3.02,4.23
2004-12-27,3.07,4.3
2004-12-28,3.08,4.31
2004-12-29,3.12,4.33
2004-12-30,3.1,4.27
2004-12-31,3.08,4.24
2005-01-03,3.1,4.23
2005-01-04,3.2,4.29
2005-01-05,3.22,4.29
2005-01-06,3.18,4.29
2005-01-07,3.2,4.29
2005-01-10,3.23,4.29
2005-01-11,3.24,4.26
2005-01-12,3.22,4.25
2005-01-13,3.21,4.2
2005-01-14,3.24,4.23
2005-01-18,3.26,4.21
2005-01-19,3.26,4.2
2005-01-20,3.21,4.17
2005-01-21,3.16,4.16
2005-01-24,3.2,4.14
2005-01-25,3.23,4.2
2005-01-26,3.27,4.21
2005-01-27,3.28,4.22
2005-01-28,3.25,4.16
2005-01-31,3.29,4.14
2005-02-01,3.29,4.15
2005-02-02,3.32,4.15
2005-02-03,3.34,4.18
2005-02-04,3.29,4.09
2005-02-07,3.31,4.07
2005-02-08,3.33,4.05
2005-02-09,3.24,4.0
2005-02-10,3.29,4.07
2005-02-11,3.34,4.1
2005-02-14,3.38,4.08
2005-02-15,3.37,4.1
2005-02-16,3.41,4.16
2005-02-17,3.38,4.19
2005-02-18,3.45,4.27
2005-02-22,3.46,4.29
2005-02-23,3.46,4.27
2005-02-24,3.52,4.29
2005-02-25,3.54,4.27
2005-02-28,3.59,4.36
2005-03-01,3.59,4.38
2005-03-02,3.57,4.38
2005-03-03,3.59,4.39
2005-03-04,3.57,4.32
2005-03-07,3.61,4.31
2005-03-08,3.62,4.38
2005-03-09,3.66,4.52
2005-03-10,3.68,4.48
2005-03-11,3.73,4.56
2005-03-14,3.75,4.52
2005-03-15,3.75,4.54
2005-03-16,3.72,4.52
2005-03-17,3.7,4.47
2005-03-18,3.72,4.51
2005-03-21,3.72,4.53
2005-03-22,3.86,4.63
2005-03-23,3.84,4.61
2005-03-24,3.88,4.6
2005-03-28,3.9,4.64
2005-03-29,3.87,4.6
2005-03-30,3.86,4.56
2005-03-31,3.8,4.5
2005-04-01,3.75,4.46
2005-04-04,3.74,4.47
2005-04-05,3.75,4.48
2005-04-06,3.7,4.44
2005-04-07,3.72,4.49
2005-04-08,3.77,4.5
2005-04-11,3.75,4.45
2005-04-12,3.71,4.38
2005-04-13,3.66,4.38
2005-04-14,3.6,4.37
2005-04-15,3.54,4.27
2005-04-18,3.55,4.27
2005-04-19,3.5,4.21
2005-04-20,3.52,4.22
2005-04-21,3.65,4.32
2005-04-22,3.62,4.26
2005-04-25,3.64,4.26
2005-04-26,3.67,4.28
2005-04-27,3.64,4.25
2005-04-28,3.59,4.19
2005-04-29,3.66,4.21
2005-05-02,3.64,4.21
2005-05-03,3.68,4.21
2005-05-04,3.63,4.2
2005-05-05,3.58,4.19
2005-05-06,3.73,4.28
2005-05-09,3.76,4.29
2005-05-10,3.69,4.23
2005-05-11,3.68,4.21
2005-05-12,3.66,4.18
2005-05-13,3.61,4.12
2005-05-16,3.61,4.13
2005-05-17,3.61,4.12
2005-05-18,3.56,4.07
2005-05-19,3.64,4.11
2005-05-20,3.69,4.13
2005-05-23,3.65,4.07
2005-05-24,3.61,4.04
2005-05-25,3.61,4.08
2005-05-26,3.64,4.08
2005-05-27,3.64,4.08
2005-05-31,3.6,4.0
2005-06-01,3.5,3.91
2005-06-02,3.52,3.89
2005-06-03,3.57,3.98
2005-06-06,3.59,3.96
2005-06-07,3.57,3.92
2005-06-08,3.6,3.95
2005-06-09,3.64,3.98
2005-06-10,3.71,4.05
2005-06-13,3.71,4.09
2005-06-14,3.71,4.13
2005-06-15,3.72,4.12
2005-06-16,3.7,4.09
2005-06-17,3.72,4.09
2005-06-20,3.72,4.11
2005-06-21,3.71,4.06
2005-06-22,3.62,3.95
2005-06-23,3.63,3.96
2005-06-24,3.59,3.92
2005-06-27,3.6,3.9
2005-06-28,3.65,3.97
2005-06-29,3.65,3.99
2005-06-30,3.66,3.94
2005-07-01,3.76,4.06
2005-07-05,3.79,4.11
2005-07-06,3.77,4.08
2005-07-07,3.71,4.05
2005-07-08,3.78,4.11
2005-07-11,3.81,4.11
2005-07-12,3.82,4.15
2005-07-13,3.84,4.17
2005-07-14,3.86,4.19
2005-07-15,3.86,4.18
2005-07-18,3.89,4.22
2005-07-19,3.88,4.2
2005-07-20,3.9,4.17
2005-07-21,3.96,4.28
2005-07-22,3.92,4.23
2005-07-25,3.95,4.25
2005-07-26,3.95,4.24
2005-07-27,3.99,4.27
2005-07-28,3.96,4.2
2005-07-29,4.02,4.28
2005-08-01,4.04,4.32
2005-08-02,4.06,4.34
2005-08-03,4.02,4.3
2005-08-04,4.04,4.32
2005-08-05,4.11,4.4
2005-08-08,4.16,4.42
2005-08-09,4.13,4.41
2005-08-10,4.13,4.4
2005-08-11,4.1,4.32
2005-08-12,4.05,4.24
2005-08-15,4.08,4.27
2005-08-16,4.03,4.23
2005-08-17,4.07,4.28
2005-08-18,4.01,4.21
2005-08-19,4.03,4.21
2005-08-22,4.03,4.22
2005-08-23,4.01,4.2
2005-08-24,3.99,4.19
2005-08-25,4.0,4.18
2005-08-26,4.06,4.2
2005-08-29,4.06,4.2
2005-08-30,3.97,4.16
2005-08-31,3.84,4.02
2005-09-01,3.72,4.02
2005-09-02,3.75,4.03
2005-09-06,3.8,4.09
2005-09-07,3.87,4.15
2005-09-08,3.87,4.15
2005-09-09,3.88,4.14
2005-09-12,3.92,4.18
2005-09-13,3.88,4.14
2005-09-14,3.9,4.17
2005-09-15,3.9,4.22
2005-09-16,3.97,4.26
2005-09-19,3.93,4.25
2005-09-20,4.0,4.26
2005-09-21,3.96,4.19
2005-09-22,3.95,4.19
2005-09-23,4.02,4.25
2005-09-26,4.07,4.3
2005-09-27,4.08,4.3
2005-09-28,4.09,4.26
2005-09-29,4.13,4.29
2005-09-30,4.18,4.34
2005-10-03,4.21,4.39
2005-10-04,4.22,4.38
2005-10-05,4.21,4.36
2005-10-06,4.2,4.37
2005-10-07,4.18,4.35
2005-10-11,4.22,4.39
2005-10-12,4.24,4.45
2005-10-13,4.24,4.48
2005-10-14,4.27,4.48
2005-10-17,4.29,4.5
2005-10-18,4.27,4.49
2005-10-19,4.25,4.47
2005-10-20,4.27,4.46
2005-10-21,4.22,4.39
2005-10-24,4.25,4.45
2005-10-25,4.34,4.54
2005-10-26,4.38,4.6
2005-10-27,4.36,4.57
2005-10-28,4.4,4.58
2005-10-31,4.4,4.57
2005-11-01,4.42,4.58
2005-11-02,4.43,4.61
2005-11-03,4.47,4.65
2005-11-04,4.47,4.66
2005-11-07,4.47,4.65
2005-11-08,4.43,4.57
2005-11-09,4.49,4.64
2005-11-10,4.44,4.55
2005-11-14,4.5,4.61
2005-11-15,4.47,4.56
2005-11-16,4.42,4.49
2005-11-17,4.37,4.46
2005-11-18,4.4,4.5
2005-11-21,4.39,4.46
2005-11-22,4.32,4.43
2005-11-23,4.36,4.47
2005-11-25,4.33,4.43
2005-11-28,4.33,4.41
2005-11-29,4.4,4.48
2005-11-30,4.42,4.49
2005-12-01,4.45,4.52
2005-12-02,4.43,4.52
2005-12-05,4.47,4.57
2005-12-06,4.42,4.49
2005-12-07,4.42,4.52
2005-12-08,4.37,4.47
2005-12-09,4.43,4.54
2005-12-12,4.45,4.56
2005-12-13,4.43,4.54
2005-12-14,4.37,4.45
2005-12-15,4.37,4.47
2005-12-16,4.37,4.45
2005-12-19,4.38,4.45
2005-12-20,4.42,4.47
2005-12-21,4.43,4.49
2005-12-22,4.4,4.44
2005-12-23,4.37,4.38
2005-12-27,4.35,4.34
2005-12-28,4.37,4.38
2005-12-29,4.38,4.37
2005-12-30,4.41,4.39
2006-01-03,4.34,4.37
2006-01-04,4.31,4.36
2006-01-05,4.32,4.36
2006-01-06,4.36,4.38
2006-01-09,4.36,4.38
2006-01-10,4.41,4.43
2006-01-11,4.44,4.46
2006-01-12,4.39,4.42
2006-01-13,4.34,4.36
2006-01-17,4.33,4.34
2006-01-18,4.33,4.34
2006-01-19,4.37,4.38
2006-01-20,4.37,4.37
2006-01-23,4.35,4.36
2006-01-24,4.37,4.4
2006-01-25,4.46,4.49
2006-01-26,4.49,4.53
2006-01-27,4.51,4.52
2006-01-30,4.52,4.54
2006-01-31,4.54,4.53
2006-02-01,4.59,4.57
2006-02-02,4.59,4.57
2006-02-03,4.59,4.54
2006-02-06,4.62,4.55
2006-02-07,4.61,4.57
2006-02-08,4.64,4.56
2006-02-09,4.66,4.54
2006-02-10,4.69,4.59
2006-02-13,4.68,4.58
2006-02-14,4.69,4.62
2006-02-15,4.71,4.61
2006-02-16,4.69,4.59
2006-02-17,4.66,4.54
2006-02-21,4.71,4.57
2006-02-22,4.68,4.53
2006-02-23,4.72,4.56
2006-02-24,4.74,4.58
2006-02-27,4.74,4.59
2006-02-28,4.69,4.55
2006-03-01,4.71,4.59
2006-03-02,4.72,4.64
2006-03-03,4.76,4.68
2006-03-06,4.77,4.74
2006-03-07,4.77,4.74
2006-03-08,4.72,4.73
2006-03-09,4.72,4.74
2006-03-10,4.74,4.76
2006-03-13,4.74,4.77
2006-03-14,4.66,4.71
2006-03-15,4.69,4.73
2006-03-16,4.62,4.65
2006-03-17,4.65,4.68
2006-03-20,4.65,4.66
2006-03-21,4.72,4.71
2006-03-22,4.74,4.7
2006-03-23,4.77,4.73
2006-03-24,4.72,4.67
2006-03-27,4.72,4.7
2006-03-28,4.81,4.79
2006-03-29,4.82,4.81
2006-03-30,4.84,4.86
2006-03-31,4.82,4.86
2006-04-03,4.86,4.88
2006-04-04,4.84,4.87
2006-04-05,4.81,4.84
2006-04-06,4.84,4.9
2006-04-07,4.89,4.97
2006-04-10,4.89,4.97
2006-04-11,4.88,4.93
2006-04-12,4.91,4.98
2006-04-13,4.96,5.05
2006-04-17,4.91,5.01
2006-04-18,4.84,4.99
2006-04-19,4.86,5.04
2006-04-20,4.89,5.04
2006-04-21,4.9,5.01
2006-04-24,4.89,4.99
2006-04-25,4.95,5.07
2006-04-26,4.99,5.12
2006-04-27,4.91,5.09
2006-04-28,4.87,5.07
2006-05-01,4.94,5.14
2006-05-02,4.92,5.12
2006-05-03,4.94,5.15
2006-05-04,4.97,5.16
2006-05-05,4.94,5.12
2006-05-08,4.97,5.12
2006-05-09,4.97,5.13
2006-05-10,5.01,5.13
2006-05-11,4.99,5.14
2006-05-12,5.01,5.19
2006-05-15,4.99,5.15
2006-05-16,4.96,5.1
2006-05-17,4.97,5.16
2006-05-18,4.94,5.08
2006-05-19,4.96,5.05
2006-05-22,4.94,5.04
2006-05-23,4.97,5.07
2006-05-24,4.94,5.03
2006-05-25,4.98,5.07
2006-05-26,4.96,5.06
2006-05-30,4.99,5.09
2006-05-31,5.04,5.12
2006-06-01,5.04,5.11
2006-06-02,4.92,5.0
2006-06-05,4.99,5.02
2006-06-06,4.99,5.01
2006-06-07,5.02,5.02
2006-06-08,5.01,5.0
2006-06-09,5.01,4.98
2006-06-12,5.02,4.99
2006-06-13,5.02,4.97
2006-06-14,5.11,5.05
2006-06-15,5.14,5.1
2006-06-16,5.16,5.13
2006-06-19,5.19,5.14
2006-06-20,5.19,5.15
2006-06-21,5.2,5.16
2006-06-22,5.23,5.2
2006-06-23,5.27,5.23
2006-06-26,5.27,5.25
2006-06-27,5.24,5.21
2006-06-28,5.29,5.25
2006-06-29,5.21,5.22
2006-06-30,5.16,5.15
2006-07-03,5.17,5.15
2006-07-05,5.24,5.23
2006-07-06,5.22,5.19
2006-07-07,5.17,5.14
2006-07-10,5.17,5.13
2006-07-11,5.17,5.1
2006-07-12,5.17,5.1
2006-07-13,5.12,5.08
2006-07-14,5.08,5.07
2006-07-17,5.12,5.07
2006-07-18,5.19,5.13
2006-07-19,5.12,5.06
2006-07-20,5.06,5.03
2006-07-21,5.08,5.05
2006-07-24,5.1,5.05
2006-07-25,5.11,5.07
2006-07-26,5.06,5.04
2006-07-27,5.07,5.07
2006-07-28,4.98,5.0
2006-07-31,4.97,4.99
2006-08-01,4.97,4.99
2006-08-02,4.97,4.96
2006-08-03,4.98,4.96
2006-08-04,4.91,4.91
2006-08-07,4.96,4.93
2006-08-08,4.91,4.93
2006-08-09,4.91,4.92
2006-08-10,4.93,4.93
2006-08-11,4.96,4.97
2006-08-14,5.01,5.0
2006-08-15,4.94,4.93
2006-08-16,4.87,4.87
2006-08-17,4.89,4.87
2006-08-18,4.87,4.84
2006-08-21,4.85,4.82
2006-08-22,4.87,4.82
2006-08-23,4.87,4.82
2006-08-24,4.88,4.81
2006-08-25,4.86,4.79
2006-08-28,4.88,4.8
2006-08-29,4.87,4.79
2006-08-30,4.83,4.76
2006-08-31,4.79,4.74
2006-09-01,4.77,4.73
2006-09-05,4.8,4.78
2006-09-06,4.82,4.8
2006-09-07,4.82,4.8
2006-09-08,4.8,4.78
2006-09-11,4.83,4.8
2006-09-12,4.82,4.78
2006-09-13,4.8,4.77
2006-09-14,4.83,4.79
2006-09-15,4.87,4.8
2006-09-18,4.88,4.81
2006-09-19,4.79,4.74
2006-09-20,4.81,4.73
2006-09-21,4.71,4.65
2006-09-22,4.67,4.6
2006-09-25,4.63,4.56
2006-09-26,4.68,4.59
2006-09-27,4.66,4.6
2006-09-28,4.68,4.63
2006-09-29,4.71,4.64
2006-10-02,4.66,4.62
2006-10-03,4.67,4.62
2006-10-04,4.6,4.57
2006-10-05,4.65,4.61
2006-10-06,4.74,4.7
2006-10-10,4.82,4.75
2006-10-11,4.85,4.78
2006-10-12,4.85,4.79
2006-10-13,4.87,4.81
2006-10-16,4.85,4.79
2006-10-17,4.83,4.78
2006-10-18,4.85,4.77
2006-10-19,4.85,4.79
2006-10-20,4.87,4.79
2006-10-23,4.9,4.83
2006-10-24,4.91,4.83
2006-10-25,4.88,4.78
2006-10-26,4.81,4.73
2006-10-27,4.76,4.68
2006-10-30,4.78,4.68
2006-10-31,4.71,4.61
2006-11-01,4.66,4.57
2006-11-02,4.67,4.6
2006-11-03,4.82,4.72
2006-11-06,4.82,4.71
2006-11-07,4.77,4.66
2006-11-08,4.75,4.64
2006-11-09,4.75,4.62
2006-11-10,4.73,4.59
2006-11-13,4.76,4.61
2006-11-14,4.74,4.57
2006-11-15,4.8,4.61
2006-11-16,4.85,4.66
2006-11-17,4.76,4.61
2006-11-20,4.76,4.6
2006-11-21,4.75,4.58
2006-11-22,4.74,4.57
2006-11-24,4.73,4.55
2006-11-27,4.71,4.54
2006-11-28,4.67,4.51
2006-11-29,4.69,4.52
2006-11-30,4.62,4.46
2006-12-01,4.52,4.43
2006-12-04,4.52,4.43
2006-12-05,4.52,4.45
2006-12-06,4.59,4.48
2006-12-07,4.58,4.49
2006-12-08,4.68,4.56
2006-12-11,4.67,4.52
2006-12-12,4.61,4.49
2006-12-13,4.7,4.58
2006-12-14,4.73,4.6
2006-12-15,4.73,4.6
2006-12-18,4.71,4.6
2006-12-19,4.71,4.6
2006-12-20,4.71,4.6
2006-12-21,4.66,4.55
2006-12-22,4.71,4.63
2006-12-26,4.71,4.61
2006-12-27,4.77,4.66
2006-12-28,4.82,4.7
2006-12-29,4.82,4.71
2007-01-02,4.8,4.68
2007-01-03,4.76,4.67
2007-01-04,4.71,4.62
2007-01-05,4.76,4.65
2007-01-08,4.78,4.66
2007-01-09,4.79,4.66
2007-01-10,4.81,4.69
2007-01-11,4.86,4.74
2007-01-12,4.88,4.77
2007-01-16,4.86,4.75
2007-01-17,4.91,4.79
2007-01-18,4.89,4.75
2007-01-19,4.93,4.78
2007-01-22,4.91,4.76
2007-01-23,4.94,4.81
2007-01-24,4.93,4.81
2007-01-25,4.98,4.87
2007-01-26,4.99,4.88
2007-01-29,4.99,4.9
2007-01-30,4.98,4.88
2007-01-31,4.94,4.83
2007-02-01,4.96,4.84
2007-02-02,4.94,4.83
2007-02-05,4.92,4.81
2007-02-06,4.9,4.77
2007-02-07,4.87,4.74
2007-02-08,4.87,4.73
2007-02-09,4.92,4.79
2007-02-12,4.94,4.8
2007-02-13,4.95,4.82
2007-02-14,4.87,4.74
2007-02-15,4.83,4.7
2007-02-16,4.83,4.69
2007-02-20,4.81,4.68
2007-02-21,4.82,4.69
2007-02-22,4.87,4.73
2007-02-23,4.82,4.68
2007-02-26,4.77,4.63
2007-02-27,4.59,4.5
2007-02-28,4.65,4.56
2007-03-01,4.63,4.56
2007-03-02,4.56,4.52
2007-03-05,4.53,4.51
2007-03-06,4.58,4.53
2007-03-07,4.54,4.5
2007-03-08,4.56,4.51
2007-03-09,4.66,4.59
2007-03-12,4.62,4.56
2007-03-13,4.52,4.5
2007-03-14,4.54,4.53
2007-03-15,4.57,4.54
2007-03-16,4.58,4.55
2007-03-19,4.61,4.58
2007-03-20,4.6,4.56
2007-03-21,4.51,4.53
2007-03-22,4.58,4.6
2007-03-23,4.6,4.62
2007-03-26,4.56,4.6
2007-03-27,4.58,4.62
2007-03-28,4.53,4.62
2007-03-29,4.58,4.64
2007-03-30,4.58,4.65
2007-04-02,4.6,4.65
2007-04-03,4.63,4.67
2007-04-04,4.61,4.66
2007-04-05,4.63,4.68
2007-04-06,4.75,4.76
2007-04-09,4.73,4.75
2007-04-10,4.71,4.73
2007-04-11,4.73,4.74
2007-04-12,4.73,4.74
2007-04-13,4.76,4.76
2007-04-16,4.74,4.74
2007-04-17,4.68,4.69
2007-04-18,4.64,4.66
2007-04-19,4.64,4.68
2007-04-20,4.64,4.68
2007-04-23,4.62,4.66
2007-04-24,4.58,4.63
2007-04-25,4.63,4.66
2007-04-26,4.67,4.69
2007-04-27,4.67,4.71
2007-04-30,4.6,4.63
2007-05-01,4.63,4.64
2007-05-02,4.65,4.65
2007-05-03,4.71,4.68
2007-05-04,4.68,4.65
2007-05-07,4.68,4.64
2007-05-08,4.68,4.63
2007-05-09,4.73,4.67
2007-05-10,4.7,4.65
2007-05-11,4.71,4.67
2007-05-14,4.73,4.69
2007-05-15,4.75,4.71
2007-05-16,4.73,4.71
2007-05-17,4.78,4.76
2007-05-18,4.82,4.81
2007-05-21,4.81,4.79
2007-05-22,4.83,4.83
2007-05-23,4.85,4.86
2007-05-24,4.85,4.86
2007-05-25,4.85,4.86
2007-05-29,4.88,4.88
2007-05-30,4.89,4.88
2007-05-31,4.92,4.9
2007-06-01,4.97,4.95
2007-06-04,4.97,4.93
2007-06-05,4.99,4.98
2007-06-06,4.97,4.97
2007-06-07,5.03,5.11
2007-06-08,5.01,5.12
2007-06-11,5.01,5.14
2007-06-12,5.08,5.26
2007-06-13,5.08,5.2
2007-06-14,5.1,5.23
2007-06-15,5.05,5.16
2007-06-18,5.01,5.15
2007-06-19,4.94,5.09
2007-06-20,4.97,5.14
2007-06-21,4.98,5.16
2007-06-22,4.92,5.14
2007-06-25,4.87,5.09
2007-06-26,4.9,5.1
2007-06-27,4.91,5.09
2007-06-28,4.96,5.12
2007-06-29,4.87,5.03
2007-07-02,4.86,5.0
2007-07-03,4.89,5.05
2007-07-05,4.99,5.16
2007-07-06,4.99,5.19
2007-07-09,4.97,5.16
2007-07-10,4.85,5.03
2007-07-11,4.89,5.09
2007-07-12,4.94,5.13
2007-07-13,4.94,5.11
2007-07-16,4.89,5.05
2007-07-17,4.91,5.08
2007-07-18,4.84,5.02
2007-07-19,4.87,5.04
2007-07-20,4.79,4.96
2007-07-23,4.8,4.97
2007-07-24,4.77,4.94
2007-07-25,4.74,4.92
2007-07-26,4.56,4.79
2007-07-27,4.56,4.8
2007-07-30,4.59,4.82
2007-07-31,4.56,4.78
2007-08-01,4.56,4.76
2007-08-02,4.59,4.77
2007-08-03,4.46,4.71
2007-08-06,4.46,4.72
2007-08-07,4.56,4.77
2007-08-08,4.64,4.84
2007-08-09,4.49,4.79
2007-08-10,4.47,4.81
2007-08-13,4.46,4.78
2007-08-14,4.39,4.73
2007-08-15,4.27,4.69
2007-08-16,4.08,4.6
2007-08-17,4.18,4.68
2007-08-20,4.11,4.64
2007-08-21,4.05,4.6
2007-08-22,4.15,4.63
2007-08-23,4.2,4.62
2007-08-24,4.3,4.63
2007-08-27,4.28,4.6
2007-08-28,4.13,4.53
2007-08-29,4.14,4.57
2007-08-30,4.08,4.51
2007-08-31,4.15,4.54
2007-09-04,4.13,4.56
2007-09-05,4.03,4.48
2007-09-06,4.08,4.51
2007-09-07,3.9,4.38
2007-09-10,3.87,4.34
2007-09-11,3.95,4.37
2007-09-12,3.95,4.41
2007-09-13,4.08,4.49
2007-09-14,4.05,4.47
2007-09-17,4.08,4.48
2007-09-18,4.0,4.5
2007-09-19,4.0,4.53
2007-09-20,4.1,4.69
2007-09-21,4.06,4.64
2007-09-24,4.05,4.63
2007-09-25,4.0,4.63
2007-09-26,3.97,4.63
2007-09-27,3.95,4.58
2007-09-28,3.97,4.59
2007-10-01,4.02,4.56
2007-10-02,3.98,4.54
2007-10-03,4.02,4.55
2007-10-04,4.0,4.54
2007-10-05,4.08,4.65
2007-10-09,4.15,4.67
2007-10-10,4.15,4.65
2007-10-11,4.13,4.66
2007-10-12,4.23,4.7
2007-10-15,4.22,4.69
2007-10-16,4.12,4.66
2007-10-17,4.0,4.57
2007-10-18,3.93,4.52
2007-10-19,3.8,4.41
2007-10-22,3.85,4.42
2007-10-23,3.81,4.41
2007-10-24,3.74,4.36
2007-10-25,3.74,4.37
2007-10-26,3.77,4.41
2007-10-29,3.79,4.39
2007-10-30,3.82,4.4
2007-10-31,3.94,4.48
2007-11-01,3.77,4.36
2007-11-02,3.66,4.31
2007-11-05,3.69,4.35
2007-11-06,3.7,4.38
2007-11-07,3.61,4.34
2007-11-08,3.47,4.28
2007-11-09,3.42,4.23
2007-11-13,3.54,4.26
2007-11-14,3.57,4.28
2007-11-15,3.35,4.17
2007-11-16,3.33,4.15
2007-11-19,3.18,4.07
2007-11-20,3.14,4.06
2007-11-21,2.99,4.0
2007-11-23,3.07,4.01
2007-11-26,2.92,3.83
2007-11-27,3.05,3.95
2007-11-28,3.17,4.03
2007-11-29,3.06,3.94
2007-11-30,3.04,3.97
2007-12-03,2.9,3.89
2007-12-04,2.9,3.89
2007-12-05,2.9,3.92
2007-12-06,3.03,4.02
2007-12-07,3.12,4.12
2007-12-10,3.17,4.15
2007-12-11,2.94,3.98
2007-12-12,3.07,4.05
2007-12-13,3.21,4.18
2007-12-14,3.31,4.24
2007-12-17,3.24,4.2
2007-12-18,3.19,4.14
2007-12-19,3.12,4.06
2007-12-20,3.09,4.04
2007-12-21,3.19,4.18
2007-12-24,3.24,4.23
2007-12-26,3.31,4.3
2007-12-27,3.24,4.21
2007-12-28,3.12,4.11
2007-12-31,3.05,4.04
2008-01-02,2.88,3.91
2008-01-03,2.83,3.91
2008-01-04,2.74,3.88
2008-01-07,2.76,3.86
2008-01-08,2.76,3.86
2008-01-09,2.69,3.82
2008-01-10,2.71,3.91
2008-01-11,2.59,3.82
2008-01-14,2.58,3.81
2008-01-15,2.53,3.72
2008-01-16,2.51,3.74
2008-01-17,2.44,3.66
2008-01-18,2.36,3.66
2008-01-22,2.08,3.52
2008-01-23,2.09,3.51
2008-01-24,2.25,3.68
2008-01-25,2.23,3.61
2008-01-28,2.2,3.61
2008-01-29,2.29,3.69
2008-01-30,2.3,3.78
2008-01-31,2.17,3.67
2008-02-01,2.09,3.62
2008-02-04,2.08,3.68
2008-02-05,1.93,3.61
2008-02-06,1.96,3.61
2008-02-07,1.99,3.74
2008-02-08,1.93,3.64
2008-02-11,1.93,3.62
2008-02-12,1.94,3.66
2008-02-13,1.91,3.7
2008-02-14,1.93,3.85
2008-02-15,1.91,3.76
2008-02-19,2.06,3.89
2008-02-20,2.14,3.93
2008-02-21,1.98,3.77
2008-02-22,1.98,3.79
2008-02-25,2.13,3.91
2008-02-26,2.04,3.88
2008-02-27,2.01,3.85
2008-02-28,1.87,3.71
2008-02-29,1.65,3.53
2008-03-03,1.61,3.54
2008-03-04,1.65,3.63
2008-03-05,1.66,3.7
2008-03-06,1.53,3.62
2008-03-07,1.53,3.56
2008-03-10,1.47,3.46
2008-03-11,1.74,3.6
2008-03-12,1.63,3.49
2008-03-13,1.63,3.56
2008-03-14,1.47,3.44
2008-03-17,1.35,3.34
2008-03-18,1.58,3.48
2008-03-19,1.54,3.38
2008-03-20,1.59,3.34
2008-03-24,1.84,3.56
2008-03-25,1.79,3.51
2008-03-26,1.71,3.51
2008-03-27,1.73,3.56
2008-03-28,1.67,3.47
2008-03-31,1.62,3.45
2008-04-01,1.8,3.57
2008-04-02,1.88,3.6
2008-04-03,1.91,3.61
2008-04-04,1.83,3.5
2008-04-07,1.95,3.57
2008-04-08,1.87,3.58
2008-04-09,1.77,3.49
2008-04-10,1.84,3.55
2008-04-11,1.76,3.49
2008-04-14,1.78,3.53
2008-04-15,1.84,3.6
2008-04-16,1.98,3.72
2008-04-17,2.13,3.75
2008-04-18,2.19,3.77
2008-04-21,2.2,3.75
2008-04-22,2.24,3.74
2008-04-23,2.22,3.77
2008-04-24,2.41,3.87
2008-04-25,2.44,3.91
2008-04-28,2.36,3.86
2008-04-29,2.35,3.85
2008-04-30,2.29,3.77
2008-05-01,2.37,3.78
2008-05-02,2.47,3.89
2008-05-05,2.42,3.88
2008-05-06,2.38,3.93
2008-05-07,2.31,3.87
2008-05-08,2.25,3.79
2008-05-09,2.25,3.77
2008-05-12,2.3,3.78
2008-05-13,2.47,3.9
2008-05-14,2.53,3.92
2008-05-15,2.45,3.83
2008-05-16,2.47,3.85
2008-05-19,2.42,3.83
2008-05-20,2.34,3.78
2008-05-21,2.41,3.81
2008-05-22,2.56,3.92
2008-05-23,2.46,3.85
2008-05-27,2.55,3.93
2008-05-28,2.62,4.03
2008-05-29,2.67,4.08
2008-05-30,2.66,4.06
2008-06-02,2.51,3.98
2008-06-03,2.45,3.92
2008-06-04,2.47,3.98
2008-06-05,2.52,4.06
2008-06-06,2.4,3.94
2008-06-09,2.73,4.02
2008-06-10,2.91,4.11
2008-06-11,2.83,4.1
2008-06-12,3.03,4.23
2008-06-13,3.05,4.27
2008-06-16,3.02,4.25
2008-06-17,2.94,4.23
2008-06-18,2.89,4.16
2008-06-19,2.99,4.22
2008-06-20,2.88,4.16
2008-06-23,2.98,4.19
2008-06-24,2.87,4.1
2008-06-25,2.82,4.12
2008-06-26,2.68,4.07
2008-06-27,2.65,3.99
2008-06-30,2.63,3.99
2008-07-01,2.63,4.01
2008-07-02,2.6,3.99
2008-07-03,2.54,3.99
2008-07-07,2.47,3.95
2008-07-08,2.47,3.91
2008-07-09,2.41,3.85
2008-07-10,2.44,3.83
2008-07-11,2.59,3.96
2008-07-14,2.47,3.9
2008-07-15,2.39,3.87
2008-07-16,2.44,3.97
2008-07-17,2.58,4.07
2008-07-18,2.66,4.11
2008-07-21,2.66,4.09
2008-07-22,2.74,4.14
2008-07-23,2.81,4.16
2008-07-24,2.61,4.03
2008-07-25,2.7,4.13
2008-07-28,2.59,4.06
2008-07-29,2.65,4.09
2008-07-30,2.64,4.07
2008-07-31,2.52,3.99
2008-08-01,2.51,3.97
2008-08-04,2.53,3.98
2008-08-05,2.54,4.04
2008-08-06,2.56,4.06
2008-08-07,2.43,3.92
2008-08-08,2.51,3.94
2008-08-11,2.56,3.99
2008-08-12,2.45,3.91
2008-08-13,2.5,3.94
2008-08-14,2.45,3.89
2008-08-15,2.4,3.84
2008-08-18,2.35,3.82
2008-08-19,2.32,3.83
2008-08-20,2.25,3.79
2008-08-21,2.33,3.84
2008-08-22,2.42,3.87
2008-08-25,2.33,3.79
2008-08-26,2.35,3.79
2008-08-27,2.31,3.77
2008-08-28,2.37,3.79
2008-08-29,2.36,3.83
2008-09-02,2.26,3.74
2008-09-03,2.26,3.71
2008-09-04,2.2,3.64
2008-09-05,2.23,3.66
2008-09-08,2.3,3.66
2008-09-09,2.23,3.62
2008-09-10,2.22,3.65
2008-09-11,2.18,3.64
2008-09-12,2.23,3.74
2008-09-15,1.78,3.47
2008-09-16,1.89,3.48
2008-09-17,1.64,3.41
2008-09-18,1.78,3.54
2008-09-19,2.16,3.78
2008-09-22,2.13,3.83
2008-09-23,2.11,3.85
2008-09-24,2.03,3.8
2008-09-25,2.16,3.88
2008-09-26,2.11,3.85
2008-09-29,1.7,3.61
2008-09-30,2.0,3.85
2008-10-01,1.82,3.77
2008-10-02,1.62,3.66
2008-10-03,1.6,3.63
2008-10-06,1.43,3.48
2008-10-07,1.47,3.5
2008-10-08,1.65,3.72
2008-10-09,1.65,3.84
2008-10-10,1.62,3.89
2008-10-14,1.82,4.08
2008-10-15,1.64,4.04
2008-10-16,1.61,3.99
2008-10-17,1.64,3.98
2008-10-20,1.71,3.91
2008-10-21,1.58,3.76
2008-10-22,1.53,3.65
2008-10-23,1.54,3.63
2008-10-24,1.57,3.76
2008-10-27,1.59,3.79
2008-10-28,1.65,3.89
2008-10-29,1.58,3.93
2008-10-30,1.59,4.0
2008-10-31,1.56,4.01
2008-11-03,1.45,3.96
2008-11-04,1.39,3.81
2008-11-05,1.36,3.73
2008-11-06,1.28,3.75
2008-11-07,1.33,3.83
2008-11-10,1.27,3.82
2008-11-12,1.19,3.75
2008-11-13,1.24,3.84
2008-11-14,1.22,3.72
2008-11-17,1.22,3.68
2008-11-18,1.15,3.53
2008-11-19,1.09,3.38
2008-11-20,1.0,3.1
2008-11-21,1.09,3.2
2008-11-24,1.31,3.35
2008-11-25,1.15,3.11
2008-11-26,1.09,2.99
2008-11-28,1.0,2.93
2008-12-01,0.9,2.72
2008-12-02,0.9,2.68
2008-12-03,0.87,2.67
2008-12-04,0.82,2.55
2008-12-05,0.93,2.67
2008-12-08,0.97,2.77
2008-12-09,0.84,2.67
2008-12-10,0.86,2.69
2008-12-11,0.79,2.64
2008-12-12,0.78,2.6
2008-12-15,0.75,2.53
2008-12-16,0.65,2.37
2008-12-17,0.73,2.2
2008-12-18,0.68,2.08
2008-12-19,0.74,2.13
2008-12-22,0.87,2.16
2008-12-23,0.9,2.18
2008-12-24,0.9,2.2
2008-12-26,0.89,2.16
2008-12-29,0.78,2.13
2008-12-30,0.75,2.11
2008-12-31,0.76,2.25
2009-01-02,0.88,2.46
2009-01-05,0.78,2.49
2009-01-06,0.8,2.51
2009-01-07,0.82,2.52
2009-01-08,0.83,2.47
2009-01-09,0.75,2.43
2009-01-12,0.74,2.34
2009-01-13,0.76,2.33
2009-01-14,0.73,2.24
2009-01-15,0.73,2.23
2009-01-16,0.73,2.36
2009-01-20,0.73,2.4
2009-01-21,0.78,2.56
2009-01-22,0.75,2.62
2009-01-23,0.83,2.65
2009-01-26,0.85,2.7
2009-01-27,0.87,2.59
2009-01-28,0.89,2.71
2009-01-29,0.95,2.87
2009-01-30,0.94,2.87
2009-02-02,0.89,2.76
2009-02-03,0.96,2.89
2009-02-04,0.98,2.95
2009-02-05,0.98,2.95
2009-02-06,0.99,3.05
2009-02-09,1.05,3.07
2009-02-10,0.92,2.9
2009-02-11,0.93,2.78
2009-02-12,0.89,2.75
2009-02-13,0.97,2.89
2009-02-17,0.87,2.64
2009-02-18,0.97,2.74
2009-02-19,1.01,2.85
2009-02-20,0.96,2.78
2009-02-23,0.96,2.78
2009-02-24,1.03,2.8
2009-02-25,1.09,2.95
2009-02-26,1.08,2.98
2009-02-27,1.0,3.02
2009-03-02,0.89,2.91
2009-03-03,0.91,2.93
2009-03-04,0.97,3.01
2009-03-05,0.9,2.83
2009-03-06,0.91,2.83
2009-03-09,0.96,2.89
2009-03-10,1.01,2.99
2009-03-11,1.03,2.95
2009-03-12,1.03,2.89
2009-03-13,0.98,2.89
2009-03-16,1.0,2.97
2009-03-17,1.05,3.02
2009-03-18,0.82,2.51
2009-03-19,0.87,2.61
2009-03-20,0.89,2.65
2009-03-23,0.93,2.68
2009-03-24,0.93,2.68
2009-03-25,0.96,2.81
2009-03-26,0.9,2.76
2009-03-27,0.9,2.78
2009-03-30,0.84,2.73
2009-03-31,0.81,2.71
2009-04-01,0.83,2.68
2009-04-02,0.88,2.77
2009-04-03,0.96,2.91
2009-04-06,0.94,2.95
2009-04-07,0.91,2.93
2009-04-08,0.93,2.86
2009-04-09,0.96,2.96
2009-04-13,0.89,2.88
2009-04-14,0.86,2.8
2009-04-15,0.86,2.82
2009-04-16,0.91,2.86
2009-04-17,0.99,2.98
2009-04-20,0.93,2.88
2009-04-21,0.96,2.94
2009-04-22,1.0,2.98
2009-04-23,0.97,2.96
2009-04-24,0.99,3.03
2009-04-27,0.9,2.95
2009-04-28,0.95,3.05
2009-04-29,0.94,3.12
2009-04-30,0.91,3.16
2009-05-01,0.92,3.21
2009-05-04,0.94,3.19
2009-05-05,0.98,3.2
2009-05-06,0.96,3.18
2009-05-07,1.0,3.29
2009-05-08,1.0,3.29
2009-05-11,0.92,3.17
2009-05-12,0.9,3.17
2009-05-13,0.89,3.11
2009-05-14,0.87,3.1
2009-05-15,0.88,3.14
2009-05-18,0.93,3.22
2009-05-19,0.91,3.25
2009-05-20,0.87,3.19
2009-05-21,0.89,3.35
2009-05-22,0.92,3.45
2009-05-26,0.96,3.5
2009-05-27,0.96,3.71
2009-05-28,0.97,3.67
2009-05-29,0.92,3.47
2009-06-01,0.97,3.71
2009-06-02,0.96,3.65
2009-06-03,0.91,3.56
2009-06-04,0.96,3.72
2009-06-05,1.32,3.84
2009-06-08,1.42,3.91
2009-06-09,1.33,3.86
2009-06-10,1.38,3.98
2009-06-11,1.35,3.88
2009-06-12,1.3,3.81
2009-06-15,1.26,3.76
2009-06-16,1.23,3.67
2009-06-17,1.19,3.68
2009-06-18,1.28,3.86
2009-06-19,1.25,3.79
2009-06-22,1.17,3.72
2009-06-23,1.14,3.65
2009-06-24,1.19,3.72
2009-06-25,1.12,3.55
2009-06-26,1.1,3.52
2009-06-29,1.11,3.51
2009-06-30,1.11,3.53
2009-07-01,1.05,3.55
2009-07-02,0.98,3.51
2009-07-06,0.96,3.52
2009-07-07,0.98,3.47
2009-07-08,0.91,3.33
2009-07-09,0.94,3.44
2009-07-10,0.91,3.32
2009-07-13,0.92,3.38
2009-07-14,0.97,3.5
2009-07-15,1.03,3.63
2009-07-16,1.0,3.59
2009-07-17,1.02,3.67
2009-07-20,0.99,3.61
2009-07-21,0.96,3.5
2009-07-22,0.98,3.58
2009-07-23,1.08,3.72
2009-07-24,1.05,3.7
2009-07-27,1.08,3.75
2009-07-28,1.12,3.72
2009-07-29,1.17,3.69
2009-07-30,1.19,3.67
2009-07-31,1.13,3.52
2009-08-03,1.18,3.66
2009-08-04,1.2,3.7
2009-08-05,1.23,3.8
2009-08-06,1.22,3.79
2009-08-07,1.32,3.89
2009-08-10,1.24,3.8
2009-08-11,1.21,3.71
2009-08-12,1.18,3.72
2009-08-13,1.12,3.59
2009-08-14,1.07,3.55
2009-08-17,1.04,3.48
2009-08-18,1.06,3.51
2009-08-19,1.01,3.45
2009-08-20,1.03,3.42
2009-08-21,1.13,3.56
2009-08-24,1.05,3.48
2009-08-25,1.05,3.45
2009-08-26,1.06,3.44
2009-08-27,1.04,3.47
2009-08-28,1.01,3.46
2009-08-31,0.97,3.4
2009-09-01,0.92,3.38
2009-09-02,0.89,3.29
2009-09-03,0.91,3.33
2009-09-04,0.94,3.45
2009-09-08,0.93,3.47
2009-09-09,0.93,3.48
2009-09-10,0.9,3.36
2009-09-11,0.9,3.34
2009-09-14,0.94,3.42
2009-09-15,0.96,3.47
2009-09-16,1.01,3.48
2009-09-17,0.98,3.42
2009-09-18,1.03,3.49
2009-09-21,1.02,3.49
2009-09-22,1.02,3.46
2009-09-23,0.96,3.44
2009-09-24,0.93,3.4
2009-09-25,0.98,3.34
2009-09-28,0.98,3.31
2009-09-29,1.0,3.31
2009-09-30,0.95,3.31
2009-10-01,0.87,3.21
2009-10-02,0.88,3.24
2009-10-05,0.88,3.24
2009-10-06,0.91,3.27
2009-10-07,0.87,3.21
2009-10-08,0.9,3.27
2009-10-09,0.98,3.4
2009-10-13,0.91,3.34
2009-10-14,0.96,3.45
2009-10-15,0.97,3.49
2009-10-16,0.97,3.43
2009-10-19,0.99,3.41
2009-10-20,0.95,3.35
2009-10-21,1.0,3.42
2009-10-22,0.97,3.44
2009-10-23,1.04,3.51
2009-10-26,1.06,3.59
2009-10-27,0.99,3.49
2009-10-28,0.95,3.44
2009-10-29,0.98,3.53
2009-10-30,0.9,3.41
2009-11-02,0.92,3.45
2009-11-03,0.92,3.5
2009-11-04,0.91,3.57
2009-11-05,0.9,3.57
2009-11-06,0.86,3.54
2009-11-09,0.87,3.52
2009-11-10,0.85,3.5
2009-11-12,0.82,3.45
2009-11-13,0.82,3.43
2009-11-16,0.78,3.33
2009-11-17,0.78,3.33
2009-11-18,0.77,3.36
2009-11-19,0.73,3.35
2009-11-20,0.75,3.36
2009-11-23,0.77,3.37
2009-11-24,0.73,3.32
2009-11-25,0.73,3.28
2009-11-27,0.68,3.21
2009-11-30,0.67,3.21
2009-12-01,0.67,3.28
2009-12-02,0.72,3.32
2009-12-03,0.74,3.39
2009-12-04,0.84,3.48
2009-12-07,0.78,3.44
2009-12-08,0.73,3.4
2009-12-09,0.76,3.45
2009-12-10,0.78,3.49
2009-12-11,0.83,3.55
2009-12-14,0.87,3.56
2009-12-15,0.88,3.6
2009-12-16,0.85,3.61
2009-12-17,0.77,3.5
2009-12-18,0.82,3.55
2009-12-21,0.89,3.69
2009-12-22,0.95,3.76
2009-12-23,0.96,3.77
2009-12-24,1.0,3.82
2009-12-28,1.09,3.85
2009-12-29,1.09,3.82
2009-12-30,1.08,3.8
2009-12-31,1.14,3.85
2010-01-04,1.09,3.85
2010-01-05,1.01,3.77
2010-01-06,1.01,3.85
2010-01-07,1.03,3.85
2010-01-08,0.96,3.83
2010-01-11,0.95,3.85
2010-01-12,0.92,3.74
2010-01-13,0.97,3.8
2010-01-14,0.94,3.76
2010-01-15,0.89,3.7
2010-01-19,0.93,3.73
2010-01-20,0.92,3.68
2010-01-21,0.87,3.62
2010-01-22,0.84,3.62
2010-01-25,0.86,3.66
2010-01-26,0.87,3.65
2010-01-27,0.9,3.66
2010-01-28,0.87,3.68
2010-01-29,0.82,3.63
2010-02-01,0.86,3.68
2010-02-02,0.86,3.67
2010-02-03,0.88,3.73
2010-02-04,0.8,3.62
2010-02-05,0.77,3.59
2010-02-08,0.79,3.62
2010-02-09,0.84,3.67
2010-02-10,0.91,3.72
2010-02-11,0.91,3.73
2010-02-12,0.84,3.69
2010-02-16,0.82,3.66
2010-02-17,0.87,3.74
2010-02-18,0.9,3.79
2010-02-19,0.95,3.78
2010-02-22,0.91,3.8
2010-02-23,0.87,3.69
2010-02-24,0.87,3.7
2010-02-25,0.82,3.64
2010-02-26,0.81,3.61
2010-03-01,0.8,3.61
2010-03-02,0.8,3.62
2010-03-03,0.82,3.63
2010-03-04,0.86,3.61
2010-03-05,0.91,3.69
2010-03-08,0.9,3.72
2010-03-09,0.89,3.71
2010-03-10,0.92,3.73
2010-03-11,0.97,3.73
2010-03-12,0.97,3.71
2010-03-15,0.96,3.71
2010-03-16,0.93,3.66
2010-03-17,0.95,3.65
2010-03-18,0.98,3.68
2010-03-19,1.02,3.7
2010-03-22,1.01,3.67
2010-03-23,1.02,3.69
2010-03-24,1.08,3.84
2010-03-25,1.1,3.91
2010-03-26,1.04,3.86
2010-03-29,1.04,3.88
2010-03-30,1.06,3.88
2010-03-31,1.02,3.84
2010-04-01,1.05,3.89
2010-04-02,1.11,3.96
2010-04-05,1.18,4.01
2010-04-06,1.14,3.98
2010-04-07,1.06,3.89
2010-04-08,1.09,3.91
2010-04-09,1.08,3.9
2010-04-12,1.07,3.87
2010-04-13,1.07,3.84
2010-04-14,1.07,3.88
2010-04-15,1.04,3.86
2010-04-16,0.98,3.79
2010-04-19,1.01,3.83
2010-04-20,1.05,3.82
2010-04-21,1.03,3.77
2010-04-22,1.07,3.8
2010-04-23,1.1,3.84
2010-04-26,1.09,3.83
2010-04-27,1.03,3.71
2010-04-28,1.03,3.8
2010-04-29,1.01,3.76
2010-04-30,0.97,3.69
2010-05-03,1.0,3.72
2010-05-04,0.96,3.63
2010-05-05,0.88,3.58
2010-05-06,0.75,3.41
2010-05-07,0.83,3.45
2010-05-10,0.87,3.57
2010-05-11,0.85,3.56
2010-05-12,0.89,3.56
2010-05-13,0.87,3.55
2010-05-14,0.79,3.44
2010-05-17,0.81,3.47
2010-05-18,0.76,3.38
2010-05-19,0.8,3.36
2010-05-20,0.76,3.25
2010-05-21,0.76,3.2
2010-05-24,0.77,3.23
2010-05-25,0.81,3.18
2010-05-26,0.82,3.21
2010-05-27,0.87,3.34
2010-05-28,0.76,3.31
2010-06-01,0.78,3.29
2010-06-02,0.82,3.35
2010-06-03,0.82,3.39
2010-06-04,0.72,3.2
2010-06-07,0.74,3.17
2010-06-08,0.74,3.18
2010-06-09,0.74,3.2
2010-06-10,0.79,3.33
2010-06-11,0.75,3.24
2010-06-14,0.77,3.28
2010-06-15,0.79,3.32
2010-06-16,0.75,3.27
2010-06-17,0.72,3.21
2010-06-18,0.74,3.24
2010-06-21,0.74,3.26
2010-06-22,0.71,3.18
2010-06-23,0.66,3.13
2010-06-24,0.67,3.14
2010-06-25,0.65,3.12
2010-06-28,0.62,3.05
2010-06-29,0.61,2.97
2010-06-30,0.61,2.97
2010-07-01,0.63,2.96
2010-07-02,0.63,3.0
2010-07-06,0.62,2.95
2010-07-07,0.63,3.0
2010-07-08,0.63,3.04
2010-07-09,0.63,3.07
2010-07-12,0.65,3.08
2010-07-13,0.67,3.15
2010-07-14,0.62,3.07
2010-07-15,0.61,3.0
2010-07-16,0.61,2.96
2010-07-19,0.61,2.99
2010-07-20,0.61,2.98
2010-07-21,0.58,2.9
2010-07-22,0.6,2.96
2010-07-23,0.6,3.02
2010-07-26,0.62,3.03
2010-07-27,0.65,3.08
2010-07-28,0.61,3.03
2010-07-29,0.59,3.03
2010-07-30,0.55,2.94
2010-08-02,0.56,2.99
2010-08-03,0.53,2.94
2010-08-04,0.56,2.98
2010-08-05,0.53,2.94
2010-08-06,0.5,2.86
2010-08-09,0.54,2.86
2010-08-10,0.52,2.79
2010-08-11,0.54,2.72
2010-08-12,0.55,2.74
2010-08-13,0.54,2.68
2010-08-16,0.51,2.58
2010-08-17,0.52,2.64
2010-08-18,0.51,2.64
2010-08-19,0.49,2.58
2010-08-20,0.49,2.62
2010-08-23,0.49,2.6
2010-08-24,0.5,2.5
2010-08-25,0.53,2.54
2010-08-26,0.51,2.5
2010-08-27,0.56,2.66
2010-08-30,0.5,2.54
2010-08-31,0.47,2.47
2010-09-01,0.5,2.58
2010-09-02,0.5,2.63
2010-09-03,0.52,2.72
2010-09-07,0.49,2.61
2010-09-08,0.52,2.66
2010-09-09,0.57,2.77
2010-09-10,0.58,2.81
2010-09-13,0.53,2.74
2010-09-14,0.5,2.68
2010-09-15,0.5,2.74
2010-09-16,0.48,2.77
2010-09-17,0.48,2.75
2010-09-20,0.47,2.72
2010-09-21,0.43,2.61
2010-09-22,0.44,2.56
2010-09-23,0.45,2.56
2010-09-24,0.45,2.62
2010-09-27,0.44,2.54
2010-09-28,0.37,2.48
2010-09-29,0.44,2.52
2010-09-30,0.42,2.53
2010-10-01,0.42,2.54
2010-10-04,0.41,2.5
2010-10-05,0.41,2.5
2010-10-06,0.38,2.41
2010-10-07,0.36,2.41
2010-10-08,0.35,2.41
2010-10-12,0.37,2.44
2010-10-13,0.37,2.46
2010-10-14,0.38,2.52
2010-10-15,0.37,2.59
2010-10-18,0.38,2.52
2010-10-19,0.37,2.5
2010-10-20,0.35,2.51
2010-10-21,0.37,2.57
2010-10-22,0.35,2.59
2010-10-25,0.37,2.59
2010-10-26,0.4,2.67
2010-10-27,0.4,2.75
2010-10-28,0.37,2.69
2010-10-29,0.34,2.63
2010-11-01,0.34,2.66
2010-11-02,0.34,2.63
2010-11-03,0.34,2.67
2010-11-04,0.33,2.53
2010-11-05,0.38,2.58
2010-11-08,0.41,2.6
2010-11-09,0.46,2.72
2010-11-10,0.44,2.65
2010-11-12,0.51,2.76
2010-11-15,0.53,2.92
2010-11-16,0.51,2.85
2010-11-17,0.5,2.89
2010-11-18,0.52,2.9
2010-11-19,0.52,2.88
2010-11-22,0.49,2.8
2010-11-23,0.45,2.77
2010-11-24,0.53,2.93
2010-11-26,0.51,2.87
2010-11-29,0.52,2.84
2010-11-30,0.45,2.81
2010-12-01,0.53,2.97
2010-12-02,0.55,3.01
2010-12-03,0.49,3.03
2010-12-06,0.42,2.95
2010-12-07,0.54,3.15
2010-12-08,0.63,3.26
2010-12-09,0.64,3.23
2010-12-10,0.64,3.32
2010-12-13,0.61,3.29
2010-12-14,0.66,3.49
2010-12-15,0.68,3.53
2010-12-16,0.66,3.47
2010-12-17,0.61,3.33
2010-12-20,0.62,3.36
2010-12-21,0.63,3.35
2010-12-22,0.65,3.36
2010-12-23,0.67,3.41
2010-12-27,0.71,3.36
2010-12-28,0.75,3.5
2010-12-29,0.64,3.35
2010-12-30,0.66,3.38
2010-12-31,0.61,3.3
2011-01-03,0.61,3.36
2011-01-04,0.63,3.36
2011-01-05,0.71,3.5
2011-01-06,0.68,3.44
2011-01-07,0.6,3.34
2011-01-10,0.59,3.32
2011-01-11,0.6,3.37
2011-01-12,0.61,3.4
2011-01-13,0.59,3.34
2011-01-14,0.59,3.35
2011-01-18,0.6,3.39
2011-01-19,0.6,3.37
2011-01-20,0.65,3.47
2011-01-21,0.63,3.44
2011-01-24,0.65,3.43
2011-01-25,0.62,3.35
2011-01-26,0.62,3.45
2011-01-27,0.59,3.42
2011-01-28,0.54,3.36
2011-01-31,0.58,3.42
2011-02-01,0.61,3.48
2011-02-02,0.67,3.52
2011-02-03,0.71,3.58
2011-02-04,0.77,3.68
2011-02-07,0.78,3.68
2011-02-08,0.86,3.75
2011-02-09,0.81,3.65
2011-02-10,0.85,3.7
2011-02-11,0.85,3.64
2011-02-14,0.87,3.62
2011-02-15,0.84,3.61
2011-02-16,0.86,3.62
2011-02-17,0.8,3.58
2011-02-18,0.78,3.59
2011-02-22,0.74,3.46
2011-02-23,0.74,3.49
2011-02-24,0.73,3.46
2011-02-25,0.72,3.42
2011-02-28,0.69,3.42
2011-03-01,0.66,3.41
2011-03-02,0.69,3.46
2011-03-03,0.79,3.58
2011-03-04,0.68,3.49
2011-03-07,0.7,3.51
2011-03-08,0.73,3.56
2011-03-09,0.7,3.48
2011-03-10,0.65,3.37
2011-03-11,0.64,3.4
2011-03-14,0.61,3.36
2011-03-15,0.63,3.33
2011-03-16,0.58,3.22
2011-03-17,0.6,3.25
2011-03-18,0.61,3.28
2011-03-21,0.67,3.34
2011-03-22,0.68,3.34
2011-03-23,0.69,3.36
2011-03-24,0.72,3.42
2011-03-25,0.79,3.46
2011-03-28,0.81,3.47
2011-03-29,0.81,3.5
2011-03-30,0.8,3.47
2011-03-31,0.8,3.47
2011-04-01,0.8,3.46
2011-04-04,0.77,3.45
2011-04-05,0.84,3.5
2011-04-06,0.85,3.56
2011-04-07,0.81,3.58
2011-04-08,0.83,3.59
2011-04-11,0.85,3.59
2011-04-12,0.77,3.52
2011-04-13,0.75,3.49
2011-04-14,0.77,3.51
2011-04-15,0.71,3.43
2011-04-18,0.69,3.4
2011-04-19,0.68,3.39
2011-04-20,0.69,3.43
2011-04-21,0.68,3.42
2011-04-25,0.67,3.39
2011-04-26,0.65,3.34
2011-04-27,0.65,3.39
2011-04-28,0.62,3.34
2011-04-29,0.61,3.32
2011-05-02,0.61,3.31
2011-05-03,0.61,3.28
2011-05-04,0.6,3.25
2011-05-05,0.58,3.18
2011-05-06,0.57,3.19
2011-05-09,0.57,3.17
2011-05-10,0.59,3.23
2011-05-11,0.56,3.19
2011-05-12,0.57,3.22
2011-05-13,0.57,3.18
2011-05-16,0.54,3.15
2011-05-17,0.55,3.12
2011-05-18,0.58,3.18
2011-05-19,0.55,3.17
2011-05-20,0.55,3.15
2011-05-23,0.55,3.13
2011-05-24,0.56,3.12
2011-05-25,0.54,3.13
2011-05-26,0.48,3.07
2011-05-27,0.48,3.07
2011-05-31,0.45,3.05
2011-06-01,0.44,2.96
2011-06-02,0.45,3.04
2011-06-03,0.42,2.99
2011-06-06,0.43,3.01
2011-06-07,0.39,3.01
2011-06-08,0.39,2.98
2011-06-09,0.43,3.01
2011-06-10,0.41,2.99
2011-06-13,0.4,3.0
2011-06-14,0.45,3.11
2011-06-15,0.38,2.98
2011-06-16,0.38,2.93
2011-06-17,0.38,2.94
2011-06-20,0.38,2.97
2011-06-21,0.4,2.99
2011-06-22,0.39,3.01
2011-06-23,0.35,2.93
2011-06-24,0.35,2.88
2011-06-27,0.41,2.95
2011-06-28,0.48,3.05
2011-06-29,0.47,3.14
2011-06-30,0.45,3.18
2011-07-01,0.5,3.22
2011-07-05,0.44,3.16
2011-07-06,0.43,3.12
2011-07-07,0.49,3.17
2011-07-08,0.4,3.03
2011-07-11,0.37,2.94
2011-07-12,0.37,2.92
2011-07-13,0.37,2.92
2011-07-14,0.38,2.98
2011-07-15,0.37,2.94
2011-07-18,0.37,2.94
2011-07-19,0.39,2.91
2011-07-20,0.4,2.96
2011-07-21,0.4,3.03
2011-07-22,0.4,2.99
2011-07-25,0.42,3.03
2011-07-26,0.41,2.99
2011-07-27,0.44,3.01
2011-07-28,0.42,2.98
2011-07-29,0.36,2.82
2011-08-01,0.38,2.77
2011-08-02,0.33,2.66
2011-08-03,0.33,2.64
2011-08-04,0.27,2.47
2011-08-05,0.28,2.58
2011-08-08,0.27,2.4
2011-08-09,0.19,2.2
2011-08-10,0.19,2.17
2011-08-11,0.19,2.34
2011-08-12,0.2,2.24
2011-08-15,0.19,2.29
2011-08-16,0.2,2.23
2011-08-17,0.19,2.17
2011-08-18,0.2,2.08
2011-08-19,0.2,2.07
2011-08-22,0.22,2.1
2011-08-23,0.22,2.15
2011-08-24,0.23,2.29
2011-08-25,0.22,2.23
2011-08-26,0.2,2.19
2011-08-29,0.2,2.28
2011-08-30,0.2,2.19
2011-08-31,0.2,2.23
2011-09-01,0.19,2.15
2011-09-02,0.2,2.02
2011-09-06,0.21,1.98
2011-09-07,0.21,2.05
2011-09-08,0.19,2.0
2011-09-09,0.17,1.93
2011-09-12,0.21,1.94
2011-09-13,0.21,2.0
2011-09-14,0.19,2.03
2011-09-15,0.21,2.09
2011-09-16,0.18,2.08
2011-09-19,0.16,1.97
2011-09-20,0.18,1.95
2011-09-21,0.21,1.88
2011-09-22,0.2,1.72
2011-09-23,0.23,1.84
2011-09-26,0.25,1.91
2011-09-27,0.25,2.0
2011-09-28,0.27,2.03
2011-09-29,0.27,1.99
2011-09-30,0.25,1.92
2011-10-03,0.24,1.8
2011-10-04,0.25,1.81
2011-10-05,0.25,1.92
2011-10-06,0.29,2.01
2011-10-07,0.3,2.1
2011-10-11,0.32,2.18
2011-10-12,0.29,2.24
2011-10-13,0.29,2.19
2011-10-14,0.28,2.26
2011-10-17,0.28,2.18
2011-10-18,0.28,2.19
2011-10-19,0.28,2.18
2011-10-20,0.28,2.2
2011-10-21,0.3,2.23
2011-10-24,0.3,2.25
2011-10-25,0.26,2.14
2011-10-26,0.28,2.23
2011-10-27,0.31,2.42
2011-10-28,0.28,2.34
2011-10-31,0.25,2.17
2011-11-01,0.23,2.01
2011-11-02,0.23,2.03
2011-11-03,0.24,2.09
2011-11-04,0.22,2.06
2011-11-07,0.25,2.04
2011-11-08,0.25,2.1
2011-11-09,0.24,2.0
2011-11-10,0.24,2.04
2011-11-14,0.24,2.04
2011-11-15,0.26,2.06
2011-11-16,0.26,2.01
2011-11-17,0.27,1.96
2011-11-18,0.29,2.01
2011-11-21,0.27,1.97
2011-11-22,0.26,1.94
2011-11-23,0.26,1.89
2011-11-25,0.28,1.97
2011-11-28,0.26,1.97
2011-11-29,0.27,2.0
2011-11-30,0.25,2.08
2011-12-01,0.27,2.11
2011-12-02,0.25,2.05
2011-12-05,0.27,2.04
2011-12-06,0.25,2.08
2011-12-07,0.24,2.02
2011-12-08,0.22,1.99
2011-12-09,0.22,2.07
2011-12-12,0.24,2.03
2011-12-13,0.24,1.96
2011-12-14,0.25,1.92
2011-12-15,0.26,1.92
2011-12-16,0.24,1.86
2011-12-19,0.24,1.82
2011-12-20,0.26,1.94
2011-12-21,0.28,1.98
2011-12-22,0.28,1.97
2011-12-23,0.28,2.03
2011-12-27,0.3,2.02
2011-12-28,0.28,1.93
2011-12-29,0.28,1.91
2011-12-30,0.25,1.89
2012-01-03,0.27,1.97
2012-01-04,0.25,2.0
2012-01-05,0.27,2.02
2012-01-06,0.25,1.98
2012-01-09,0.26,1.98
2012-01-10,0.24,2.0
2012-01-11,0.24,1.93
2012-01-12,0.22,1.94
2012-01-13,0.24,1.89
2012-01-17,0.21,1.87
2012-01-18,0.24,1.92
2012-01-19,0.26,2.01
2012-01-20,0.26,2.05
2012-01-23,0.26,2.09
2012-01-24,0.24,2.08
2012-01-25,0.22,2.01
2012-01-26,0.22,1.96
2012-01-27,0.22,1.93
2012-01-30,0.22,1.87
2012-01-31,0.22,1.83
2012-02-01,0.23,1.87
2012-02-02,0.23,1.86
2012-02-03,0.23,1.97
2012-02-06,0.24,1.93
2012-02-07,0.25,2.0
2012-02-08,0.27,2.01
2012-02-09,0.27,2.04
2012-02-10,0.27,1.96
2012-02-13,0.29,1.99
2012-02-14,0.29,1.92
2012-02-15,0.29,1.93
2012-02-16,0.29,1.99
2012-02-17,0.29,2.01
2012-02-21,0.31,2.05
2012-02-22,0.29,2.01
2012-02-23,0.31,1.99
2012-02-24,0.31,1.98
2012-02-27,0.3,1.92
2012-02-28,0.3,1.94
2012-02-29,0.3,1.98
2012-03-01,0.3,2.03
2012-03-02,0.28,1.99
2012-03-05,0.31,2.0
2012-03-06,0.3,1.96
2012-03-07,0.3,1.98
2012-03-08,0.32,2.03
2012-03-09,0.33,2.04
2012-03-12,0.33,2.04
2012-03-13,0.35,2.14
2012-03-14,0.4,2.29
2012-03-15,0.37,2.29
2012-03-16,0.37,2.31
2012-03-19,0.39,2.39
2012-03-20,0.41,2.38
2012-03-21,0.39,2.31
2012-03-22,0.37,2.29
2012-03-23,0.37,2.25
2012-03-26,0.36,2.26
2012-03-27,0.33,2.2
2012-03-28,0.34,2.21
2012-03-29,0.33,2.18
2012-03-30,0.33,2.23
2012-04-02,0.33,2.22
2012-04-03,0.36,2.3
2012-04-04,0.35,2.25
2012-04-05,0.35,2.19
2012-04-06,0.32,2.07
2012-04-09,0.32,2.06
2012-04-10,0.28,2.01
2012-04-11,0.3,2.05
2012-04-12,0.29,2.08
2012-04-13,0.27,2.02
2012-04-16,0.27,2.0
2012-04-17,0.27,2.03
2012-04-18,0.27,2.0
2012-04-19,0.27,1.98
2012-04-20,0.29,1.99
2012-04-23,0.27,1.96
2012-04-24,0.27,2.0
2012-04-25,0.26,2.01
2012-04-26,0.26,1.98
2012-04-27,0.26,1.96
2012-04-30,0.27,1.95
2012-05-01,0.27,1.98
2012-05-02,0.27,1.96
2012-05-03,0.28,1.96
2012-05-04,0.27,1.91
2012-05-07,0.27,1.92
2012-05-08,0.27,1.88
2012-05-09,0.27,1.87
2012-05-10,0.27,1.89
2012-05-11,0.27,1.84
2012-05-14,0.29,1.78
2012-05-15,0.29,1.76
2012-05-16,0.3,1.76
2012-05-17,0.32,1.7
2012-05-18,0.32,1.71
2012-05-21,0.3,1.75
2012-05-22,0.3,1.79
2012-05-23,0.28,1.73
2012-05-24,0.29,1.77
2012-05-25,0.3,1.75
2012-05-29,0.3,1.74
2012-05-30,0.27,1.63
2012-05-31,0.27,1.59
2012-06-01,0.25,1.47
2012-06-04,0.25,1.53
2012-06-05,0.25,1.57
2012-06-06,0.26,1.66
2012-06-07,0.27,1.66
2012-06-08,0.28,1.65
2012-06-11,0.27,1.6
2012-06-12,0.3,1.67
2012-06-13,0.3,1.61
2012-06-14,0.3,1.64
2012-06-15,0.29,1.6
2012-06-18,0.29,1.59
2012-06-19,0.3,1.64
2012-06-20,0.32,1.65
2012-06-21,0.32,1.63
2012-06-22,0.31,1.69
2012-06-25,0.31,1.63
2012-06-26,0.31,1.66
2012-06-27,0.31,1.65
2012-06-28,0.31,1.6
2012-06-29,0.33,1.67
2012-07-02,0.3,1.61
2012-07-03,0.3,1.65
2012-07-05,0.28,1.62
2012-07-06,0.27,1.57
2012-07-09,0.27,1.53
2012-07-10,0.27,1.53
2012-07-11,0.27,1.54
2012-07-12,0.25,1.5
2012-07-13,0.25,1.52
2012-07-16,0.24,1.5
2012-07-17,0.25,1.53
2012-07-18,0.22,1.52
2012-07-19,0.22,1.54
2012-07-20,0.22,1.49
2012-07-23,0.22,1.47
2012-07-24,0.22,1.44
2012-07-25,0.22,1.43
2012-07-26,0.23,1.45
2012-07-27,0.25,1.58
2012-07-30,0.23,1.53
2012-07-31,0.23,1.51
2012-08-01,0.24,1.56
2012-08-02,0.24,1.51
2012-08-03,0.24,1.6
2012-08-06,0.24,1.59
2012-08-07,0.27,1.66
2012-08-08,0.29,1.68
2012-08-09,0.29,1.69
2012-08-10,0.27,1.65
2012-08-13,0.27,1.65
2012-08-14,0.27,1.73
2012-08-15,0.27,1.8
2012-08-16,0.29,1.83
2012-08-17,0.29,1.81
2012-08-20,0.29,1.82
2012-08-21,0.31,1.8
2012-08-22,0.26,1.71
2012-08-23,0.26,1.68
2012-08-24,0.28,1.68
2012-08-27,0.28,1.65
2012-08-28,0.27,1.64
2012-08-29,0.27,1.66
2012-08-30,0.27,1.63
2012-08-31,0.22,1.57
2012-09-04,0.23,1.59
2012-09-05,0.25,1.6
2012-09-06,0.27,1.68
2012-09-07,0.25,1.67
2012-09-10,0.25,1.68
2012-09-11,0.25,1.7
2012-09-12,0.25,1.77
2012-09-13,0.24,1.75
2012-09-14,0.27,1.88
2012-09-17,0.25,1.85
2012-09-18,0.25,1.82
2012-09-19,0.27,1.79
2012-09-20,0.27,1.8
2012-09-21,0.27,1.77
2012-09-24,0.27,1.74
2012-09-25,0.27,1.7
2012-09-26,0.26,1.64
2012-09-27,0.25,1.66
2012-09-28,0.23,1.65
2012-10-01,0.25,1.64
2012-10-02,0.23,1.64
2012-10-03,0.23,1.64
2012-10-04,0.23,1.7
2012-10-05,0.27,1.75
2012-10-09,0.25,1.74
2012-10-10,0.27,1.72
2012-10-11,0.28,1.7
2012-10-12,0.27,1.69
2012-10-15,0.27,1.7
2012-10-16,0.27,1.75
2012-10-17,0.3,1.83
2012-10-18,0.29,1.86
2012-10-19,0.3,1.79
2012-10-22,0.32,1.83
2012-10-23,0.29,1.79
2012-10-24,0.29,1.8
2012-10-25,0.31,1.86
2012-10-26,0.3,1.78
2012-10-29,0.3,1.74
2012-10-31,0.3,1.72
2012-11-01,0.3,1.75
2012-11-02,0.28,1.75
2012-11-05,0.28,1.72
2012-11-06,0.3,1.78
2012-11-07,0.27,1.68
2012-11-08,0.27,1.62
2012-11-09,0.27,1.61
2012-11-13,0.27,1.59
2012-11-14,0.25,1.59
2012-11-15,0.24,1.58
2012-11-16,0.24,1.58
2012-11-19,0.25,1.61
2012-11-20,0.27,1.66
2012-11-21,0.27,1.69
2012-11-23,0.29,1.7
2012-11-26,0.27,1.66
2012-11-27,0.27,1.64
2012-11-28,0.27,1.63
2012-11-29,0.25,1.62
2012-11-30,0.25,1.62
2012-12-03,0.25,1.63
2012-12-04,0.25,1.62
2012-12-05,0.25,1.6
2012-12-06,0.25,1.59
2012-12-07,0.25,1.64
2012-12-10,0.24,1.63
2012-12-11,0.24,1.66
2012-12-12,0.25,1.72
2012-12-13,0.27,1.74
2012-12-14,0.24,1.72
2012-12-17,0.25,1.78
2012-12-18,0.28,1.84
2012-12-19,0.28,1.82
2012-12-20,0.28,1.81
2012-12-21,0.26,1.77
2012-12-24,0.26,1.79
2012-12-26,0.26,1.77
2012-12-27,0.26,1.74
2012-12-28,0.27,1.73
2012-12-31,0.25,1.78
2013-01-02,0.27,1.86
2013-01-03,0.27,1.92
2013-01-04,0.27,1.93
2013-01-07,0.27,1.92
2013-01-08,0.25,1.89
2013-01-09,0.24,1.88
2013-01-10,0.26,1.91
2013-01-11,0.26,1.89
2013-01-14,0.26,1.89
2013-01-15,0.26,1.86
2013-01-16,0.26,1.84
2013-01-17,0.28,1.89
2013-01-18,0.26,1.87
2013-01-22,0.26,1.86
2013-01-23,0.26,1.86
2013-01-24,0.23,1.88
2013-01-25,0.28,1.98
2013-01-28,0.29,2.0
2013-01-29,0.3,2.03
2013-01-30,0.27,2.03
2013-01-31,0.27,2.02
2013-02-01,0.27,2.04
2013-02-04,0.25,2.0
2013-02-05,0.27,2.04
2013-02-06,0.27,2.0
2013-02-07,0.25,1.99
2013-02-08,0.25,1.99
2013-02-11,0.27,1.99
2013-02-12,0.29,2.02
2013-02-13,0.29,2.05
2013-02-14,0.27,2.0
2013-02-15,0.29,2.01
2013-02-19,0.29,2.03
2013-02-20,0.27,2.02
2013-02-21,0.26,1.99
2013-02-22,0.27,1.97
2013-02-25,0.25,1.88
2013-02-26,0.25,1.88
2013-02-27,0.27,1.91
2013-02-28,0.25,1.89
2013-03-01,0.25,1.86
2013-03-04,0.24,1.88
2013-03-05,0.25,1.9
2013-03-06,0.25,1.95
2013-03-07,0.25,2.0
2013-03-08,0.27,2.06
2013-03-11,0.27,2.07
2013-03-12,0.27,2.03
2013-03-13,0.27,2.04
2013-03-14,0.27,2.04
2013-03-15,0.25,2.01
2013-03-18,0.26,1.96
2013-03-19,0.24,1.92
2013-03-20,0.26,1.96
2013-03-21,0.27,1.95
2013-03-22,0.26,1.93
2013-03-25,0.24,1.93
2013-03-26,0.25,1.92
2013-03-27,0.25,1.87
2013-03-28,0.25,1.87
2013-04-01,0.23,1.86
2013-04-02,0.25,1.88
2013-04-03,0.24,1.83
2013-04-04,0.22,1.78
2013-04-05,0.24,1.72
2013-04-08,0.24,1.76
2013-04-09,0.24,1.78
2013-04-10,0.24,1.84
2013-04-11,0.24,1.82
2013-04-12,0.22,1.75
2013-04-15,0.22,1.72
2013-04-16,0.24,1.75
2013-04-17,0.24,1.73
2013-04-18,0.24,1.72
2013-04-19,0.24,1.73
2013-04-22,0.24,1.72
2013-04-23,0.23,1.74
2013-04-24,0.23,1.73
2013-04-25,0.23,1.74
2013-04-26,0.22,1.7
2013-04-29,0.2,1.7
2013-04-30,0.22,1.7
2013-05-01,0.2,1.66
2013-05-02,0.2,1.66
2013-05-03,0.22,1.78
2013-05-06,0.22,1.8
2013-05-07,0.22,1.82
2013-05-08,0.22,1.81
2013-05-09,0.22,1.81
2013-05-10,0.26,1.9
2013-05-13,0.24,1.92
2013-05-14,0.26,1.96
2013-05-15,0.26,1.94
2013-05-16,0.23,1.87
2013-05-17,0.26,1.95
2013-05-20,0.26,1.97
2013-05-21,0.26,1.94
2013-05-22,0.26,2.03
2013-05-23,0.26,2.02
2013-05-24,0.26,2.01
2013-05-28,0.29,2.15
2013-05-29,0.3,2.13
2013-05-30,0.31,2.13
2013-05-31,0.3,2.16
2013-06-03,0.3,2.13
2013-06-04,0.32,2.14
2013-06-05,0.3,2.1
2013-06-06,0.3,2.08
2013-06-07,0.32,2.17
2013-06-10,0.32,2.22
2013-06-11,0.34,2.2
2013-06-12,0.34,2.25
2013-06-13,0.32,2.19
2013-06-14,0.29,2.14
2013-06-17,0.27,2.19
2013-06-18,0.27,2.2
2013-06-19,0.31,2.33
2013-06-20,0.33,2.41
2013-06-21,0.38,2.52
2013-06-24,0.42,2.57
2013-06-25,0.43,2.6
2013-06-26,0.39,2.55
2013-06-27,0.36,2.49
2013-06-28,0.36,2.52
2013-07-01,0.34,2.5
2013-07-02,0.34,2.48
2013-07-03,0.36,2.52
2013-07-05,0.4,2.73
2013-07-08,0.37,2.65
2013-07-09,0.37,2.65
2013-07-10,0.38,2.7
2013-07-11,0.34,2.6
2013-07-12,0.37,2.61
2013-07-15,0.34,2.57
2013-07-16,0.34,2.55
2013-07-17,0.32,2.52
2013-07-18,0.32,2.56
2013-07-19,0.32,2.5
2013-07-22,0.32,2.5
2013-07-23,0.33,2.53
2013-07-24,0.34,2.61
2013-07-25,0.32,2.61
2013-07-26,0.31,2.58
2013-07-29,0.33,2.61
2013-07-30,0.33,2.63
2013-07-31,0.31,2.6
2013-08-01,0.35,2.74
2013-08-02,0.3,2.63
2013-08-05,0.32,2.67
2013-08-06,0.32,2.67
2013-08-07,0.32,2.61
2013-08-08,0.3,2.58
2013-08-09,0.32,2.57
2013-08-12,0.32,2.61
2013-08-13,0.34,2.71
2013-08-14,0.34,2.71
2013-08-15,0.36,2.77
2013-08-16,0.36,2.84
2013-08-19,0.36,2.88
2013-08-20,0.36,2.82
2013-08-21,0.38,2.87
2013-08-22,0.42,2.9
2013-08-23,0.4,2.82
2013-08-26,0.41,2.79
2013-08-27,0.38,2.72
2013-08-28,0.4,2.78
2013-08-29,0.39,2.75
2013-08-30,0.39,2.78
2013-09-03,0.43,2.86
2013-09-04,0.46,2.9
2013-09-05,0.52,2.98
2013-09-06,0.46,2.94
2013-09-09,0.45,2.9
2013-09-10,0.5,2.96
2013-09-11,0.47,2.93
2013-09-12,0.45,2.92
2013-09-13,0.45,2.9
2013-09-16,0.41,2.88
2013-09-17,0.39,2.86
2013-09-18,0.34,2.69
2013-09-19,0.34,2.76
2013-09-20,0.34,2.75
2013-09-23,0.35,2.72
2013-09-24,0.35,2.67
2013-09-25,0.36,2.63
2013-09-26,0.34,2.66
2013-09-27,0.34,2.64
2013-09-30,0.33,2.64
2013-10-01,0.33,2.66
2013-10-02,0.31,2.63
2013-10-03,0.33,2.62
2013-10-04,0.33,2.66
2013-10-07,0.37,2.65
2013-10-08,0.4,2.66
2013-10-09,0.37,2.68
2013-10-10,0.35,2.71
2013-10-11,0.35,2.7
2013-10-15,0.37,2.75
2013-10-16,0.34,2.69
2013-10-17,0.33,2.61
2013-10-18,0.33,2.6
2013-10-21,0.33,2.63
2013-10-22,0.31,2.54
2013-10-23,0.31,2.51
2013-10-24,0.33,2.53
2013-10-25,0.32,2.53
2013-10-28,0.32,2.54
2013-10-29,0.31,2.53
2013-10-30,0.33,2.55
2013-10-31,0.31,2.57
2013-11-01,0.33,2.65
2013-11-04,0.32,2.63
2013-11-05,0.32,2.69
2013-11-06,0.3,2.67
2013-11-07,0.29,2.63
2013-11-08,0.32,2.77
2013-11-12,0.34,2.8
2013-11-13,0.32,2.75
2013-11-14,0.29,2.69
2013-11-15,0.31,2.71
2013-11-18,0.31,2.67
2013-11-19,0.29,2.71
2013-11-20,0.28,2.8
2013-11-21,0.29,2.79
2013-11-22,0.31,2.75
2013-11-25,0.3,2.74
2013-11-26,0.29,2.71
2013-11-27,0.28,2.74
2013-11-29,0.28,2.75
2013-12-02,0.3,2.81
2013-12-03,0.28,2.79
2013-12-04,0.3,2.84
2013-12-05,0.3,2.88
2013-12-06,0.3,2.88
2013-12-09,0.3,2.86
2013-12-10,0.3,2.81
2013-12-11,0.31,2.86
2013-12-12,0.34,2.89
2013-12-13,0.34,2.88
2013-12-16,0.34,2.89
2013-12-17,0.34,2.85
2013-12-18,0.32,2.89
2013-12-19,0.35,2.94
2013-12-20,0.37,2.89
2013-12-23,0.38,2.94
2013-12-24,0.38,2.99
2013-12-26,0.42,3.0
2013-12-27,0.4,3.02
2013-12-30,0.39,2.99
2013-12-31,0.38,3.04
2014-01-02,0.39,3.0
2014-01-03,0.41,3.01
2014-01-06,0.4,2.98
2014-01-07,0.4,2.96
2014-01-08,0.43,3.01
2014-01-09,0.44,2.97
2014-01-10,0.39,2.88
2014-01-13,0.39,2.84
2014-01-14,0.39,2.88
2014-01-15,0.41,2.9
2014-01-16,0.41,2.86
2014-01-17,0.4,2.84
2014-01-21,0.4,2.85
2014-01-22,0.44,2.87
2014-01-23,0.39,2.79
2014-01-24,0.37,2.75
2014-01-27,0.37,2.78
2014-01-28,0.38,2.77
2014-01-29,0.36,2.69
2014-01-30,0.36,2.72
2014-01-31,0.34,2.67
2014-02-03,0.3,2.61
2014-02-04,0.31,2.64
2014-02-05,0.32,2.7
2014-02-06,0.33,2.73
2014-02-07,0.3,2.71
2014-02-10,0.32,2.7
2014-02-11,0.35,2.75
2014-02-12,0.35,2.8
2014-02-13,0.32,2.73
2014-02-14,0.32,2.75
2014-02-18,0.31,2.71
2014-02-19,0.33,2.73
2014-02-20,0.34,2.76
2014-02-21,0.33,2.73
2014-02-24,0.35,2.75
2014-02-25,0.34,2.7
2014-02-26,0.33,2.67
2014-02-27,0.33,2.65
2014-02-28,0.33,2.66
2014-03-03,0.32,2.6
2014-03-04,0.33,2.7
2014-03-05,0.33,2.7
2014-03-06,0.37,2.74
2014-03-07,0.38,2.8
2014-03-10,0.37,2.79
2014-03-11,0.37,2.77
2014-03-12,0.37,2.73
2014-03-13,0.34,2.66
2014-03-14,0.36,2.65
2014-03-17,0.38,2.7
2014-03-18,0.36,2.68
2014-03-19,0.47,2.78
2014-03-20,0.45,2.79
2014-03-21,0.45,2.75
2014-03-24,0.47,2.74
2014-03-25,0.47,2.75
2014-03-26,0.45,2.71
2014-03-27,0.45,2.69
2014-03-28,0.45,2.73
2014-03-31,0.44,2.73
2014-04-01,0.44,2.77
2014-04-02,0.47,2.82
2014-04-03,0.46,2.8
2014-04-04,0.43,2.74
2014-04-07,0.41,2.71
2014-04-08,0.4,2.69
2014-04-09,0.37,2.71
2014-04-10,0.37,2.65
2014-04-11,0.37,2.63
2014-04-14,0.37,2.65
2014-04-15,0.39,2.64
2014-04-16,0.39,2.65
2014-04-17,0.43,2.73
2014-04-21,0.42,2.73
2014-04-22,0.45,2.73
2014-04-23,0.43,2.7
2014-04-24,0.43,2.7
2014-04-25,0.43,2.68
2014-04-28,0.44,2.7
2014-04-29,0.44,2.71
2014-04-30,0.42,2.67
2014-05-01,0.41,2.63
2014-05-02,0.42,2.6
2014-05-05,0.43,2.63
2014-05-06,0.43,2.61
2014-05-07,0.41,2.62
2014-05-08,0.4,2.61
2014-05-09,0.4,2.62
2014-05-12,0.41,2.66
2014-05-13,0.39,2.61
2014-05-14,0.39,2.54
2014-05-15,0.38,2.5
2014-05-16,0.38,2.52
2014-05-19,0.36,2.54
2014-05-20,0.35,2.52
2014-05-21,0.37,2.54
2014-05-22,0.37,2.56
2014-05-23,0.37,2.54
2014-05-27,0.39,2.52
2014-05-28,0.37,2.44
2014-05-29,0.37,2.45
2014-05-30,0.37,2.48
2014-06-02,0.39,2.54
2014-06-03,0.41,2.6
2014-06-04,0.41,2.61
2014-06-05,0.4,2.59
2014-06-06,0.41,2.6
2014-06-09,0.43,2.62
2014-06-10,0.45,2.64
2014-06-11,0.44,2.65
2014-06-12,0.42,2.58
2014-06-13,0.45,2.6
2014-06-16,0.49,2.61
2014-06-17,0.51,2.66
2014-06-18,0.48,2.61
2014-06-19,0.48,2.64
2014-06-20,0.5,2.63
2014-06-23,0.48,2.63
2014-06-24,0.49,2.59
2014-06-25,0.48,2.57
2014-06-26,0.46,2.53
2014-06-27,0.45,2.54
2014-06-30,0.47,2.53
2014-07-01,0.47,2.58
2014-07-02,0.49,2.64
2014-07-03,0.52,2.65
2014-07-07,0.52,2.63
2014-07-08,0.51,2.58
2014-07-09,0.51,2.57
2014-07-10,0.46,2.55
2014-07-11,0.48,2.53
2014-07-14,0.48,2.55
2014-07-15,0.49,2.56
2014-07-16,0.5,2.55
2014-07-17,0.47,2.47
2014-07-18,0.51,2.5
2014-07-21,0.51,2.49
2014-07-22,0.49,2.48
2014-07-23,0.5,2.48
2014-07-24,0.53,2.52
2014-07-25,0.53,2.48
2014-07-28,0.54,2.5
2014-07-29,0.54,2.47
2014-07-30,0.56,2.57
2014-07-31,0.53,2.58
2014-08-01,0.47,2.52
2014-08-04,0.47,2.51
2014-08-05,0.47,2.49
2014-08-06,0.48,2.49
2014-08-07,0.44,2.43
2014-08-08,0.45,2.44
2014-08-11,0.47,2.44
2014-08-12,0.45,2.46
2014-08-13,0.43,2.43
2014-08-14,0.42,2.4
2014-08-15,0.42,2.34
2014-08-18,0.44,2.39
2014-08-19,0.46,2.4
2014-08-20,0.49,2.43
2014-08-21,0.49,2.41
2014-08-22,0.53,2.4
2014-08-25,0.53,2.39
2014-08-26,0.52,2.39
2014-08-27,0.51,2.37
2014-08-28,0.5,2.34
2014-08-29,0.48,2.35
2014-09-02,0.53,2.42
2014-09-03,0.52,2.41
2014-09-04,0.54,2.45
2014-09-05,0.52,2.46
2014-09-08,0.54,2.48
2014-09-09,0.56,2.5
2014-09-10,0.58,2.54
2014-09-11,0.58,2.54
2014-09-12,0.58,2.62
2014-09-15,0.58,2.6
2014-09-16,0.55,2.6
2014-09-17,0.59,2.62
2014-09-18,0.59,2.63
2014-09-19,0.59,2.59
2014-09-22,0.58,2.57
2014-09-23,0.57,2.54
2014-09-24,0.59,2.57
2014-09-25,0.56,2.52
2014-09-26,0.59,2.54
2014-09-29,0.58,2.5
2014-09-30,0.58,2.52
2014-10-01,0.53,2.42
2014-10-02,0.53,2.44
2014-10-03,0.57,2.45
2014-10-06,0.54,2.43
2014-10-07,0.52,2.36
2014-10-08,0.46,2.35
2014-10-09,0.46,2.34
2014-10-10,0.45,2.31
2014-10-14,0.39,2.21
2014-10-15,0.34,2.15
2014-10-16,0.35,2.17
2014-10-17,0.39,2.22
2014-10-20,0.37,2.2
2014-10-21,0.38,2.23
2014-10-22,0.41,2.25
2014-10-23,0.41,2.29
2014-10-24,0.41,2.29
2014-10-27,0.41,2.27
2014-10-28,0.42,2.3
2014-10-29,0.48,2.34
2014-10-30,0.48,2.32
2014-10-31,0.5,2.35
2014-11-03,0.52,2.36
2014-11-04,0.52,2.35
2014-11-05,0.52,2.36
2014-11-06,0.54,2.39
2014-11-07,0.51,2.32
2014-11-10,0.55,2.38
2014-11-12,0.55,2.37
2014-11-13,0.53,2.35
2014-11-14,0.54,2.32
2014-11-17,0.54,2.34
2014-11-18,0.53,2.32
2014-11-19,0.54,2.36
2014-11-20,0.53,2.34
2014-11-21,0.53,2.31
2014-11-24,0.53,2.3
2014-11-25,0.51,2.27
2014-11-26,0.53,2.24
2014-11-28,0.47,2.18
2014-12-01,0.49,2.22
2014-12-02,0.55,2.28
2014-12-03,0.57,2.29
2014-12-04,0.55,2.25
2014-12-05,0.65,2.31
2014-12-08,0.64,2.26
2014-12-09,0.64,2.22
2014-12-10,0.59,2.18
2014-12-11,0.62,2.19
2014-12-12,0.56,2.1
2014-12-15,0.6,2.12
2014-12-16,0.58,2.07
2014-12-17,0.62,2.14
2014-12-18,0.67,2.22
2014-12-19,0.67,2.17
2014-12-22,0.71,2.17
2014-12-23,0.73,2.26
2014-12-24,0.73,2.27
2014-12-26,0.73,2.25
2014-12-29,0.72,2.22
2014-12-30,0.69,2.2
2014-12-31,0.67,2.17
2015-01-02,0.66,2.12
2015-01-05,0.68,2.04
2015-01-06,0.65,1.97
2015-01-07,0.62,1.96
2015-01-08,0.62,2.03
2015-01-09,0.59,1.98
2015-01-12,0.56,1.92
2015-01-13,0.54,1.91
2015-01-14,0.51,1.86
2015-01-15,0.44,1.77
2015-01-16,0.49,1.83
2015-01-20,0.53,1.82
2015-01-21,0.53,1.87
2015-01-22,0.53,1.9
2015-01-23,0.52,1.81
2015-01-26,0.54,1.83
2015-01-27,0.54,1.83
2015-01-28,0.5,1.73
2015-01-29,0.51,1.77
2015-01-30,0.47,1.68
2015-02-02,0.49,1.68
2015-02-03,0.52,1.79
2015-02-04,0.52,1.81
2015-02-05,0.52,1.83
2015-02-06,0.65,1.95
2015-02-09,0.65,1.96
2015-02-10,0.67,2.01
2015-02-11,0.67,2.0
2015-02-12,0.61,1.99
2015-02-13,0.66,2.02
2015-02-17,0.7,2.14
2015-02-18,0.62,2.07
2015-02-19,0.67,2.11
2015-02-20,0.67,2.13
2015-02-23,0.64,2.06
2015-02-24,0.6,1.99
2015-02-25,0.61,1.96
2015-02-26,0.66,2.03
2015-02-27,0.63,2.0
2015-03-02,0.66,2.08
2015-03-03,0.68,2.12
2015-03-04,0.66,2.12
2015-03-05,0.65,2.11
2015-03-06,0.73,2.24
2015-03-09,0.7,2.2
2015-03-10,0.7,2.14
2015-03-11,0.7,2.11
2015-03-12,0.67,2.1
2015-03-13,0.68,2.13
2015-03-16,0.66,2.1
2015-03-17,0.7,2.06
2015-03-18,0.57,1.93
2015-03-19,0.63,1.98
2015-03-20,0.6,1.93
2015-03-23,0.6,1.92
2015-03-24,0.58,1.88
2015-03-25,0.59,1.93
2015-03-26,0.61,2.01
2015-03-27,0.58,1.95
2015-03-30,0.58,1.96
2015-03-31,0.56,1.94
2015-04-01,0.55,1.87
2015-04-02,0.55,1.92
2015-04-03,0.49,1.85
2015-04-06,0.51,1.92
2015-04-07,0.52,1.89
2015-04-08,0.54,1.92
2015-04-09,0.56,1.97
2015-04-10,0.57,1.96
2015-04-13,0.54,1.94
2015-04-14,0.53,1.9
2015-04-15,0.51,1.91
2015-04-16,0.5,1.9
2015-04-17,0.51,1.87
2015-04-20,0.55,1.9
2015-04-21,0.55,1.92
2015-04-22,0.57,1.99
2015-04-23,0.55,1.96
2015-04-24,0.54,1.93
2015-04-27,0.54,1.94
2015-04-28,0.56,2.0
2015-04-29,0.56,2.06
2015-04-30,0.58,2.05
2015-05-01,0.6,2.12
2015-05-04,0.6,2.16
2015-05-05,0.62,2.19
2015-05-06,0.65,2.25
2015-05-07,0.63,2.18
2015-05-08,0.59,2.16
2015-05-11,0.62,2.28
2015-05-12,0.61,2.28
2015-05-13,0.59,2.27
2015-05-14,0.56,2.23
2015-05-15,0.55,2.14
2015-05-18,0.58,2.23
2015-05-19,0.63,2.27
2015-05-20,0.6,2.26
2015-05-21,0.6,2.19
2015-05-22,0.64,2.21
2015-05-26,0.64,2.14
2015-05-27,0.64,2.14
2015-05-28,0.62,2.13
2015-05-29,0.61,2.12
2015-06-01,0.64,2.19
2015-06-02,0.64,2.27
2015-06-03,0.69,2.38
2015-06-04,0.66,2.31
2015-06-05,0.73,2.41
2015-06-08,0.7,2.39
2015-06-09,0.72,2.42
2015-06-10,0.75,2.5
2015-06-11,0.73,2.39
2015-06-12,0.74,2.39
2015-06-15,0.72,2.36
2015-06-16,0.71,2.32
2015-06-17,0.67,2.32
2015-06-18,0.66,2.35
2015-06-19,0.65,2.26
2015-06-22,0.68,2.37
2015-06-23,0.7,2.42
2015-06-24,0.68,2.38
2015-06-25,0.68,2.4
2015-06-26,0.72,2.49
2015-06-29,0.64,2.33
2015-06-30,0.64,2.35
2015-07-01,0.69,2.43
2015-07-02,0.64,2.4
2015-07-06,0.6,2.3
2015-07-07,0.58,2.27
2015-07-08,0.55,2.22
2015-07-09,0.6,2.32
2015-07-10,0.65,2.42
2015-07-13,0.69,2.44
2015-07-14,0.66,2.41
2015-07-15,0.64,2.36
2015-07-16,0.67,2.36
2015-07-17,0.68,2.34
2015-07-20,0.71,2.38
2015-07-21,0.71,2.35
2015-07-22,0.75,2.33
2015-07-23,0.71,2.28
2015-07-24,0.7,2.27
2015-07-27,0.68,2.23
2015-07-28,0.69,2.26
2015-07-29,0.7,2.29
2015-07-30,0.72,2.28
2015-07-31,0.67,2.2
2015-08-03,0.68,2.16
2015-08-04,0.74,2.23
2015-08-05,0.73,2.28
2015-08-06,0.71,2.23
2015-08-07,0.73,2.18
2015-08-10,0.73,2.24
2015-08-11,0.68,2.15
2015-08-12,0.67,2.14
2015-08-13,0.72,2.19
2015-08-14,0.73,2.2
2015-08-17,0.72,2.16
2015-08-18,0.74,2.2
2015-08-19,0.67,2.12
2015-08-20,0.69,2.09
2015-08-21,0.64,2.05
2015-08-24,0.59,2.01
2015-08-25,0.67,2.12
2015-08-26,0.67,2.18
2015-08-27,0.68,2.18
2015-08-28,0.72,2.19
2015-08-31,0.74,2.21
2015-09-01,0.7,2.17
2015-09-02,0.72,2.2
2015-09-03,0.71,2.18
2015-09-04,0.71,2.13
2015-09-08,0.74,2.2
2015-09-09,0.75,2.21
2015-09-10,0.75,2.23
2015-09-11,0.71,2.2
2015-09-14,0.73,2.18
2015-09-15,0.82,2.28
2015-09-16,0.82,2.3
2015-09-17,0.7,2.21
2015-09-18,0.69,2.13
2015-09-21,0.72,2.2
2015-09-22,0.69,2.14
2015-09-23,0.7,2.16
2015-09-24,0.67,2.13
2015-09-25,0.7,2.17
2015-09-28,0.67,2.1
2015-09-29,0.64,2.05
2015-09-30,0.64,2.06
2015-10-01,0.64,2.05
2015-10-02,0.58,1.99
2015-10-05,0.61,2.07
2015-10-06,0.61,2.05
2015-10-07,0.65,2.08
2015-10-08,0.65,2.12
2015-10-09,0.65,2.12
2015-10-13,0.64,2.06
2015-10-14,0.57,1.99
2015-10-15,0.61,2.04
2015-10-16,0.61,2.04
2015-10-19,0.61,2.04
2015-10-20,0.66,2.08
2015-10-21,0.64,2.04
2015-10-22,0.61,2.04
2015-10-23,0.66,2.09
2015-10-26,0.66,2.07
2015-10-27,0.65,2.05
2015-10-28,0.73,2.1
2015-10-29,0.75,2.19
2015-10-30,0.75,2.16
2015-11-02,0.77,2.2
2015-11-03,0.8,2.23
2015-11-04,0.84,2.25
2015-11-05,0.85,2.26
2015-11-06,0.9,2.34
2015-11-09,0.89,2.36
2015-11-10,0.87,2.32
2015-11-12,0.89,2.32
2015-11-13,0.86,2.28
2015-11-16,0.88,2.27
2015-11-17,0.86,2.25
2015-11-18,0.9,2.27
2015-11-19,0.91,2.24
2015-11-20,0.93,2.26
2015-11-23,0.94,2.25
2015-11-24,0.93,2.24
2015-11-25,0.93,2.23
2015-11-27,0.92,2.22
2015-11-30,0.94,2.21
2015-12-01,0.91,2.15
2015-12-02,0.94,2.18
2015-12-03,0.96,2.33
2015-12-04,0.96,2.28
2015-12-07,0.94,2.23
2015-12-08,0.94,2.24
2015-12-09,0.93,2.22
2015-12-10,0.95,2.24
2015-12-11,0.88,2.13
2015-12-14,0.97,2.23
2015-12-15,0.98,2.28
2015-12-16,1.02,2.3
2015-12-17,1.0,2.24
2015-12-18,0.97,2.19
2015-12-21,0.96,2.2
2015-12-22,0.99,2.24
2015-12-23,1.01,2.27
2015-12-24,1.03,2.25
2015-12-28,1.05,2.24
2015-12-29,1.09,2.32
2015-12-30,1.08,2.31
2015-12-31,1.06,2.27
2016-01-04,1.02,2.24
2016-01-05,1.04,2.25
2016-01-06,0.99,2.18
2016-01-07,0.96,2.16
2016-01-08,0.94,2.13
2016-01-11,0.94,2.17
2016-01-12,0.93,2.12
2016-01-13,0.91,2.08
2016-01-14,0.9,2.1
2016-01-15,0.85,2.03
2016-01-19,0.88,2.06
2016-01-20,0.85,2.01
2016-01-21,0.84,2.02
2016-01-22,0.88,2.07
2016-01-25,0.88,2.03
2016-01-26,0.85,2.01
2016-01-27,0.84,2.02
2016-01-28,0.83,2.0
2016-01-29,0.76,1.94
2016-02-01,0.81,1.97
2016-02-02,0.75,1.87
2016-02-03,0.72,1.88
2016-02-04,0.7,1.87
2016-02-05,0.74,1.86
2016-02-08,0.66,1.75
2016-02-09,0.69,1.74
2016-02-10,0.71,1.71
2016-02-11,0.64,1.63
2016-02-12,0.71,1.74
2016-02-16,0.74,1.78
2016-02-17,0.74,1.81
2016-02-18,0.71,1.75
2016-02-19,0.76,1.76
2016-02-22,0.78,1.77
2016-02-23,0.76,1.74
2016-02-24,0.75,1.75
2016-02-25,0.72,1.71
2016-02-26,0.8,1.76
2016-02-29,0.78,1.74
2016-03-01,0.85,1.83
2016-03-02,0.85,1.84
2016-03-03,0.85,1.83
2016-03-04,0.88,1.88
2016-03-07,0.91,1.91
2016-03-08,0.88,1.83
2016-03-09,0.9,1.9
2016-03-10,0.93,1.93
2016-03-11,0.97,1.98
2016-03-14,0.97,1.97
2016-03-15,0.98,1.97
2016-03-16,0.87,1.94
2016-03-17,0.87,1.91
2016-03-18,0.84,1.88
2016-03-21,0.87,1.92
2016-03-22,0.91,1.94
2016-03-23,0.87,1.88
2016-03-24,0.89,1.91
2016-03-28,0.89,1.89
2016-03-29,0.78,1.81
2016-03-30,0.76,1.83
2016-03-31,0.73,1.78
2016-04-01,0.76,1.79
2016-04-04,0.75,1.78
2016-04-05,0.72,1.73
2016-04-06,0.73,1.76
2016-04-07,0.7,1.7
2016-04-08,0.7,1.72
2016-04-11,0.7,1.73
2016-04-12,0.74,1.79
2016-04-13,0.75,1.77
2016-04-14,0.77,1.8
2016-04-15,0.74,1.76
2016-04-18,0.75,1.78
2016-04-19,0.77,1.79
2016-04-20,0.8,1.85
2016-04-21,0.82,1.88
2016-04-22,0.84,1.89
2016-04-25,0.85,1.91
2016-04-26,0.86,1.94
2016-04-27,0.83,1.87
2016-04-28,0.78,1.84
2016-04-29,0.77,1.83
2016-05-02,0.8,1.88
2016-05-03,0.75,1.81
2016-05-04,0.75,1.79
2016-05-05,0.72,1.76
2016-05-06,0.74,1.79
2016-05-09,0.72,1.77
2016-05-10,0.72,1.77
2016-05-11,0.74,1.73
2016-05-12,0.76,1.75
2016-05-13,0.76,1.71
2016-05-16,0.79,1.75
2016-05-17,0.82,1.76
2016-05-18,0.9,1.87
2016-05-19,0.89,1.85
2016-05-20,0.89,1.85
2016-05-23,0.91,1.84
2016-05-24,0.92,1.86
2016-05-25,0.92,1.87
2016-05-26,0.87,1.83
2016-05-27,0.9,1.85
2016-05-31,0.87,1.84
2016-06-01,0.91,1.85
2016-06-02,0.89,1.81
2016-06-03,0.78,1.71
2016-06-06,0.8,1.73
2016-06-07,0.78,1.72
2016-06-08,0.78,1.71
2016-06-09,0.77,1.68
2016-06-10,0.73,1.64
2016-06-13,0.73,1.62
2016-06-14,0.74,1.62
2016-06-15,0.69,1.6
2016-06-16,0.7,1.57
2016-06-17,0.7,1.62
2016-06-20,0.74,1.67
2016-06-21,0.76,1.71
2016-06-22,0.75,1.69
2016-06-23,0.78,1.74
2016-06-24,0.64,1.57
2016-06-27,0.61,1.46
2016-06-28,0.61,1.46
2016-06-29,0.62,1.5
2016-06-30,0.58,1.49
2016-07-01,0.59,1.46
2016-07-05,0.56,1.37
2016-07-06,0.58,1.38
2016-07-07,0.58,1.4
2016-07-08,0.61,1.37
2016-07-11,0.66,1.43
2016-07-12,0.69,1.53
2016-07-13,0.68,1.48
2016-07-14,0.68,1.53
2016-07-15,0.71,1.6
2016-07-18,0.68,1.59
2016-07-19,0.7,1.56
2016-07-20,0.73,1.59
2016-07-21,0.7,1.57
2016-07-22,0.71,1.57
2016-07-25,0.72,1.58
2016-07-26,0.75,1.57
2016-07-27,0.73,1.52
2016-07-28,0.72,1.52
2016-07-29,0.67,1.46
2016-08-01,0.67,1.51
2016-08-02,0.67,1.55
2016-08-03,0.67,1.55
2016-08-04,0.64,1.51
2016-08-05,0.72,1.59
2016-08-08,0.74,1.59
2016-08-09,0.71,1.55
2016-08-10,0.69,1.5
2016-08-11,0.76,1.57
2016-08-12,0.71,1.51
2016-08-15,0.72,1.55
2016-08-16,0.76,1.57
2016-08-17,0.74,1.56
2016-08-18,0.71,1.53
2016-08-19,0.76,1.58
2016-08-22,0.76,1.55
2016-08-23,0.74,1.55
2016-08-24,0.76,1.56
2016-08-25,0.78,1.58
2016-08-26,0.84,1.62
2016-08-29,0.81,1.57
2016-08-30,0.8,1.57
2016-08-31,0.8,1.58
2016-09-01,0.78,1.57
2016-09-02,0.8,1.6
2016-09-06,0.74,1.55
2016-09-07,0.74,1.54
2016-09-08,0.78,1.61
2016-09-09,0.79,1.67
2016-09-12,0.79,1.68
2016-09-13,0.8,1.73
2016-09-14,0.77,1.7
2016-09-15,0.74,1.71
2016-09-16,0.77,1.7
2016-09-19,0.79,1.7
2016-09-20,0.79,1.69
2016-09-21,0.79,1.66
2016-09-22,0.79,1.63
2016-09-23,0.77,1.62
2016-09-26,0.76,1.59
2016-09-27,0.75,1.56
2016-09-28,0.75,1.57
2016-09-29,0.73,1.56
2016-09-30,0.77,1.6
2016-10-03,0.8,1.63
2016-10-04,0.82,1.69
2016-10-05,0.85,1.72
2016-10-06,0.86,1.75
2016-10-07,0.83,1.73
2016-10-11,0.87,1.77
2016-10-12,0.87,1.79
2016-10-13,0.85,1.75
2016-10-14,0.84,1.8
2016-10-17,0.81,1.77
2016-10-18,0.82,1.75
2016-10-19,0.81,1.76
2016-10-20,0.84,1.76
2016-10-21,0.84,1.74
2016-10-24,0.84,1.77
2016-10-25,0.86,1.77
2016-10-26,0.86,1.79
2016-10-27,0.87,1.85
2016-10-28,0.86,1.86
2016-10-31,0.86,1.84
2016-11-01,0.83,1.83
2016-11-02,0.81,1.81
2016-11-03,0.81,1.82
2016-11-04,0.8,1.79
2016-11-07,0.82,1.83
2016-11-08,0.87,1.88
2016-11-09,0.9,2.07
2016-11-10,0.92,2.15
2016-11-14,1.0,2.23
2016-11-15,1.02,2.23
2016-11-16,1.0,2.22
2016-11-17,1.04,2.29
2016-11-18,1.07,2.34
2016-11-21,1.08,2.33
2016-11-22,1.07,2.31
2016-11-23,1.12,2.36
2016-11-25,1.12,2.36
2016-11-28,1.11,2.32
2016-11-29,1.09,2.3
2016-11-30,1.11,2.37
2016-12-01,1.14,2.45
2016-12-02,1.11,2.4
2016-12-05,1.13,2.39
2016-12-06,1.12,2.39
2016-12-07,1.1,2.34
2016-12-08,1.12,2.4
2016-12-09,1.15,2.47
2016-12-12,1.15,2.49
2016-12-13,1.17,2.48
2016-12-14,1.27,2.54
2016-12-15,1.29,2.6
2016-12-16,1.28,2.6
2016-12-19,1.24,2.54
2016-12-20,1.25,2.57
2016-12-21,1.21,2.55
2016-12-22,1.22,2.55
2016-12-23,1.22,2.55
2016-12-27,1.28,2.57
2016-12-28,1.26,2.51
2016-12-29,1.22,2.49
2016-12-30,1.2,2.45
2017-01-03,1.22,2.45
2017-01-04,1.24,2.46
2017-01-05,1.17,2.37
2017-01-06,1.22,2.42
2017-01-09,1.21,2.38
2017-01-10,1.19,2.38
2017-01-11,1.2,2.38
2017-01-12,1.18,2.36
2017-01-13,1.21,2.4
2017-01-17,1.17,2.33
2017-01-18,1.23,2.42
2017-01-19,1.25,2.47
2017-01-20,1.2,2.48
2017-01-23,1.16,2.41
2017-01-24,1.21,2.47
2017-01-25,1.23,2.53
2017-01-26,1.21,2.51
2017-01-27,1.22,2.49
2017-01-30,1.22,2.49
2017-01-31,1.19,2.45
2017-02-01,1.22,2.48
2017-02-02,1.21,2.48
2017-02-03,1.21,2.49
2017-02-06,1.16,2.42
2017-02-07,1.16,2.4
2017-02-08,1.15,2.34
2017-02-09,1.2,2.4
2017-02-10,1.2,2.41
2017-02-13,1.2,2.43
2017-02-14,1.25,2.47
2017-02-15,1.27,2.51
2017-02-16,1.22,2.45
2017-02-17,1.21,2.42
2017-02-21,1.22,2.43
2017-02-22,1.22,2.42
2017-02-23,1.18,2.38
2017-02-24,1.12,2.31
2017-02-27,1.2,2.36
2017-02-28,1.22,2.36
2017-03-01,1.29,2.46
2017-03-02,1.32,2.49
2017-03-03,1.32,2.49
2017-03-06,1.31,2.49
2017-03-07,1.32,2.52
2017-03-08,1.36,2.57
2017-03-09,1.37,2.6
2017-03-10,1.36,2.58
2017-03-13,1.4,2.62
2017-03-14,1.4,2.6
2017-03-15,1.33,2.51
2017-03-16,1.35,2.53
2017-03-17,1.33,2.5
2017-03-20,1.3,2.47
2017-03-21,1.27,2.43
2017-03-22,1.27,2.4
2017-03-23,1.26,2.41
2017-03-24,1.26,2.4
2017-03-27,1.27,2.38
2017-03-28,1.3,2.42
2017-03-29,1.26,2.39
2017-03-30,1.28,2.42
2017-03-31,1.27,2.4
2017-04-03,1.24,2.35
2017-04-04,1.25,2.36
2017-04-05,1.24,2.34
2017-04-06,1.24,2.34
2017-04-07,1.29,2.38
2017-04-10,1.29,2.37
2017-04-11,1.24,2.32
2017-04-12,1.24,2.28
2017-04-13,1.21,2.24
2017-04-17,1.21,2.26
2017-04-18,1.18,2.18
2017-04-19,1.19,2.21
2017-04-20,1.21,2.24
2017-04-21,1.2,2.24
2017-04-24,1.25,2.28
2017-04-25,1.29,2.35
2017-04-26,1.28,2.32
2017-04-27,1.25,2.3
2017-04-28,1.28,2.29
2017-05-01,1.28,2.33
2017-05-02,1.27,2.29
2017-05-03,1.3,2.33
2017-05-04,1.32,2.36
2017-05-05,1.32,2.36
2017-05-08,1.33,2.39
2017-05-09,1.37,2.42
2017-05-10,1.35,2.41
2017-05-11,1.35,2.39
2017-05-12,1.29,2.33
2017-05-15,1.31,2.34
2017-05-16,1.29,2.33
2017-05-17,1.26,2.22
2017-05-18,1.27,2.23
2017-05-19,1.28,2.23
2017-05-22,1.29,2.25
2017-05-23,1.31,2.29
2017-05-24,1.29,2.26
2017-05-25,1.3,2.25
2017-05-26,1.3,2.25
2017-05-30,1.28,2.21
2017-05-31,1.28,2.21
2017-06-01,1.28,2.21
2017-06-02,1.28,2.15
2017-06-05,1.32,2.18
2017-06-06,1.3,2.14
2017-06-07,1.32,2.18
2017-06-08,1.33,2.19
2017-06-09,1.35,2.21
2017-06-12,1.35,2.21
2017-06-13,1.38,2.21
2017-06-14,1.35,2.15
2017-06-15,1.35,2.16
2017-06-16,1.32,2.16
2017-06-19,1.36,2.19
2017-06-20,1.36,2.16
2017-06-21,1.36,2.16
2017-06-22,1.34,2.15
2017-06-23,1.34,2.15
2017-06-26,1.36,2.14
2017-06-27,1.38,2.21
2017-06-28,1.34,2.22
2017-06-29,1.38,2.27
2017-06-30,1.38,2.31
2017-07-03,1.41,2.35
2017-07-05,1.41,2.33
2017-07-06,1.4,2.37
2017-07-07,1.4,2.39
2017-07-10,1.4,2.38
2017-07-11,1.37,2.37
2017-07-12,1.35,2.33
2017-07-13,1.37,2.35
2017-07-14,1.35,2.33
2017-07-17,1.36,2.31
2017-07-18,1.36,2.27
2017-07-19,1.37,2.27
2017-07-20,1.37,2.27
2017-07-21,1.36,2.24
2017-07-24,1.37,2.26
2017-07-25,1.4,2.33
2017-07-26,1.36,2.29
2017-07-27,1.36,2.32
2017-07-28,1.34,2.3
2017-07-31,1.34,2.3
2017-08-01,1.34,2.26
2017-08-02,1.36,2.27
2017-08-03,1.34,2.24
2017-08-04,1.36,2.27
2017-08-07,1.36,2.26
2017-08-08,1.36,2.29
2017-08-09,1.33,2.24
2017-08-10,1.33,2.2
2017-08-11,1.3,2.19
2017-08-14,1.33,2.22
2017-08-15,1.35,2.27
2017-08-16,1.33,2.23
2017-08-17,1.32,2.19
2017-08-18,1.33,2.19
2017-08-21,1.32,2.18
2017-08-22,1.33,2.22
2017-08-23,1.32,2.17
2017-08-24,1.33,2.19
2017-08-25,1.35,2.17
2017-08-28,1.33,2.16
2017-08-29,1.33,2.13
2017-08-30,1.33,2.15
2017-08-31,1.33,2.12
2017-09-01,1.35,2.16
2017-09-05,1.3,2.07
2017-09-06,1.3,2.1
2017-09-07,1.27,2.05
2017-09-08,1.27,2.06
2017-09-11,1.32,2.14
2017-09-12,1.33,2.17
2017-09-13,1.35,2.2
2017-09-14,1.37,2.2
2017-09-15,1.39,2.2
2017-09-18,1.4,2.23
2017-09-19,1.4,2.24
2017-09-20,1.45,2.28
2017-09-21,1.45,2.27
2017-09-22,1.46,2.26
2017-09-25,1.44,2.22
2017-09-26,1.45,2.24
2017-09-27,1.47,2.31
2017-09-28,1.45,2.31
2017-09-29,1.47,2.33
2017-10-02,1.49,2.34
2017-10-03,1.47,2.33
2017-10-04,1.47,2.33
2017-10-05,1.49,2.35
2017-10-06,1.54,2.37
2017-10-10,1.51,2.35
2017-10-11,1.51,2.35
2017-10-12,1.51,2.33
2017-10-13,1.51,2.28
2017-10-16,1.54,2.3
2017-10-17,1.54,2.3
2017-10-18,1.59,2.34
2017-10-19,1.58,2.33
2017-10-20,1.6,2.39
2017-10-23,1.58,2.38
2017-10-24,1.6,2.42
2017-10-25,1.61,2.44
2017-10-26,1.63,2.46
2017-10-27,1.59,2.42
2017-10-30,1.58,2.37
2017-10-31,1.6,2.38
2017-11-01,1.61,2.37
2017-11-02,1.61,2.35
2017-11-03,1.63,2.34
2017-11-06,1.61,2.32
2017-11-07,1.63,2.32
2017-11-08,1.65,2.32
2017-11-09,1.63,2.33
2017-11-10,1.67,2.4
2017-11-13,1.7,2.4
2017-11-14,1.68,2.38
2017-11-15,1.68,2.33
2017-11-16,1.72,2.37
2017-11-17,1.73,2.35
2017-11-20,1.77,2.37
2017-11-21,1.77,2.36
2017-11-22,1.74,2.32
2017-11-24,1.75,2.34
2017-11-27,1.74,2.32
2017-11-28,1.75,2.34
2017-11-29,1.78,2.37
2017-11-30,1.78,2.42
2017-12-01,1.78,2.37
2017-12-04,1.8,2.37
2017-12-05,1.83,2.36
2017-12-06,1.78,2.33
2017-12-07,1.8,2.37
2017-12-08,1.8,2.38
2017-12-11,1.82,2.39
2017-12-12,1.83,2.4
2017-12-13,1.79,2.36
2017-12-14,1.82,2.35
2017-12-15,1.84,2.35
2017-12-18,1.84,2.39
2017-12-19,1.87,2.46
2017-12-20,1.87,2.49
2017-12-21,1.89,2.48
2017-12-22,1.91,2.48
2017-12-26,1.92,2.47
2017-12-27,1.89,2.42
2017-12-28,1.91,2.43
2017-12-29,1.89,2.4
2018-01-02,1.92,2.46
2018-01-03,1.94,2.44
2018-01-04,1.96,2.46
2018-01-05,1.96,2.47
2018-01-08,1.96,2.49
2018-01-09,1.98,2.55
2018-01-10,1.98,2.55
2018-01-11,1.98,2.54
2018-01-12,1.99,2.55
2018-01-16,2.03,2.54
2018-01-17,2.05,2.57
2018-01-18,2.05,2.62
2018-01-19,2.06,2.64
2018-01-22,2.08,2.66
2018-01-23,2.06,2.63
2018-01-24,2.08,2.65
2018-01-25,2.08,2.63
2018-01-26,2.13,2.66
2018-01-29,2.11,2.7
2018-01-30,2.13,2.73
2018-01-31,2.14,2.72
2018-02-01,2.16,2.78
2018-02-02,2.15,2.84
2018-02-05,2.08,2.77
2018-02-06,2.1,2.79
2018-02-07,2.15,2.84
2018-02-08,2.13,2.85
2018-02-09,2.05,2.83
2018-02-12,2.09,2.86
2018-02-13,2.1,2.83
2018-02-14,2.17,2.91
2018-02-15,2.19,2.9
2018-02-16,2.21,2.87
2018-02-20,2.25,2.88
2018-02-21,2.26,2.94
2018-02-22,2.25,2.92
2018-02-23,2.25,2.88
2018-02-26,2.22,2.86
2018-02-27,2.27,2.9
2018-02-28,2.25,2.87
2018-03-01,2.22,2.81
2018-03-02,2.25,2.86
2018-03-05,2.24,2.88
2018-03-06,2.25,2.88
2018-03-07,2.25,2.89
2018-03-08,2.25,2.86
2018-03-09,2.27,2.9
2018-03-12,2.27,2.87
2018-03-13,2.26,2.84
2018-03-14,2.26,2.81
2018-03-15,2.29,2.82
2018-03-16,2.31,2.85
2018-03-19,2.31,2.85
2018-03-20,2.34,2.89
2018-03-21,2.31,2.89
2018-03-22,2.29,2.83
2018-03-23,2.28,2.82
2018-03-26,2.33,2.85
2018-03-27,2.26,2.78
2018-03-28,2.28,2.77
2018-03-29,2.27,2.74
2018-04-02,2.25,2.73
2018-04-03,2.28,2.79
2018-04-04,2.28,2.79
2018-04-05,2.3,2.83
2018-04-06,2.27,2.77
2018-04-09,2.29,2.78
2018-04-10,2.32,2.8
2018-04-11,2.32,2.79
2018-04-12,2.34,2.83
2018-04-13,2.37,2.82
2018-04-16,2.39,2.83
2018-04-17,2.41,2.82
2018-04-18,2.42,2.87
2018-04-19,2.44,2.92
2018-04-20,2.46,2.96
2018-04-23,2.49,2.98
2018-04-24,2.48,3.0
2018-04-25,2.49,3.03
2018-04-26,2.49,3.0
2018-04-27,2.49,2.96
2018-04-30,2.49,2.95
2018-05-01,2.5,2.97
2018-05-02,2.49,2.97
2018-05-03,2.49,2.94
2018-05-04,2.51,2.95
2018-05-07,2.49,2.95
2018-05-08,2.51,2.97
2018-05-09,2.54,3.0
2018-05-10,2.54,2.97
2018-05-11,2.54,2.97
2018-05-14,2.55,3.0
2018-05-15,2.58,3.08
2018-05-16,2.58,3.09
2018-05-17,2.57,3.11
2018-05-18,2.55,3.06
2018-05-21,2.58,3.06
2018-05-22,2.59,3.06
2018-05-23,2.53,3.01
2018-05-24,2.5,2.98
2018-05-25,2.48,2.93
2018-05-29,2.32,2.77
2018-05-30,2.42,2.84
2018-05-31,2.4,2.83
2018-06-01,2.47,2.89
2018-06-04,2.52,2.94
2018-06-05,2.49,2.92
2018-06-06,2.52,2.97
2018-06-07,2.5,2.93
2018-06-08,2.5,2.93
2018-06-11,2.52,2.96
2018-06-12,2.54,2.96
2018-06-13,2.59,2.98
2018-06-14,2.59,2.94
2018-06-15,2.55,2.93
2018-06-18,2.56,2.92
2018-06-19,2.54,2.89
2018-06-20,2.56,2.93
2018-06-21,2.56,2.9
2018-06-22,2.56,2.9
2018-06-25,2.54,2.87
2018-06-26,2.53,2.88
2018-06-27,2.52,2.83
2018-06-28,2.52,2.84
2018-06-29,2.52,2.85
2018-07-02,2.57,2.87
2018-07-03,2.53,2.83
2018-07-05,2.55,2.84
2018-07-06,2.53,2.82
2018-07-09,2.57,2.86
2018-07-10,2.59,2.87
2018-07-11,2.58,2.85
2018-07-12,2.6,2.85
2018-07-13,2.59,2.83
2018-07-16,2.59,2.85
2018-07-17,2.62,2.86
2018-07-18,2.6,2.88
2018-07-19,2.6,2.84
2018-07-20,2.6,2.89
2018-07-23,2.64,2.96
2018-07-24,2.63,2.95
2018-07-25,2.66,2.94
2018-07-26,2.69,2.98
2018-07-27,2.67,2.96
2018-07-30,2.66,2.98
2018-07-31,2.67,2.96
2018-08-01,2.67,3.0
2018-08-02,2.66,2.98
2018-08-03,2.63,2.95
2018-08-06,2.64,2.94
2018-08-07,2.68,2.98
2018-08-08,2.68,2.96
2018-08-09,2.64,2.93
2018-08-10,2.61,2.87
2018-08-13,2.61,2.88
2018-08-14,2.63,2.89
2018-08-15,2.61,2.86
2018-08-16,2.63,2.87
2018-08-17,2.61,2.87
2018-08-20,2.6,2.82
2018-08-21,2.61,2.85
2018-08-22,2.6,2.82
2018-08-23,2.61,2.82
2018-08-24,2.63,2.82
2018-08-27,2.67,2.85
2018-08-28,2.67,2.88
2018-08-29,2.67,2.89
2018-08-30,2.64,2.86
2018-08-31,2.62,2.86
2018-09-04,2.66,2.9
2018-09-05,2.66,2.9
2018-09-06,2.64,2.88
2018-09-07,2.71,2.94
2018-09-10,2.73,2.94
2018-09-11,2.76,2.98
2018-09-12,2.74,2.97
2018-09-13,2.76,2.97
2018-09-14,2.78,2.99
2018-09-17,2.78,2.99
2018-09-18,2.81,3.05
2018-09-19,2.81,3.08
2018-09-20,2.81,3.07
2018-09-21,2.81,3.07
2018-09-24,2.83,3.08
2018-09-25,2.83,3.1
2018-09-26,2.83,3.06
2018-09-27,2.83,3.06
2018-09-28,2.81,3.05
2018-10-01,2.82,3.09
2018-10-02,2.82,3.05
2018-10-03,2.85,3.15
2018-10-04,2.87,3.19
2018-10-05,2.88,3.23
2018-10-09,2.88,3.21
2018-10-10,2.88,3.22
2018-10-11,2.85,3.14
2018-10-12,2.85,3.15
2018-10-15,2.85,3.16
2018-10-16,2.87,3.16
2018-10-17,2.89,3.19
2018-10-18,2.87,3.17
2018-10-19,2.92,3.2
2018-10-22,2.92,3.2
2018-10-23,2.89,3.17
2018-10-24,2.84,3.1
2018-10-25,2.86,3.14
2018-10-26,2.81,3.08
2018-10-29,2.81,3.08
2018-10-30,2.84,3.12
2018-10-31,2.87,3.15
2018-11-01,2.84,3.14
2018-11-02,2.91,3.22
2018-11-05,2.91,3.2
2018-11-06,2.93,3.22
2018-11-07,2.96,3.22
2018-11-08,2.98,3.24
2018-11-09,2.94,3.19
2018-11-13,2.89,3.14
2018-11-14,2.86,3.12
2018-11-15,2.86,3.11
2018-11-16,2.81,3.08
2018-11-19,2.79,3.06
2018-11-20,2.79,3.06
2018-11-21,2.81,3.06
2018-11-23,2.81,3.05
2018-11-26,2.84,3.07
2018-11-27,2.83,3.06
2018-11-28,2.81,3.06
2018-11-29,2.81,3.03
2018-11-30,2.8,3.01
2018-12-03,2.83,2.98
2018-12-04,2.8,2.91
2018-12-06,2.75,2.87
2018-12-07,2.72,2.85
2018-12-10,2.72,2.85
2018-12-11,2.78,2.89
2018-12-12,2.77,2.91
2018-12-13,2.75,2.91
2018-12-14,2.73,2.89
2018-12-17,2.7,2.86
2018-12-18,2.65,2.82
2018-12-19,2.63,2.77
2018-12-20,2.67,2.79
2018-12-21,2.63,2.79
2018-12-24,2.55,2.74
2018-12-26,2.61,2.81
2018-12-27,2.56,2.77
2018-12-28,2.52,2.72
2018-12-31,2.48,2.69
2019-01-02,2.5,2.66
2019-01-03,2.39,2.56
2019-01-04,2.5,2.67
2019-01-07,2.53,2.7
2019-01-08,2.58,2.73
2019-01-09,2.56,2.74
2019-01-10,2.56,2.74
2019-01-11,2.55,2.71
2019-01-14,2.53,2.71
2019-01-15,2.53,2.72
2019-01-16,2.55,2.73
2019-01-17,2.56,2.75
2019-01-18,2.62,2.79
2019-01-22,2.58,2.74
2019-01-23,2.58,2.76
2019-01-24,2.56,2.72
2019-01-25,2.6,2.76
2019-01-28,2.6,2.75
2019-01-29,2.56,2.72
2019-01-30,2.52,2.7
2019-01-31,2.45,2.63
2019-02-01,2.52,2.7
2019-02-04,2.53,2.73
2019-02-05,2.53,2.71
2019-02-06,2.52,2.7
2019-02-07,2.48,2.65
2019-02-08,2.45,2.63
2019-02-11,2.48,2.65
2019-02-12,2.5,2.68
2019-02-13,2.53,2.71
2019-02-14,2.5,2.66
2019-02-15,2.52,2.66
2019-02-19,2.5,2.65
2019-02-20,2.5,2.65
2019-02-21,2.53,2.69
2019-02-22,2.48,2.65
2019-02-25,2.51,2.67
2019-02-26,2.48,2.64
2019-02-27,2.5,2.69
2019-02-28,2.52,2.73
2019-03-01,2.55,2.76
2019-03-04,2.55,2.72
2019-03-05,2.55,2.72
2019-03-06,2.52,2.69
2019-03-07,2.47,2.64
2019-03-08,2.45,2.62
2019-03-11,2.47,2.64
2019-03-12,2.45,2.61
2019-03-13,2.45,2.61
2019-03-14,2.46,2.63
2019-03-15,2.43,2.59
2019-03-18,2.45,2.6
2019-03-19,2.46,2.61
2019-03-20,2.4,2.54
2019-03-21,2.41,2.54
2019-03-22,2.31,2.44
2019-03-25,2.26,2.43
2019-03-26,2.24,2.41
2019-03-27,2.22,2.39
2019-03-28,2.23,2.39
2019-03-29,2.27,2.41
2019-04-01,2.33,2.49
2019-04-02,2.3,2.48
2019-04-03,2.33,2.52
2019-04-04,2.33,2.51
2019-04-05,2.35,2.5
2019-04-08,2.36,2.52
2019-04-09,2.35,2.51
2019-04-10,2.31,2.48
2019-04-11,2.35,2.51
2019-04-12,2.4,2.56
2019-04-15,2.4,2.55
2019-04-16,2.41,2.6
2019-04-17,2.4,2.59
2019-04-18,2.38,2.57
2019-04-22,2.38,2.59
2019-04-23,2.36,2.57
2019-04-24,2.32,2.53
2019-04-25,2.33,2.54
2019-04-26,2.28,2.51
2019-04-29,2.3,2.54
2019-04-30,2.27,2.51
2019-05-01,2.31,2.52
2019-05-02,2.35,2.55
2019-05-03,2.33,2.54
2019-05-06,2.31,2.51
2019-05-07,2.28,2.45
2019-05-08,2.3,2.49
2019-05-09,2.26,2.45
2019-05-10,2.26,2.47
2019-05-13,2.18,2.4
2019-05-14,2.2,2.42
2019-05-15,2.16,2.37
2019-05-16,2.2,2.4
2019-05-17,2.2,2.39
2019-05-20,2.21,2.41
2019-05-21,2.26,2.43
2019-05-22,2.23,2.39
2019-05-23,2.12,2.31
2019-05-24,2.16,2.32
2019-05-28,2.12,2.26
2019-05-29,2.09,2.25
2019-05-30,2.06,2.22
2019-05-31,1.95,2.14
2019-06-03,1.82,2.07
2019-06-04,1.88,2.12
2019-06-05,1.83,2.12
2019-06-06,1.88,2.12
2019-06-07,1.85,2.09
2019-06-10,1.9,2.15
2019-06-11,1.93,2.15
2019-06-12,1.88,2.13
2019-06-13,1.83,2.1
2019-06-14,1.84,2.09
2019-06-17,1.86,2.09
2019-06-18,1.86,2.06
2019-06-19,1.74,2.03
2019-06-20,1.72,2.01
2019-06-21,1.77,2.07
2019-06-24,1.72,2.02
2019-06-25,1.71,2.0
2019-06-26,1.77,2.05
2019-06-27,1.74,2.01
2019-06-28,1.75,2.0
2019-07-01,1.78,2.03
2019-07-02,1.77,1.98
2019-07-03,1.77,1.96
2019-07-05,1.87,2.04
2019-07-08,1.88,2.05
2019-07-09,1.92,2.07
2019-07-10,1.82,2.07
2019-07-11,1.85,2.13
2019-07-12,1.84,2.12
2019-07-15,1.83,2.09
2019-07-16,1.87,2.13
2019-07-17,1.83,2.06
2019-07-18,1.77,2.04
2019-07-19,1.8,2.05
2019-07-22,1.8,2.05
2019-07-23,1.83,2.08
2019-07-24,1.83,2.05
2019-07-25,1.86,2.08
2019-07-26,1.86,2.08
2019-07-29,1.85,2.06
2019-07-30,1.85,2.06
2019-07-31,1.89,2.02
2019-08-01,1.73,1.9
2019-08-02,1.72,1.86
2019-08-05,1.59,1.75
2019-08-06,1.6,1.73
2019-08-07,1.59,1.71
2019-08-08,1.62,1.72
2019-08-09,1.63,1.74
2019-08-12,1.58,1.65
2019-08-13,1.66,1.68
2019-08-14,1.58,1.59
2019-08-15,1.48,1.52
2019-08-16,1.48,1.55
2019-08-19,1.53,1.6
2019-08-20,1.5,1.55
2019-08-21,1.56,1.59
2019-08-22,1.61,1.62
2019-08-23,1.51,1.52
2019-08-26,1.54,1.54
2019-08-27,1.53,1.49
2019-08-28,1.5,1.47
2019-08-29,1.53,1.5
2019-08-30,1.5,1.5
2019-09-03,1.47,1.47
2019-09-04,1.43,1.47
2019-09-05,1.55,1.57
2019-09-06,1.53,1.55
2019-09-09,1.58,1.63
2019-09-10,1.67,1.72
2019-09-11,1.68,1.75
2019-09-12,1.72,1.79
2019-09-13,1.79,1.9
2019-09-16,1.74,1.84
2019-09-17,1.72,1.81
2019-09-18,1.77,1.8
2019-09-19,1.74,1.79
2019-09-20,1.69,1.74
2019-09-23,1.68,1.72
2019-09-24,1.6,1.64
2019-09-25,1.68,1.73
2019-09-26,1.66,1.7
2019-09-27,1.63,1.69
2019-09-30,1.63,1.68
2019-10-01,1.56,1.65
2019-10-02,1.48,1.6
2019-10-03,1.39,1.54
2019-10-04,1.4,1.52
2019-10-07,1.46,1.56
2019-10-08,1.42,1.54
2019-10-09,1.47,1.59
2019-10-10,1.53,1.67
2019-10-11,1.63,1.76
2019-10-15,1.61,1.77
2019-10-16,1.58,1.75
2019-10-17,1.6,1.76
2019-10-18,1.58,1.76
2019-10-21,1.62,1.8
2019-10-22,1.6,1.78
2019-10-23,1.58,1.77
2019-10-24,1.58,1.77
2019-10-25,1.63,1.8
2019-10-28,1.64,1.85
2019-10-29,1.64,1.84
2019-10-30,1.61,1.78
2019-10-31,1.52,1.69
2019-11-01,1.56,1.73
2019-11-04,1.6,1.79
2019-11-05,1.63,1.86
2019-11-06,1.61,1.81
2019-11-07,1.68,1.92
2019-11-08,1.68,1.94
2019-11-12,1.66,1.92
2019-11-13,1.63,1.88
2019-11-14,1.58,1.82
2019-11-15,1.61,1.84
2019-11-18,1.6,1.81
2019-11-19,1.6,1.79
2019-11-20,1.56,1.73
2019-11-21,1.6,1.77
2019-11-22,1.61,1.77
2019-11-25,1.61,1.76
2019-11-26,1.58,1.74
2019-11-27,1.63,1.77
2019-11-29,1.61,1.78
2019-12-02,1.61,1.83
2019-12-03,1.53,1.72
2019-12-04,1.58,1.77
2019-12-05,1.58,1.8
2019-12-06,1.61,1.84
2019-12-09,1.63,1.83
2019-12-10,1.65,1.85
2019-12-11,1.61,1.79
2019-12-12,1.66,1.9
2019-12-13,1.61,1.82
2019-12-16,1.65,1.89
2019-12-17,1.63,1.89
2019-12-18,1.63,1.92
2019-12-19,1.62,1.92
2019-12-20,1.63,1.92
2019-12-23,1.64,1.93
2019-12-24,1.62,1.9
2019-12-26,1.64,1.9
2019-12-27,1.59,1.88
2019-12-30,1.58,1.9
2019-12-31,1.58,1.92
2020-01-02,1.58,1.88
2020-01-03,1.53,1.8
2020-01-06,1.54,1.81
2020-01-07,1.54,1.83
2020-01-08,1.58,1.87
2020-01-09,1.58,1.85
2020-01-10,1.56,1.83
2020-01-13,1.58,1.85
2020-01-14,1.58,1.82
2020-01-15,1.56,1.79
2020-01-16,1.58,1.81
2020-01-17,1.58,1.84
2020-01-21,1.53,1.78
2020-01-22,1.53,1.77
2020-01-23,1.51,1.74
2020-01-24,1.49,1.7
2020-01-27,1.44,1.61
2020-01-28,1.45,1.65
2020-01-29,1.42,1.6
2020-01-30,1.41,1.57
2020-01-31,1.33,1.51
2020-02-03,1.36,1.54
2020-02-04,1.41,1.61
2020-02-05,1.44,1.66
2020-02-06,1.44,1.65
2020-02-07,1.41,1.59
2020-02-10,1.37,1.56
2020-02-11,1.41,1.59
2020-02-12,1.44,1.62
2020-02-13,1.44,1.61
2020-02-14,1.42,1.59
2020-02-18,1.41,1.55
2020-02-19,1.42,1.56
2020-02-20,1.39,1.52
2020-02-21,1.34,1.46
2020-02-24,1.26,1.38
2020-02-25,1.2,1.33
2020-02-26,1.16,1.33
2020-02-27,1.11,1.3
2020-02-28,0.86,1.13
2020-03-02,0.84,1.1
2020-03-03,0.71,1.02
2020-03-04,0.67,1.02
2020-03-05,0.59,0.92
2020-03-06,0.49,0.74
2020-03-09,0.38,0.54
2020-03-10,0.5,0.76
2020-03-11,0.5,0.82
2020-03-12,0.5,0.88
2020-03-13,0.49,0.94
2020-03-16,0.36,0.73
2020-03-17,0.47,1.02
2020-03-18,0.54,1.18
2020-03-19,0.44,1.12
2020-03-20,0.37,0.92
2020-03-23,0.28,0.76
2020-03-24,0.38,0.84
2020-03-25,0.34,0.88
2020-03-26,0.3,0.83
2020-03-27,0.25,0.72
2020-03-30,0.23,0.7
2020-03-31,0.23,0.7
2020-04-01,0.23,0.62
2020-04-02,0.23,0.63
2020-04-03,0.23,0.62
2020-04-06,0.27,0.67
2020-04-07,0.28,0.75
2020-04-08,0.27,0.77
2020-04-09,0.23,0.73
2020-04-13,0.25,0.76
2020-04-14,0.23,0.76
2020-04-15,0.2,0.63
2020-04-16,0.2,0.61
2020-04-17,0.2,0.65
2020-04-20,0.2,0.63
2020-04-21,0.2,0.58
2020-04-22,0.22,0.63
2020-04-23,0.22,0.61
2020-04-24,0.22,0.6
2020-04-27,0.24,0.67
2020-04-28,0.2,0.62
2020-04-29,0.2,0.63
2020-04-30,0.2,0.64
2020-05-01,0.2,0.64
2020-05-04,0.19,0.64
2020-05-05,0.19,0.66
2020-05-06,0.17,0.72
2020-05-07,0.13,0.63
2020-05-08,0.16,0.69
2020-05-11,0.17,0.73
2020-05-12,0.17,0.69
2020-05-13,0.16,0.64
2020-05-14,0.16,0.63
2020-05-15,0.16,0.64
2020-05-18,0.18,0.73
2020-05-19,0.17,0.7
2020-05-20,0.16,0.68
2020-05-21,0.17,0.68
2020-05-22,0.17,0.66
2020-05-26,0.18,0.69
2020-05-27,0.19,0.68
2020-05-28,0.17,0.7
2020-05-29,0.16,0.65
2020-06-01,0.14,0.66
2020-06-02,0.17,0.68
2020-06-03,0.19,0.77
2020-06-04,0.19,0.82
2020-06-05,0.22,0.91
2020-06-08,0.22,0.88
2020-06-09,0.2,0.84
2020-06-10,0.17,0.75
2020-06-11,0.19,0.66
2020-06-12,0.19,0.71
2020-06-15,0.19,0.71
2020-06-16,0.21,0.75
2020-06-17,0.19,0.74
2020-06-18,0.19,0.71
2020-06-19,0.19,0.7
2020-06-22,0.19,0.71
2020-06-23,0.18,0.72
2020-06-24,0.19,0.69
2020-06-25,0.17,0.68
2020-06-26,0.17,0.64
2020-06-29,0.16,0.64
2020-06-30,0.16,0.66
2020-07-01,0.17,0.69
2020-07-02,0.16,0.68
2020-07-06,0.16,0.69
2020-07-07,0.16,0.65
2020-07-08,0.16,0.67
2020-07-09,0.16,0.62
2020-07-10,0.16,0.65
2020-07-13,0.16,0.64
2020-07-14,0.14,0.63
2020-07-15,0.16,0.64
2020-07-16,0.16,0.62
2020-07-17,0.14,0.64
2020-07-20,0.16,0.62
2020-07-21,0.14,0.61
2020-07-22,0.14,0.6
2020-07-23,0.16,0.59
2020-07-24,0.14,0.59
2020-07-27,0.15,0.62
2020-07-28,0.14,0.59
2020-07-29,0.12,0.58
2020-07-30,0.11,0.55
2020-07-31,0.11,0.55
2020-08-03,0.11,0.56
2020-08-04,0.11,0.52
2020-08-05,0.11,0.55
2020-08-06,0.11,0.55
2020-08-07,0.13,0.57
2020-08-10,0.14,0.59
2020-08-11,0.16,0.64
2020-08-12,0.16,0.69
2020-08-13,0.16,0.71
2020-08-14,0.14,0.71
2020-08-17,0.14,0.69
2020-08-18,0.14,0.67
2020-08-19,0.14,0.68
2020-08-20,0.13,0.65
2020-08-21,0.16,0.64
2020-08-24,0.14,0.65
2020-08-25,0.15,0.69
2020-08-26,0.16,0.69
2020-08-27,0.16,0.74
2020-08-28,0.14,0.74
2020-08-31,0.14,0.72
2020-09-01,0.13,0.68
2020-09-02,0.14,0.66
2020-09-03,0.13,0.63
2020-09-04,0.14,0.72
2020-09-08,0.14,0.69
2020-09-09,0.14,0.71
2020-09-10,0.14,0.68
2020-09-11,0.13,0.67
2020-09-14,0.14,0.68
2020-09-15,0.14,0.68
2020-09-16,0.14,0.69
2020-09-17,0.13,0.69
2020-09-18,0.14,0.7
2020-09-21,0.14,0.68
2020-09-22,0.13,0.68
2020-09-23,0.14,0.68
2020-09-24,0.14,0.67
2020-09-25,0.12,0.66
2020-09-28,0.14,0.67
2020-09-29,0.11,0.66
2020-09-30,0.13,0.69
2020-10-01,0.14,0.68
2020-10-02,0.13,0.7
2020-10-05,0.14,0.78
2020-10-06,0.14,0.76
2020-10-07,0.16,0.81
2020-10-08,0.13,0.78
2020-10-09,0.16,0.79
2020-10-13,0.16,0.74
2020-10-14,0.14,0.73
2020-10-15,0.14,0.74
2020-10-16,0.14,0.76
2020-10-19,0.16,0.78
2020-10-20,0.14,0.81
2020-10-21,0.14,0.83
2020-10-22,0.16,0.87
2020-10-23,0.18,0.85
2020-10-26,0.16,0.81
2020-10-27,0.16,0.79
2020-10-28,0.16,0.79
2020-10-29,0.16,0.85
2020-10-30,0.14,0.88
2020-11-02,0.16,0.87
2020-11-03,0.17,0.9
2020-11-04,0.14,0.78
2020-11-05,0.14,0.79
2020-11-06,0.16,0.83
2020-11-09,0.17,0.96
2020-11-10,0.19,0.98
2020-11-12,0.17,0.88
2020-11-13,0.17,0.89
2020-11-16,0.19,0.91
2020-11-17,0.18,0.87
2020-11-18,0.16,0.88
2020-11-19,0.18,0.86
2020-11-20,0.16,0.83
2020-11-23,0.16,0.86
2020-11-24,0.16,0.88
2020-11-25,0.17,0.88
2020-11-27,0.16,0.84
2020-11-30,0.16,0.84
2020-12-01,0.17,0.92
2020-12-02,0.16,0.95
2020-12-03,0.16,0.92
2020-12-04,0.16,0.97
2020-12-07,0.14,0.94
2020-12-08,0.14,0.92
2020-12-09,0.16,0.95
2020-12-10,0.14,0.92
2020-12-11,0.11,0.9
2020-12-14,0.13,0.9
2020-12-15,0.11,0.92
2020-12-16,0.13,0.92
2020-12-17,0.13,0.94
2020-12-18,0.13,0.95
2020-12-21,0.13,0.95
2020-12-22,0.13,0.93
2020-12-23,0.13,0.96
2020-12-24,0.13,0.94
2020-12-28,0.13,0.94
2020-12-29,0.12,0.94
2020-12-30,0.12,0.93
2020-12-31,0.13,0.93
2021-01-04,0.11,0.93
2021-01-05,0.13,0.96
2021-01-06,0.14,1.04
2021-01-07,0.14,1.08
2021-01-08,0.14,1.13
2021-01-11,0.14,1.15
2021-01-12,0.14,1.15
2021-01-13,0.14,1.1
2021-01-14,0.16,1.15
2021-01-15,0.13,1.11
2021-01-19,0.14,1.1
2021-01-20,0.13,1.1
2021-01-21,0.13,1.12
2021-01-22,0.13,1.1
2021-01-25,0.13,1.05
2021-01-26,0.11,1.05
2021-01-27,0.12,1.04
2021-01-28,0.12,1.07
2021-01-29,0.11,1.11
2021-02-01,0.11,1.09
2021-02-02,0.11,1.12
2021-02-03,0.11,1.15
2021-02-04,0.11,1.15
2021-02-05,0.09,1.19
2021-02-08,0.11,1.19
2021-02-09,0.11,1.18
2021-02-10,0.11,1.15
2021-02-11,0.11,1.16
2021-02-12,0.11,1.2
2021-02-16,0.13,1.3
2021-02-17,0.11,1.29
2021-02-18,0.11,1.29
2021-02-19,0.11,1.34
2021-02-22,0.11,1.37
2021-02-23,0.11,1.37
2021-02-24,0.12,1.38
2021-02-25,0.17,1.54
2021-02-26,0.14,1.44
2021-03-01,0.13,1.45
2021-03-02,0.13,1.42
2021-03-03,0.14,1.47
2021-03-04,0.14,1.54
2021-03-05,0.14,1.56
2021-03-08,0.17,1.59
2021-03-09,0.17,1.55
2021-03-10,0.16,1.53
2021-03-11,0.14,1.54
2021-03-12,0.14,1.64
2021-03-15,0.14,1.62
2021-03-16,0.15,1.62
2021-03-17,0.13,1.63
2021-03-18,0.16,1.71
2021-03-19,0.16,1.74
2021-03-22,0.15,1.69
2021-03-23,0.15,1.63
2021-03-24,0.14,1.62
2021-03-25,0.14,1.63
2021-03-26,0.14,1.67
2021-03-29,0.14,1.73
2021-03-30,0.16,1.73
2021-03-31,0.16,1.74
2021-04-01,0.17,1.69
2021-04-02,0.19,1.72
2021-04-05,0.17,1.73
2021-04-06,0.16,1.67
2021-04-07,0.16,1.68
2021-04-08,0.14,1.64
2021-04-09,0.16,1.67
2021-04-12,0.18,1.69
2021-04-13,0.16,1.64
2021-04-14,0.16,1.64
2021-04-15,0.16,1.56
2021-04-16,0.16,1.59
2021-04-19,0.16,1.61
2021-04-20,0.15,1.58
2021-04-21,0.15,1.57
2021-04-22,0.16,1.57
2021-04-23,0.16,1.58
2021-04-26,0.18,1.58
2021-04-27,0.17,1.63
2021-04-28,0.17,1.63
2021-04-29,0.16,1.65
2021-04-30,0.16,1.65
2021-05-03,0.16,1.63
2021-05-04,0.16,1.61
2021-05-05,0.16,1.59
2021-05-06,0.16,1.58
2021-05-07,0.14,1.6
2021-05-10,0.16,1.63
2021-05-11,0.16,1.64
2021-05-12,0.16,1.69
2021-05-13,0.16,1.66
2021-05-14,0.16,1.63
2021-05-17,0.16,1.64
2021-05-18,0.16,1.64
2021-05-19,0.16,1.68
2021-05-20,0.15,1.63
2021-05-21,0.17,1.63
2021-05-24,0.15,1.61
2021-05-25,0.15,1.56
2021-05-26,0.14,1.58
2021-05-27,0.14,1.61
2021-05-28,0.14,1.58
2021-06-01,0.16,1.62
2021-06-02,0.13,1.59
2021-06-03,0.16,1.63
2021-06-04,0.14,1.56
2021-06-07,0.16,1.57
2021-06-08,0.14,1.53
2021-06-09,0.16,1.5
2021-06-10,0.14,1.45
2021-06-11,0.16,1.47
2021-06-14,0.16,1.51
2021-06-15,0.16,1.51
2021-06-16,0.21,1.57
2021-06-17,0.23,1.52
2021-06-18,0.26,1.45
2021-06-21,0.27,1.5
2021-06-22,0.25,1.48
2021-06-23,0.26,1.5
2021-06-24,0.26,1.49
2021-06-25,0.28,1.54
2021-06-28,0.25,1.49
2021-06-29,0.27,1.49
2021-06-30,0.25,1.45
2021-07-01,0.25,1.48
2021-07-02,0.24,1.44
2021-07-06,0.22,1.37
2021-07-07,0.22,1.33
2021-07-08,0.19,1.3
2021-07-09,0.23,1.37
2021-07-12,0.23,1.38
2021-07-13,0.26,1.42
2021-07-14,0.23,1.37
2021-07-15,0.23,1.31
2021-07-16,0.25,1.31
2021-07-19,0.21,1.19
2021-07-20,0.2,1.23
2021-07-21,0.22,1.3
2021-07-22,0.2,1.27
2021-07-23,0.22,1.3
2021-07-26,0.22,1.29
2021-07-27,0.2,1.25
2021-07-28,0.2,1.26
2021-07-29,0.2,1.28
2021-07-30,0.19,1.24
2021-08-02,0.17,1.2
2021-08-03,0.17,1.19
2021-08-04,0.17,1.19
2021-08-05,0.21,1.23
2021-08-06,0.21,1.31
2021-08-09,0.23,1.33
2021-08-10,0.24,1.36
2021-08-11,0.23,1.35
2021-08-12,0.23,1.36
2021-08-13,0.23,1.29
2021-08-16,0.21,1.26
2021-08-17,0.23,1.26
2021-08-18,0.23,1.27
2021-08-19,0.22,1.24
2021-08-20,0.23,1.26
2021-08-23,0.23,1.25
2021-08-24,0.24,1.29
2021-08-25,0.23,1.35
2021-08-26,0.25,1.34
2021-08-27,0.22,1.31
2021-08-30,0.2,1.29
2021-08-31,0.2,1.3
2021-09-01,0.2,1.31
2021-09-02,0.2,1.29
2021-09-03,0.21,1.33
2021-09-07,0.22,1.38
2021-09-08,0.22,1.35
2021-09-09,0.23,1.3
2021-09-10,0.23,1.35
2021-09-13,0.21,1.33
2021-09-14,0.21,1.28
2021-09-15,0.21,1.31
2021-09-16,0.23,1.34
2021-09-17,0.23,1.37
2021-09-20,0.23,1.31
2021-09-21,0.22,1.33
2021-09-22,0.25,1.32
2021-09-23,0.27,1.41
2021-09-24,0.29,1.47
2021-09-27,0.31,1.48
2021-09-28,0.31,1.54
2021-09-29,0.3,1.55
2021-09-30,0.28,1.52
2021-10-01,0.27,1.48
2021-10-04,0.27,1.49
2021-10-05,0.28,1.54
2021-10-06,0.3,1.53
2021-10-07,0.32,1.58
2021-10-08,0.32,1.61
2021-10-12,0.35,1.59
2021-10-13,0.37,1.56
2021-10-14,0.36,1.52
2021-10-15,0.41,1.59
2021-10-18,0.44,1.59
2021-10-19,0.41,1.65
2021-10-20,0.4,1.65
2021-10-21,0.45,1.68
2021-10-22,0.48,1.66
2021-10-25,0.47,1.64
2021-10-26,0.47,1.63
2021-10-27,0.5,1.54
2021-10-28,0.5,1.57
2021-10-29,0.48,1.55
2021-11-01,0.5,1.58
2021-11-02,0.46,1.56
2021-11-03,0.47,1.6
2021-11-04,0.41,1.53
2021-11-05,0.39,1.45
2021-11-08,0.45,1.51
2021-11-09,0.41,1.46
2021-11-10,0.51,1.56
2021-11-12,0.53,1.58
2021-11-15,0.53,1.63
2021-11-16,0.54,1.63
2021-11-17,0.52,1.6
2021-11-18,0.52,1.59
2021-11-19,0.52,1.54
2021-11-22,0.63,1.63
2021-11-23,0.6,1.67
2021-11-24,0.64,1.64
2021-11-26,0.5,1.48
2021-11-29,0.51,1.52
2021-11-30,0.52,1.43
2021-12-01,0.56,1.43
2021-12-02,0.63,1.44
2021-12-03,0.6,1.35
2021-12-06,0.65,1.43
2021-12-07,0.7,1.48
2021-12-08,0.68,1.52
2021-12-09,0.7,1.49
2021-12-10,0.67,1.48
2021-12-13,0.66,1.42
2021-12-14,0.67,1.44
2021-12-15,0.69,1.47
2021-12-16,0.64,1.44
2021-12-17,0.66,1.41
2021-12-20,0.65,1.43
2021-12-21,0.7,1.48
2021-12-22,0.68,1.46
2021-12-23,0.71,1.5
2021-12-27,0.76,1.48
2021-12-28,0.74,1.49
2021-12-29,0.75,1.55
2021-12-30,0.73,1.52
2021-12-31,0.73,1.52
2022-01-03,0.78,1.63
2022-01-04,0.77,1.66
2022-01-05,0.83,1.71
2022-01-06,0.88,1.73
2022-01-07,0.87,1.76
2022-01-10,0.92,1.78
2022-01-11,0.9,1.75
2022-01-12,0.92,1.74
2022-01-13,0.91,1.7
2022-01-14,0.99,1.78
2022-01-18,1.06,1.87
2022-01-19,1.04,1.83
2022-01-20,1.08,1.83
2022-01-21,1.01,1.75
2022-01-24,0.99,1.75
2022-01-25,1.02,1.78
2022-01-26,1.13,1.85
2022-01-27,1.18,1.81
2022-01-28,1.15,1.78
2022-01-31,1.18,1.79
2022-02-01,1.18,1.81
2022-02-02,1.16,1.78
2022-02-03,1.19,1.82
2022-02-04,1.31,1.93
2022-02-07,1.3,1.92
2022-02-08,1.35,1.96
2022-02-09,1.36,1.94
2022-02-10,1.61,2.03
2022-02-11,1.5,1.92
2022-02-14,1.58,1.98
2022-02-15,1.58,2.05
2022-02-16,1.52,2.03
2022-02-17,1.49,1.97
2022-02-18,1.47,1.92
2022-02-22,1.56,1.94
2022-02-23,1.58,1.99
2022-02-24,1.54,1.96
2022-02-25,1.55,1.97
2022-02-28,1.44,1.83
2022-03-01,1.31,1.72
2022-03-02,1.5,1.86
2022-03-03,1.53,1.86
2022-03-04,1.5,1.74
2022-03-07,1.55,1.78
2022-03-08,1.63,1.86
2022-03-09,1.68,1.94
2022-03-10,1.72,1.98
2022-03-11,1.75,2.0
2022-03-14,1.87,2.14
2022-03-15,1.85,2.15
2022-03-16,1.95,2.19
2022-03-17,1.94,2.2
2022-03-18,1.97,2.14
2022-03-21,2.14,2.32
2022-03-22,2.18,2.38
2022-03-23,2.13,2.32
2022-03-24,2.13,2.34
2022-03-25,2.3,2.48
2022-03-28,2.35,2.46
2022-03-29,2.35,2.41
2022-03-30,2.31,2.35
2022-03-31,2.28,2.32
2022-04-01,2.44,2.39
2022-04-04,2.43,2.42
2022-04-05,2.51,2.54
2022-04-06,2.5,2.61
2022-04-07,2.47,2.66
2022-04-08,2.53,2.72
2022-04-11,2.5,2.79
2022-04-12,2.39,2.72
2022-04-13,2.37,2.7
2022-04-14,2.47,2.83
2022-04-18,2.46,2.85
2022-04-19,2.61,2.93
2022-04-20,2.6,2.85
2022-04-21,2.68,2.9
2022-04-22,2.72,2.9
2022-04-25,2.63,2.81
2022-04-26,2.54,2.77
2022-04-27,2.58,2.82
2022-04-28,2.63,2.85
2022-04-29,2.7,2.89
2022-05-02,2.73,2.99
2022-05-03,2.78,2.97
2022-05-04,2.66,2.93
2022-05-05,2.71,3.05
2022-05-06,2.72,3.12
2022-05-09,2.61,3.05
2022-05-10,2.62,2.99
2022-05-11,2.66,2.91
2022-05-12,2.56,2.84
2022-05-13,2.61,2.93
2022-05-16,2.58,2.88
2022-05-17,2.71,2.98
2022-05-18,2.68,2.89
2022-05-19,2.63,2.84
2022-05-20,2.6,2.78
2022-05-23,2.65,2.86
2022-05-24,2.5,2.76
2022-05-25,2.48,2.75
2022-05-26,2.46,2.75
2022-05-27,2.47,2.74
2022-05-31,2.53,2.85
2022-06-01,2.66,2.94
2022-06-02,2.65,2.92
2022-06-03,2.66,2.96
2022-06-06,2.73,3.04
2022-06-07,2.75,2.98
2022-06-08,2.78,3.03
2022-06-09,2.83,3.04
2022-06-10,3.06,3.15
2022-06-13,3.4,3.43
2022-06-14,3.45,3.49
2022-06-15,3.2,3.33
2022-06-16,3.14,3.28
2022-06-17,3.17,3.25
2022-06-21,3.21,3.31
2022-06-22,3.06,3.16
2022-06-23,3.01,3.09
2022-06-24,3.04,3.13
2022-06-27,3.08,3.2
2022-06-28,3.1,3.2
2022-06-29,3.06,3.1
2022-06-30,2.92,2.98
2022-07-01,2.84,2.88
2022-07-05,2.82,2.82
2022-07-06,2.97,2.93
2022-07-07,3.03,3.01
2022-07-08,3.12,3.09
2022-07-11,3.07,2.99
2022-07-12,3.03,2.96
2022-07-13,3.13,2.91
2022-07-14,3.15,2.96
2022-07-15,3.13,2.93
2022-07-18,3.15,2.96
2022-07-19,3.23,3.01
2022-07-20,3.25,3.04
2022-07-21,3.1,2.91
2022-07-22,2.98,2.77
2022-07-25,3.0,2.81
2022-07-26,3.02,2.81
2022-07-27,2.96,2.78
2022-07-28,2.85,2.68
2022-07-29,2.89,2.67
2022-08-01,2.9,2.6
2022-08-02,3.06,2.75
2022-08-03,3.1,2.73
2022-08-04,3.03,2.68
2022-08-05,3.24,2.83
2022-08-08,3.21,2.77
2022-08-09,3.28,2.8
2022-08-10,3.23,2.78
2022-08-11,3.23,2.87
2022-08-12,3.25,2.84
2022-08-15,3.2,2.79
2022-08-16,3.25,2.82
2022-08-17,3.28,2.89
2022-08-18,3.22,2.88
2022-08-19,3.25,2.98
2022-08-22,3.32,3.03
2022-08-23,3.29,3.05
2022-08-24,3.36,3.11
2022-08-25,3.35,3.03
2022-08-26,3.37,3.04
2022-08-29,3.42,3.12
2022-08-30,3.46,3.11
2022-08-31,3.45,3.15
2022-09-01,3.51,3.26
2022-09-02,3.4,3.2
2022-09-06,3.5,3.33
2022-09-07,3.45,3.27
2022-09-08,3.48,3.29
2022-09-09,3.56,3.33
2022-09-12,3.58,3.37
2022-09-13,3.75,3.42
2022-09-14,3.78,3.41
2022-09-15,3.87,3.45
2022-09-16,3.85,3.45
2022-09-19,3.95,3.49
2022-09-20,3.96,3.57
2022-09-21,4.02,3.51
2022-09-22,4.11,3.7
2022-09-23,4.2,3.69
2022-09-26,4.27,3.88
2022-09-27,4.3,3.97
2022-09-28,4.07,3.72
2022-09-29,4.16,3.76
2022-09-30,4.22,3.83
2022-10-03,4.12,3.67
2022-10-04,4.1,3.62
2022-10-05,4.15,3.76
2022-10-06,4.23,3.83
2022-10-07,4.3,3.89
2022-10-11,4.3,3.93
2022-10-12,4.28,3.91
2022-10-13,4.47,3.97
2022-10-14,4.48,4.0
2022-10-17,4.45,4.02
2022-10-18,4.43,4.01
2022-10-19,4.55,4.14
2022-10-20,4.62,4.24
2022-10-21,4.49,4.21
2022-10-24,4.5,4.25
2022-10-25,4.42,4.1
2022-10-26,4.39,4.04
2022-10-27,4.3,3.96
2022-10-28,4.41,4.02
2022-10-31,4.51,4.1
2022-11-01,4.54,4.07
2022-11-02,4.61,4.1
2022-11-03,4.71,4.14
2022-11-04,4.66,4.17
2022-11-07,4.72,4.22
2022-11-08,4.67,4.14
2022-11-09,4.61,4.12
2022-11-10,4.34,3.82
2022-11-14,4.4,3.88
2022-11-15,4.37,3.8
2022-11-16,4.35,3.67
2022-11-17,4.43,3.77
2022-11-18,4.51,3.82
2022-11-21,4.48,3.83
2022-11-22,4.47,3.76
2022-11-23,4.46,3.71
2022-11-25,4.42,3.68
2022-11-28,4.46,3.69
2022-11-29,4.48,3.75
2022-11-30,4.38,3.68
2022-12-01,4.25,3.53
2022-12-02,4.28,3.51
2022-12-05,4.41,3.6
2022-12-06,4.34,3.51
2022-12-07,4.26,3.42
2022-12-08,4.31,3.48
2022-12-09,4.33,3.57
2022-12-12,4.39,3.61
2022-12-13,4.22,3.51
2022-12-14,4.23,3.49
2022-12-15,4.23,3.44
2022-12-16,4.17,3.48
2022-12-19,4.25,3.57
2022-12-20,4.25,3.69
2022-12-21,4.21,3.68
2022-12-22,4.24,3.67
2022-12-23,4.31,3.75
2022-12-27,4.32,3.84
2022-12-28,4.31,3.88
2022-12-29,4.34,3.83
2022-12-30,4.41,3.88
2023-01-03,4.4,3.79
2023-01-04,4.36,3.69
2023-01-05,4.45,3.71
2023-01-06,4.24,3.55
2023-01-09,4.19,3.53
2023-01-10,4.24,3.61
2023-01-11,4.2,3.54
2023-01-12,4.12,3.43
2023-01-13,4.22,3.49
2023-01-17,4.18,3.53
2023-01-18,4.06,3.37
2023-01-19,4.09,3.39
2023-01-20,4.14,3.48
2023-01-23,4.21,3.52
2023-01-24,4.12,3.46
2023-01-25,4.11,3.46
2023-01-26,4.17,3.49
2023-01-27,4.19,3.52
2023-01-30,4.25,3.55
2023-01-31,4.21,3.52
2023-02-01,4.09,3.39
2023-02-02,4.09,3.4
2023-02-03,4.3,3.53
2023-02-06,4.44,3.63
2023-02-07,4.47,3.67
2023-02-08,4.45,3.63
2023-02-09,4.48,3.67
2023-02-10,4.5,3.74
2023-02-13,4.52,3.72
2023-02-14,4.6,3.77
2023-02-15,4.62,3.81
2023-02-16,4.62,3.86
2023-02-17,4.6,3.82
2023-02-21,4.67,3.95
2023-02-22,4.66,3.93
2023-02-23,4.66,3.88
2023-02-24,4.78,3.95
2023-02-27,4.78,3.92
2023-02-28,4.81,3.92
2023-03-01,4.89,4.01
2023-03-02,4.89,4.08
2023-03-03,4.86,3.97
2023-03-06,4.89,3.98
2023-03-07,5.0,3.97
2023-03-08,5.05,3.98
2023-03-09,4.9,3.93
2023-03-10,4.6,3.7
2023-03-13,4.03,3.55
2023-03-14,4.2,3.64
2023-03-15,3.93,3.51
2023-03-16,4.14,3.56
2023-03-17,3.81,3.39
2023-03-20,3.92,3.47
2023-03-21,4.17,3.59
2023-03-22,3.96,3.48
2023-03-23,3.76,3.38
2023-03-24,3.76,3.38
2023-03-27,3.94,3.53
2023-03-28,4.02,3.55
2023-03-29,4.08,3.57
2023-03-30,4.1,3.55
2023-03-31,4.06,3.48
2023-04-03,3.97,3.43
2023-04-04,3.84,3.35
2023-04-05,3.79,3.3
2023-04-06,3.82,3.3
2023-04-07,3.97,3.39
2023-04-10,4.0,3.41
2023-04-11,4.03,3.43
2023-04-12,3.95,3.41
2023-04-13,3.96,3.45
2023-04-14,4.08,3.52
2023-04-17,4.18,3.6
2023-04-18,4.19,3.58
2023-04-19,4.24,3.6
2023-04-20,4.14,3.54
2023-04-21,4.17,3.57
2023-04-24,4.12,3.52
2023-04-25,3.86,3.4
2023-04-26,3.9,3.43
2023-04-27,4.07,3.53
2023-04-28,4.04,3.44
2023-05-01,4.14,3.59
2023-05-02,3.97,3.44
2023-05-03,3.89,3.38
2023-05-04,3.75,3.37
2023-05-05,3.92,3.44
2023-05-08,4.0,3.52
2023-05-09,4.01,3.53
2023-05-10,3.9,3.43
2023-05-11,3.89,3.39
2023-05-12,3.98,3.46
2023-05-15,3.99,3.5
2023-05-16,4.06,3.54
2023-05-17,4.12,3.57
2023-05-18,4.24,3.65
2023-05-19,4.28,3.7
2023-05-22,4.29,3.72
2023-05-23,4.26,3.7
2023-05-24,4.31,3.73
2023-05-25,4.5,3.83
2023-05-26,4.54,3.8
2023-05-30,4.46,3.69
2023-05-31,4.4,3.64
2023-06-01,4.33,3.61
2023-06-02,4.5,3.69
2023-06-05,4.46,3.69
2023-06-06,4.51,3.7
2023-06-07,4.56,3.79
2023-06-08,4.52,3.73
2023-06-09,4.59,3.75
2023-06-12,4.55,3.73
2023-06-13,4.67,3.84
2023-06-14,4.74,3.83
2023-06-15,4.62,3.72
2023-06-16,4.7,3.77
2023-06-20,4.68,3.74
2023-06-21,4.68,3.72
2023-06-22,4.77,3.8
2023-06-23,4.71,3.74
2023-06-26,4.65,3.72
2023-06-27,4.74,3.77
2023-06-28,4.71,3.71
2023-06-29,4.87,3.85
2023-06-30,4.87,3.81
2023-07-03,4.94,3.86
2023-07-05,4.94,3.95
2023-07-06,4.99,4.05
2023-07-07,4.94,4.06
2023-07-10,4.85,4.01
2023-07-11,4.88,3.99
2023-07-12,4.72,3.86
2023-07-13,4.59,3.76
2023-07-14,4.74,3.83
2023-07-17,4.74,3.81
2023-07-18,4.74,3.8
2023-07-19,4.74,3.75
2023-07-20,4.8,3.85
2023-07-21,4.82,3.84
2023-07-24,4.81,3.86
2023-07-25,4.85,3.91
2023-07-26,4.82,3.86
2023-07-27,4.91,4.01
2023-07-28,4.87,3.96
2023-07-31,4.88,3.97
2023-08-01,4.92,4.05
2023-08-02,4.88,4.08
2023-08-03,4.9,4.2
2023-08-04,4.78,4.05
2023-08-07,4.76,4.09
2023-08-08,4.74,4.02
2023-08-09,4.79,4.0
2023-08-10,4.82,4.09
2023-08-11,4.89,4.16
2023-08-14,4.96,4.19
2023-08-15,4.92,4.21
2023-08-16,4.97,4.28
2023-08-17,4.94,4.3
2023-08-18,4.92,4.26
2023-08-21,4.97,4.34
2023-08-22,5.02,4.34
2023-08-23,4.95,4.19
2023-08-24,4.98,4.23
2023-08-25,5.03,4.25
2023-08-28,4.98,4.2
2023-08-29,4.87,4.12
2023-08-30,4.9,4.12
2023-08-31,4.85,4.09
2023-09-01,4.87,4.18
2023-09-05,4.94,4.27
2023-09-06,5.01,4.3
2023-09-07,4.94,4.27
2023-09-08,4.98,4.26
2023-09-11,4.97,4.29
2023-09-12,4.98,4.27
2023-09-13,4.96,4.25
2023-09-14,5.0,4.29
2023-09-15,5.02,4.33
2023-09-18,5.05,4.32
2023-09-19,5.08,4.37
2023-09-20,5.12,4.35
2023-09-21,5.12,4.49
2023-09-22,5.1,4.44
2023-09-25,5.09,4.55
2023-09-26,5.04,4.56
2023-09-27,5.1,4.61
2023-09-28,5.04,4.59
2023-09-29,5.03,4.59
2023-10-02,5.12,4.69
2023-10-03,5.15,4.81
2023-10-04,5.05,4.73
2023-10-05,5.03,4.72
2023-10-06,5.08,4.78
2023-10-10,4.96,4.66
2023-10-11,4.99,4.58
2023-10-12,5.06,4.7
2023-10-13,5.04,4.63
2023-10-16,5.09,4.71
2023-10-17,5.19,4.83
2023-10-18,5.19,4.91
2023-10-19,5.14,4.98
2023-10-20,5.07,4.93
2023-10-23,5.05,4.86
2023-10-24,5.02,4.83
2023-10-25,5.08,4.95
2023-10-26,5.02,4.86
2023-10-27,4.99,4.84
2023-10-30,5.03,4.88
2023-10-31,5.07,4.88
2023-11-01,4.95,4.77
2023-11-02,4.98,4.67
2023-11-03,4.83,4.57
2023-11-06,4.93,4.67
2023-11-07,4.91,4.58
2023-11-08,4.93,4.49
2023-11-09,5.03,4.62
2023-11-10,5.04,4.61
2023-11-13,5.02,4.63
2023-11-14,4.8,4.44
2023-11-15,4.9,4.53
2023-11-16,4.83,4.45
2023-11-17,4.88,4.44
2023-11-20,4.89,4.42
2023-11-21,4.86,4.41
2023-11-22,4.89,4.42
2023-11-24,4.92,4.47
2023-11-27,4.84,4.39
2023-11-28,4.73,4.34
2023-11-29,4.64,4.27
2023-11-30,4.73,4.37
2023-12-01,4.56,4.22
2023-12-04,4.64,4.28
2023-12-05,4.57,4.18
2023-12-06,4.6,4.12
2023-12-07,4.58,4.14
2023-12-08,4.71,4.23
2023-12-11,4.71,4.23
2023-12-12,4.73,4.2
2023-12-13,4.46,4.04
2023-12-14,4.37,3.92
2023-12-15,4.44,3.91
2023-12-18,4.43,3.95
2023-12-19,4.41,3.93
2023-12-20,4.34,3.86
2023-12-21,4.33,3.89
2023-12-22,4.31,3.9
2023-12-26,4.26,3.89
2023-12-27,4.2,3.79
2023-12-28,4.26,3.84
2023-12-29,4.23,3.88
2024-01-02,4.33,3.95
2024-01-03,4.33,3.91
2024-01-04,4.38,3.99
2024-01-05,4.4,4.05
2024-01-08,4.36,4.01
2024-01-09,4.36,4.02
2024-01-10,4.37,4.04
2024-01-11,4.26,3.98
2024-01-12,4.14,3.96
2024-01-16,4.22,4.07
2024-01-17,4.34,4.1
2024-01-18,4.34,4.14
2024-01-19,4.39,4.15
2024-01-22,4.37,4.11
2024-01-23,4.31,4.14
2024-01-24,4.34,4.18
2024-01-25,4.28,4.14
2024-01-26,4.34,4.15
2024-01-29,4.29,4.08
2024-01-30,4.36,4.06
2024-01-31,4.27,3.99
2024-02-01,4.2,3.87
2024-02-02,4.36,4.03
2024-02-05,4.46,4.17
2024-02-06,4.39,4.09
2024-02-07,4.41,4.09
2024-02-08,4.46,4.15
2024-02-09,4.48,4.17
2024-02-12,4.46,4.17
2024-02-13,4.64,4.31
2024-02-14,4.56,4.27
2024-02-15,4.56,4.24
2024-02-16,4.64,4.3
2024-02-20,4.59,4.27
2024-02-21,4.64,4.32
2024-02-22,4.69,4.33
2024-02-23,4.67,4.26
2024-02-26,4.69,4.28
2024-02-27,4.7,4.31
2024-02-28,4.64,4.27
2024-02-29,4.64,4.25
2024-03-01,4.54,4.19
2024-03-04,4.61,4.22
2024-03-05,4.54,4.13
2024-03-06,4.55,4.11
2024-03-07,4.5,4.09
2024-03-08,4.48,4.09
2024-03-11,4.51,4.1
2024-03-12,4.58,4.16
2024-03-13,4.61,4.19
2024-03-14,4.68,4.29
2024-03-15,4.72,4.31
2024-03-18,4.73,4.34
2024-03-19,4.68,4.3
2024-03-20,4.59,4.27
2024-03-21,4.62,4.27
2024-03-22,4.59,4.22
2024-03-25,4.54,4.25
2024-03-26,4.56,4.24
2024-03-27,4.54,4.2
2024-03-28,4.59,4.2
2024-04-01,4.72,4.33
2024-04-02,4.7,4.36
2024-04-03,4.68,4.36
2024-04-04,4.65,4.31
2024-04-05,4.73,4.39
2024-04-08,4.78,4.42
2024-04-09,4.74,4.36
2024-04-10,4.97,4.55
2024-04-11,4.93,4.56
2024-04-12,4.88,4.5
2024-04-15,4.93,4.63
2024-04-16,4.97,4.67
2024-04-17,4.93,4.59
2024-04-18,4.98,4.64
2024-04-19,4.97,4.62
2024-04-22,4.97,4.62
2024-04-23,4.86,4.61
2024-04-24,4.89,4.65
2024-04-25,4.96,4.7
2024-04-26,4.96,4.67
2024-04-29,4.97,4.63
2024-04-30,5.04,4.69
2024-05-01,4.96,4.63
2024-05-02,4.87,4.58
2024-05-03,4.81,4.5
2024-05-06,4.82,4.49
2024-05-07,4.82,4.47
2024-05-08,4.84,4.48
2024-05-09,4.8,4.45
2024-05-10,4.87,4.5
2024-05-13,4.85,4.48
2024-05-14,4.81,4.45
2024-05-15,4.73,4.36
2024-05-16,4.78,4.38
2024-05-17,4.83,4.42
2024-05-20,4.82,4.44
2024-05-21,4.82,4.41
2024-05-22,4.86,4.43
2024-05-23,4.91,4.47
2024-05-24,4.93,4.46
2024-05-28,4.94,4.54
2024-05-29,4.96,4.61
2024-05-30,4.92,4.55
2024-05-31,4.89,4.51
2024-06-03,4.82,4.41
2024-06-04,4.77,4.33
2024-06-05,4.72,4.29
2024-06-06,4.72,4.28
2024-06-07,4.87,4.43
2024-06-10,4.87,4.47
2024-06-11,4.81,4.39
2024-06-12,4.75,4.31
2024-06-13,4.68,4.24
2024-06-14,4.67,4.2
2024-06-17,4.75,4.28
2024-06-18,4.69,4.22
2024-06-20,4.7,4.25
2024-06-21,4.7,4.25
2024-06-24,4.71,4.25
2024-06-25,4.65,4.23
2024-06-26,4.71,4.32
2024-06-27,4.7,4.29
2024-06-28,4.71,4.36
2024-07-01,4.77,4.48
2024-07-02,4.74,4.43
2024-07-03,4.71,4.36
2024-07-05,4.6,4.28
2024-07-08,4.62,4.28
2024-07-09,4.62,4.3
2024-07-10,4.62,4.28
2024-07-11,4.5,4.2
2024-07-12,4.45,4.18
2024-07-15,4.44,4.23
2024-07-16,4.43,4.17
2024-07-17,4.42,4.16
2024-07-18,4.46,4.2
2024-07-19,4.49,4.25
2024-07-22,4.5,4.26
2024-07-23,4.4,4.25
2024-07-24,4.37,4.28
2024-07-25,4.41,4.27
2024-07-26,4.36,4.2
2024-07-29,4.36,4.17
2024-07-30,4.35,4.15
2024-07-31,4.29,4.09
2024-08-01,4.16,3.99
2024-08-02,3.88,3.8
2024-08-05,3.89,3.78
2024-08-06,3.99,3.9
2024-08-07,4.0,3.96
2024-08-08,4.04,3.99
2024-08-09,4.05,3.94
2024-08-12,4.01,3.9
2024-08-13,3.93,3.85
2024-08-14,3.94,3.83
2024-08-15,4.08,3.92
2024-08-16,4.06,3.89
2024-08-19,4.06,3.86
2024-08-20,3.99,3.82
2024-08-21,3.92,3.79
2024-08-22,3.99,3.86
2024-08-23,3.9,3.81
2024-08-26,3.91,3.82
2024-08-27,3.83,3.83
2024-08-28,3.83,3.84
2024-08-29,3.87,3.87
2024-08-30,3.91,3.91
2024-09-03,3.88,3.84
2024-09-04,3.76,3.77
2024-09-05,3.75,3.73
2024-09-06,3.66,3.72
2024-09-09,3.68,3.7
2024-09-10,3.59,3.65
2024-09-11,3.62,3.65
2024-09-12,3.64,3.68
2024-09-13,3.57,3.66
2024-09-16,3.56,3.63
2024-09-17,3.59,3.65
2024-09-18,3.61,3.7
2024-09-19,3.59,3.73
2024-09-20,3.55,3.73
2024-09-23,3.57,3.75
2024-09-24,3.49,3.74
2024-09-25,3.53,3.79
2024-09-26,3.6,3.79
2024-09-27,3.55,3.75
2024-09-30,3.66,3.81
2024-10-01,3.61,3.74
2024-10-02,3.63,3.79
2024-10-03,3.7,3.85
2024-10-04,3.93,3.98
2024-10-07,3.99,4.03
2024-10-08,3.98,4.04
2024-10-09,3.99,4.06
2024-10-10,3.98,4.09
2024-10-11,3.95,4.08
2024-10-15,3.95,4.03
2024-10-16,3.93,4.02
2024-10-17,3.96,4.09
2024-10-18,3.95,4.08
2024-10-21,4.02,4.19
2024-10-22,4.03,4.2
2024-10-23,4.07,4.24
2024-10-24,4.07,4.21
2024-10-25,4.11,4.25
2024-10-28,4.12,4.28
2024-10-29,4.11,4.28
2024-10-30,4.15,4.29
2024-10-31,4.16,4.28
2024-11-01,4.21,4.37
2024-11-04,4.17,4.31
2024-11-05,4.19,4.26
2024-11-06,4.27,4.42
2024-11-07,4.21,4.31
2024-11-08,4.26,4.3
2024-11-12,4.34,4.43
2024-11-13,4.27,4.44
2024-11-14,4.34,4.43
2024-11-15,4.31,4.43
2024-11-18,4.29,4.42
2024-11-19,4.27,4.39
2024-11-20,4.31,4.41
2024-11-21,4.34,4.43
2024-11-22,4.37,4.41
2024-11-25,4.21,4.27
2024-11-26,4.21,4.3
2024-11-27,4.19,4.25
2024-11-29,4.13,4.18
2024-12-02,4.17,4.19
2024-12-03,4.17,4.23
2024-12-04,4.13,4.19
2024-12-05,4.15,4.17
2024-12-06,4.1,4.15
2024-12-09,4.13,4.2
2024-12-10,4.15,4.22
2024-12-11,4.15,4.26
2024-12-12,4.18,4.32
2024-12-13,4.25,4.4
2024-12-16,4.25,4.39
2024-12-17,4.25,4.4
2024-12-18,4.35,4.5
2024-12-19,4.32,4.57
2024-12-20,4.3,4.52
2024-12-23,4.3,4.59
2024-12-24,4.29,4.59
2024-12-26,4.3,4.58
2024-12-27,4.31,4.62
2024-12-30,4.24,4.55
2024-12-31,4.25,4.58
2025-01-02,4.25,4.57
2025-01-03,4.28,4.6
2025-01-06,4.28,4.62
2025-01-07,4.3,4.67
2025-01-08,4.28,4.67
2025-01-09,4.27,4.68
2025-01-10,4.4,4.77
2025-01-13,4.4,4.79
2025-01-14,4.37,4.78
2025-01-15,4.27,4.66
2025-01-16,4.23,4.61
2025-01-17,4.27,4.61
2025-01-21,4.29,4.57
2025-01-22,4.29,4.6
2025-01-23,4.29,4.65
2025-01-24,4.27,4.63
2025-01-27,4.17,4.53
2025-01-28,4.19,4.55
2025-01-29,4.21,4.55
2025-01-30,4.18,4.52
2025-01-31,4.22,4.58
2025-02-03,4.26,4.54
2025-02-04,4.21,4.52
2025-02-05,4.17,4.43
2025-02-06,4.21,4.45
2025-02-07,4.29,4.49
2025-02-10,4.28,4.51
2025-02-11,4.29,4.54
2025-02-12,4.36,4.62
2025-02-13,4.31,4.52
2025-02-14,4.26,4.47
2025-02-18,4.29,4.55
2025-02-19,4.28,4.53
2025-02-20,4.28,4.5
2025-02-21,4.19,4.42
2025-02-24,4.13,4.4
2025-02-25,4.07,4.3
2025-02-26,4.05,4.25
2025-02-27,4.07,4.29
2025-02-28,3.99,4.24
2025-03-03,3.96,4.16
2025-03-04,3.96,4.22
2025-03-05,3.99,4.28
2025-03-06,3.96,4.29
2025-03-07,3.99,4.32
2025-03-10,3.89,4.22
2025-03-11,3.94,4.28
2025-03-12,4.01,4.32
2025-03-13,3.94,4.27
2025-03-14,4.02,4.31
2025-03-17,4.06,4.31
2025-03-18,4.04,4.29
2025-03-19,3.99,4.25
2025-03-20,3.95,4.24
2025-03-21,3.94,4.25
2025-03-24,4.04,4.34
2025-03-25,3.96,4.31
2025-03-26,3.98,4.35
2025-03-27,3.97,4.38
2025-03-28,3.89,4.27
2025-03-31,3.89,4.23
2025-04-01,3.87,4.17
2025-04-02,3.91,4.2
2025-04-03,3.71,4.06
2025-04-04,3.68,4.01
2025-04-07,3.73,4.15
2025-04-08,3.71,4.26
2025-04-09,3.91,4.34
2025-04-10,3.84,4.4
2025-04-11,3.96,4.48
2025-04-14,3.84,4.38
2025-04-15,3.84,4.35
2025-04-16,3.77,4.29
2025-04-17,3.81,4.34
2025-04-21,3.75,4.42
2025-04-22,3.76,4.41
2025-04-23,3.81,4.4
2025-04-24,3.77,4.32
2025-04-25,3.74,4.29
2025-04-28,3.67,4.23
2025-04-29,3.65,4.19
2025-04-30,3.6,4.17
2025-05-01,3.7,4.25
2025-05-02,3.83,4.33
2025-05-05,3.83,4.36
2025-05-06,3.78,4.3
2025-05-07,3.78,4.26
2025-05-08,3.9,4.37
2025-05-09,3.88,4.37
2025-05-12,3.98,4.45
2025-05-13,4.02,4.49
2025-05-14,4.05,4.53
2025-05-15,3.96,4.45
2025-05-16,3.98,4.43
2025-05-19,3.97,4.46
2025-05-20,3.97,4.48
2025-05-21,4.0,4.58
2025-05-22,4.0,4.54
2025-05-23,4.0,4.51
2025-05-27,3.92,4.43
2025-05-28,3.96,4.47
2025-05-29,3.92,4.43
2025-05-30,3.89,4.41
2025-06-02,3.94,4.46
2025-06-03,3.96,4.46
2025-06-04,3.87,4.37
2025-06-05,3.92,4.4
2025-06-06,4.04,4.51
2025-06-09,4.01,4.49
2025-06-10,4.01,4.47
2025-06-11,3.94,4.41
2025-06-12,3.9,4.36
2025-06-13,3.96,4.41
2025-06-16,3.97,4.46
2025-06-17,3.94,4.39
2025-06-18,3.94,4.38
2025-06-20,3.9,4.38
2025-06-23,3.84,4.34
2025-06-24,3.75,4.3
2025-06-25,3.74,4.29
2025-06-26,3.7,4.26
2025-06-27,3.73,4.29
2025-06-30,3.72,4.24
2025-07-01,3.78,4.26
2025-07-02,3.78,4.3
2025-07-03,3.88,4.35
2025-07-07,3.9,4.4
2025-07-08,3.9,4.42
2025-07-09,3.86,4.34
2025-07-10,3.86,4.35
2025-07-11,3.9,4.43
2025-07-14,3.9,4.43
2025-07-15,3.95,4.5
2025-07-16,3.88,4.46
2025-07-17,3.91,4.47
2025-07-18,3.88,4.44
2025-07-21,3.85,4.38
2025-07-22,3.83,4.35
2025-07-23,3.88,4.4
2025-07-24,3.91,4.43
2025-07-25,3.91,4.4
2025-07-28,3.91,4.42
2025-07-29,3.86,4.34
2025-07-30,3.94,4.38
2025-07-31,3.94,4.37
2025-08-01,3.69,4.23
2025-08-04,3.69,4.22
2025-08-05,3.72,4.22
2025-08-06,3.69,4.22
2025-08-07,3.72,4.23
2025-08-08,3.76,4.27
2025-08-11,3.76,4.27
2025-08-12,3.72,4.29
2025-08-13,3.67,4.24
2025-08-14,3.74,4.29
2025-08-15,3.75,4.33
2025-08-18,3.77,4.34
2025-08-19,3.75,4.3
2025-08-20,3.74,4.29
2025-08-21,3.79,4.33
2025-08-22,3.68,4.26
2025-08-25,3.73,4.28
2025-08-26,3.61,4.26
2025-08-27,3.59,4.24
2025-08-28,3.62,4.22
2025-08-29,3.59,4.23
2025-09-02,3.66,4.28
2025-09-03,3.61,4.22
2025-09-04,3.59,4.17
2025-09-05,3.51,4.1
2025-09-08,3.49,4.05
2025-09-09,3.54,4.08
2025-09-10,3.54,4.04
2025-09-11,3.52,4.01
2025-09-12,3.56,4.06
2025-09-15,3.54,4.05
2025-09-16,3.51,4.04
2025-09-17,3.52,4.06
2025-09-18,3.57,4.11
2025-09-19,3.57,4.14
2025-09-22,3.61,4.15
2025-09-23,3.53,4.12
2025-09-24,3.57,4.16
2025-09-25,3.64,4.18
2025-09-26,3.63,4.2
2025-09-29,3.63,4.15
2025-09-30,3.6,4.16
2025-10-01,3.55,4.12
2025-10-02,3.55,4.1
2025-10-03,3.58,4.13
2025-10-06,3.6,4.18
2025-10-07,3.57,4.14
2025-10-08,3.58,4.13
2025-10-09,3.6,4.14
2025-10-10,3.52,4.05
2025-10-14,3.48,4.03
2025-10-15,3.5,4.05
2025-10-16,3.41,3.99
2025-10-17,3.46,4.02
2025-10-20,3.46,4.0
2025-10-21,3.45,3.98
2025-10-22,3.45,3.97
2025-10-23,3.48,4.01
2025-10-24,3.48,4.02
2025-10-27,3.48,4.01
2025-10-28,3.47,3.99
2025-10-29,3.59,4.08
2025-10-30,3.61,4.11
2025-10-31,3.6,4.11
2025-11-03,3.6,4.13
2025-11-04,3.58,4.1
2025-11-05,3.63,4.17
2025-11-06,3.57,4.11
2025-11-07,3.55,4.11
2025-11-10,3.58,4.13
2025-11-12,3.56,4.08
2025-11-13,3.58,4.11
2025-11-14,3.62,4.14
2025-11-17,3.6,4.13
2025-11-18,3.58,4.12
2025-11-19,3.58,4.13
2025-11-20,3.55,4.1
2025-11-21,3.51,4.06
2025-11-24,3.46,4.04
2025-11-25,3.43,4.01
2025-11-26,3.45,4.0
2025-11-28,3.47,4.02
2025-12-01,3.54,4.09
2025-12-02,3.51,4.09
2025-12-03,3.49,4.06
2025-12-04,3.52,4.11
2025-12-05,3.56,4.14
2025-12-08,3.57,4.17
2025-12-09,3.61,4.18
2025-12-10,3.54,4.13
2025-12-11,3.52,4.14
2025-12-12,3.52,4.19
2025-12-15,3.51,4.18
2025-12-16,3.48,4.15
2025-12-17,3.49,4.16
2025-12-18,3.46,4.12
2025-12-19,3.48,4.16
2025-12-22,3.44,4.17
2025-12-23,3.48,4.18
2025-12-24,3.47,4.15
2025-12-26,3.46,4.14
2025-12-29,3.45,4.12
2025-12-30,3.45,4.14
2025-12-31,3.47,4.18
2026-01-02,3.47,4.19
2026-01-05,3.46,4.17
2026-01-06,3.47,4.18
2026-01-07,3.47,4.15
2026-01-08,3.49,4.19
2026-01-09,3.54,4.18
2026-01-12,3.54,4.19
2026-01-13,3.53,4.18
2026-01-14,3.51,4.15
2026-01-15,3.56,4.17
2026-01-16,3.59,4.24
2026-01-20,3.6,4.3
2026-01-21,3.6,4.26
2026-01-22,3.61,4.26
2026-01-23,3.6,4.24
2026-01-26,3.56,4.22
2026-01-27,3.53,4.24
2026-01-28,3.56,4.26
2026-01-29,3.53,4.24
2026-01-30,3.52,4.26
2026-02-02,3.57,4.29
2026-02-03,3.57,4.28
2026-02-04,3.57,4.29
2026-02-05,3.47,4.21
2026-02-06,3.5,4.22
2026-02-09,3.48,4.22
2026-02-10,3.45,4.16
2026-02-11,3.52,4.18
2026-02-12,3.47,4.09
2026-02-13,3.4,4.04
2026-02-17,3.43,4.05
2026-02-18,3.47,4.09
2026-02-19,3.47,4.08
2026-02-20,3.48,4.08
2026-02-23,3.43,4.03
2026-02-24,3.43,4.04
2026-02-25,3.45,4.05
2026-02-26,3.42,4.02
2026-02-27,3.38,3.97
2026-03-02,3.47,4.05
2026-03-03,3.51,4.06
2026-03-04,3.54,4.09
2026-03-05,3.57,4.13
2026-03-06,3.56,4.15
2026-03-09,3.56,4.12
2026-03-10,3.57,4.15
2026-03-11,3.64,4.21
2026-03-12,3.76,4.27
2026-03-13,3.73,4.28
2026-03-16,3.68,4.23
2026-03-17,3.68,4.2
2026-03-18,3.76,4.26
2026-03-19,3.79,4.25
2026-03-20,3.88,4.39
2026-03-23,3.83,4.34
2026-03-24,3.9,4.39
2026-03-25,3.84,4.33
2026-03-26,3.96,4.42
2026-03-27,3.88,4.44
2026-03-30,3.82,4.35
2026-03-31,3.79,4.3
2026-04-01,3.81,4.33
2026-04-02,3.79,4.31
2026-04-03,3.84,4.35
2026-04-06,3.84,4.34
2026-04-07,3.81,4.33
2026-04-08,3.79,4.29
2026-04-09,3.78,4.29
2026-04-10,3.81,4.31
2026-04-13,3.78,4.3
2026-04-14,3.76,4.26
2026-04-15,3.76,4.29
2026-04-16,3.78,4.32
2026-04-17,3.71,4.26
2026-04-20,3.72,4.26
2026-04-21,3.78,4.3
2026-04-22,3.79,4.3
2026-04-23,3.83,4.34
2026-04-24,3.78,4.31
2026-04-27,3.78,4.35
2026-04-28,3.84,4.36
2026-04-29,3.92,4.42
2026-04-30,3.88,4.4
2026-05-01,3.88,4.39
2026-05-04,3.95,4.45
2026-05-05,3.93,4.43
2026-05-06,3.87,4.36
2026-05-07,3.92,4.41
2026-05-08,3.9,4.38
2026-05-11,3.95,4.42
2026-05-12,4.0,4.46
2026-05-13,3.98,4.46
2026-05-14,4.0,4.47
2026-05-15,4.09,4.59
2026-05-18,4.07,4.61
2026-05-19,4.13,4.67
2026-05-20,4.04,4.57
2026-05-21,4.08,4.57
2026-05-22,4.13,4.56
2026-05-26,4.01,4.5
2026-05-27,4.0,4.48
2026-05-28,3.99,4.45
2026-05-29,3.98,4.45
2026-06-01,4.05,4.47
2026-06-02,4.05,4.46
2026-06-03,4.08,4.49
2026-06-04,4.05,4.47
2026-06-05,4.17,4.55
2026-06-08,4.15,4.56
2026-06-09,4.13,4.53
2026-06-10,4.13,4.55
2026-06-11,4.05,4.45
2026-06-12,4.09,4.48
2026-06-15,4.07,4.47
2026-06-16,4.05,4.43
2026-06-17,4.2,4.49
2026-06-18,4.19,4.46
2026-06-22,4.24,4.51
2026-06-23,4.16,4.5
2026-06-24,4.11,4.41
2026-06-25,4.09,4.4
2026-06-26,4.07,4.38
2026-06-29,4.1,4.38
2026-06-30,4.14,4.44
2026-07-01,4.17,4.48
2026-07-02,4.14,4.49
2026-07-06,4.13,4.48
2026-07-07,4.19,4.55
2026-07-08,4.21,4.56
2026-07-09,4.16,4.54
2026-07-10,4.21,4.56
2026-07-13,4.26,4.62
2026-07-14,4.18,4.58
2026-07-15,4.13,4.55
2026-07-16,4.16,4.57
2026-07-17,4.18,4.55
2026-07-20,4.21,4.6
2026-07-21,4.26,4.63
2026-07-22,4.31,4.67
2026-07-23,4.37,4.71
2026-07-24,4.33,4.69
2026-07-27,4.31,4.65
2026-07-28,4.26,4.61
2026-07-29,4.22,4.67
2026-07-30,4.23,4.68
2026-07-31,4.28,4.75
2026-08-03,4.25,4.7
2026-08-04,4.2,4.63
2026-08-05,4.18,4.63
2026-08-06,4.25,4.69
2026-08-07,4.19,4.65
2026-08-10,4.25,4.72
2026-08-11,4.22,4.7
2026-08-12,4.2,4.68
2026-08-13,4.15,4.63
2026-08-14,4.17,4.68
2026-08-17,4.19,4.72
2026-08-18,4.19,4.71
2026-08-19,4.19,4.65
2026-08-20,4.19,4.69
2026-08-21,4.24,4.74
2026-08-24,4.24,4.7
2026-08-25,4.17,4.64
2026-08-26,4.19,4.66
2026-08-27,4.2,4.67
2026-08-28,4.34,4.73
2026-08-31,4.34,4.75
2026-09-01,4.39,4.79
2026-09-02,4.39,4.79
2026-09-03,4.34,4.77
2026-09-04,4.37,4.78
2026-09-08,4.39,4.8
2026-09-09,4.43,4.83
2026-09-10,4.56,4.95
2026-09-11,4.63,4.96
2026-09-14,4.65,4.97
2026-09-15,4.67,5.0
2026-09-16,4.74,5.01
2026-09-17,4.67,4.94
2026-09-18,4.76,5.01
2026-09-21,4.76,4.96
2026-09-22,4.71,4.96
2026-09-23,4.85,5.11
2026-09-24,4.87,5.18
2026-09-25,4.81,5.17
2026-09-28,4.92,5.24
2026-09-29,4.89,5.26
2026-09-30,4.88,5.29
